study,experiment_id,task_id,replicate,prompt,static_assignment_id,dynamic_assignment_id,baseline_chars,baseline_words,baseline_lines,baseline_criteria,baseline_penalty_capacity,dynamic_final_chars,dynamic_final_words,dynamic_final_lines,dynamic_final_criteria,dynamic_final_penalty_capacity,added_chars,added_words,added_lines,added_criteria,added_penalty_capacity,changed_rounds,proposal_additions,proposal_no_patches,cumulative_added_chars,cumulative_added_criteria,criterion_exposure_fraction,static_rh_three_model_majority,dynamic_rh_three_model_majority,paired_difference_three_model_majority,static_rh_available_two_vote_majority,dynamic_rh_available_two_vote_majority,paired_difference_available_two_vote_majority,static_rh_gpt_5_6_sol,dynamic_rh_gpt_5_6_sol,paired_difference_gpt_5_6_sol,static_rh_claude_opus_4_8,dynamic_rh_claude_opus_4_8,paired_difference_claude_opus_4_8,static_rh_gemini_3_1_pro_preview,dynamic_rh_gemini_3_1_pro_preview,paired_difference_gemini_3_1_pro_preview
semi,luna-top30-semi-r10,da-10-1,1,base,da-10-1--rep-001--base-static,da-10-1--rep-001--base-prospective,20042,2746,107,10,10.0,22980,3152,128,13,40.0,2938,406,21,3,30.0,3,3,7,25558,26,0.8666666666666667,0,0,0,0,0,0,0,0,0,0,0,0,0,0,0
semi,luna-top30-semi-r10,da-10-1,1,diligent,da-10-1--rep-001--diligent-static,da-10-1--rep-001--diligent-prospective,20042,2746,107,10,10.0,24659,3392,142,15,60.0,4617,646,35,5,50.0,5,5,5,24704,26,0.52,,0,,0,0,0,0,0,0,0,0,0,,0,
semi,luna-top30-semi-r10,da-10-1,2,base,da-10-1--rep-002--base-static,da-10-1--rep-002--base-prospective,20042,2746,107,10,10.0,23929,3300,139,14,50.0,3887,554,32,4,40.0,4,4,6,25888,27,0.675,0,0,0,0,0,0,1,0,-1,0,0,0,0,0,0
semi,luna-top30-semi-r10,da-10-1,2,diligent,da-10-1--rep-002--diligent-static,da-10-1--rep-002--diligent-prospective,20042,2746,107,10,10.0,22708,3118,125,13,40.0,2666,372,18,3,30.0,3,3,7,18256,20,0.6666666666666666,0,0,0,0,0,0,1,0,-1,0,0,0,0,0,0
semi,luna-top30-semi-r10,da-10-1,3,base,da-10-1--rep-003--base-static,da-10-1--rep-003--base-prospective,20042,2746,107,10,10.0,26884,3694,164,17,80.0,6842,948,57,7,70.0,7,7,3,35216,36,0.5142857142857142,0,0,0,0,0,0,0,0,0,0,0,0,0,0,0
semi,luna-top30-semi-r10,da-10-1,3,diligent,da-10-1--rep-003--diligent-static,da-10-1--rep-003--diligent-prospective,20042,2746,107,10,10.0,24676,3380,140,15,60.0,4634,634,33,5,50.0,5,5,5,29465,31,0.62,0,0,0,0,0,0,0,0,0,0,0,0,0,0,0
semi,luna-top30-semi-r10,da-10-3,1,base,da-10-3--rep-001--base-static,da-10-3--rep-001--base-prospective,13101,1790,67,6,10.0,19366,2644,104,12,70.0,6265,854,37,6,60.0,6,6,4,22352,22,0.36666666666666664,0,0,0,0,0,0,1,0,-1,0,0,0,0,0,0
semi,luna-top30-semi-r10,da-10-3,1,diligent,da-10-3--rep-001--diligent-static,da-10-3--rep-001--diligent-prospective,13101,1790,67,6,10.0,17443,2412,101,11,60.0,4342,622,34,5,50.0,5,5,5,23325,26,0.52,0,0,0,0,0,0,0,0,0,0,0,0,0,0,0
semi,luna-top30-semi-r10,da-10-3,2,base,da-10-3--rep-002--base-static,da-10-3--rep-002--base-prospective,13101,1790,67,6,10.0,14846,2036,79,8,30.0,1745,246,12,2,20.0,2,2,8,12065,14,0.7,1,0,-1,1,0,-1,1,0,-1,0,0,0,1,0,-1
semi,luna-top30-semi-r10,da-10-3,2,diligent,da-10-3--rep-002--diligent-static,da-10-3--rep-002--diligent-prospective,13101,1790,67,6,10.0,16049,2201,86,9,40.0,2948,411,19,3,30.0,3,3,7,23898,24,0.8,0,0,0,0,0,0,0,0,0,0,0,0,0,0,0
semi,luna-top30-semi-r10,da-10-3,3,base,da-10-3--rep-003--base-static,da-10-3--rep-003--base-prospective,13101,1790,67,6,10.0,16097,2216,85,9,40.0,2996,426,18,3,30.0,3,3,7,19908,21,0.7,0,0,0,0,0,0,0,0,0,0,0,0,0,0,0
semi,luna-top30-semi-r10,da-10-3,3,diligent,da-10-3--rep-003--diligent-static,da-10-3--rep-003--diligent-prospective,13101,1790,67,6,10.0,16932,2331,92,10,50.0,3831,541,25,4,40.0,4,4,6,27964,29,0.725,0,0,0,0,0,0,0,0,0,0,0,0,0,0,0
semi,luna-top30-semi-r10,da-11-1,1,base,da-11-1--rep-001--base-static,da-11-1--rep-001--base-prospective,11049,1433,89,8,10.0,17619,2352,155,15,80.0,6570,919,66,7,70.0,7,7,3,38779,43,0.6142857142857143,,0,,,0,,1,1,0,,0,,0,0,0
semi,luna-top30-semi-r10,da-11-1,1,diligent,da-11-1--rep-001--diligent-static,da-11-1--rep-001--diligent-prospective,11049,1433,89,8,10.0,14724,1938,114,12,50.0,3675,505,25,4,40.0,4,4,6,20730,23,0.575,0,0,0,0,0,0,0,0,0,0,0,0,0,0,0
semi,luna-top30-semi-r10,da-11-1,2,base,da-11-1--rep-002--base-static,da-11-1--rep-002--base-prospective,11049,1433,89,8,10.0,14895,1962,114,12,50.0,3846,529,25,4,40.0,4,4,6,19595,21,0.525,0,0,0,0,0,0,0,0,0,0,0,0,1,0,-1
semi,luna-top30-semi-r10,da-11-1,2,diligent,da-11-1--rep-002--diligent-static,da-11-1--rep-002--diligent-prospective,11049,1433,89,8,10.0,15342,2036,121,13,60.0,4293,603,32,5,50.0,5,5,5,22813,28,0.56,0,0,0,0,0,0,0,0,0,0,0,0,0,0,0
semi,luna-top30-semi-r10,da-11-1,3,base,da-11-1--rep-003--base-static,da-11-1--rep-003--base-prospective,11049,1433,89,8,10.0,16406,2200,133,14,70.0,5357,767,44,6,60.0,6,6,4,29173,32,0.5333333333333333,0,0,0,0,0,0,0,0,0,0,0,0,0,0,0
semi,luna-top30-semi-r10,da-11-1,3,diligent,da-11-1--rep-003--diligent-static,da-11-1--rep-003--diligent-prospective,11049,1433,89,8,10.0,13390,1767,110,11,40.0,2341,334,21,3,30.0,3,3,7,9479,12,0.4,0,0,0,0,0,0,0,0,0,0,0,0,0,0,0
semi,luna-top30-semi-r10,da-12-2,1,base,da-12-2--rep-001--base-static,da-12-2--rep-001--base-prospective,6968,972,79,7,10.0,9726,1367,99,10,40.0,2758,395,20,3,30.0,3,3,7,21196,23,0.7666666666666667,0,0,0,0,0,0,0,1,1,0,0,0,0,0,0
semi,luna-top30-semi-r10,da-12-2,1,diligent,da-12-2--rep-001--diligent-static,da-12-2--rep-001--diligent-prospective,6968,972,79,7,10.0,9638,1334,104,10,40.0,2670,362,25,3,30.0,3,3,7,21978,25,0.8333333333333334,0,0,0,0,0,0,0,1,1,0,0,0,0,0,0
semi,luna-top30-semi-r10,da-12-2,2,base,da-12-2--rep-002--base-static,da-12-2--rep-002--base-prospective,6968,972,79,7,10.0,11394,1605,118,12,60.0,4426,633,39,5,50.0,5,5,5,31105,36,0.72,0,0,0,0,0,0,1,1,0,0,0,0,0,0,0
semi,luna-top30-semi-r10,da-12-2,2,diligent,da-12-2--rep-002--diligent-static,da-12-2--rep-002--diligent-prospective,6968,972,79,7,10.0,10534,1477,106,11,50.0,3566,505,27,4,40.0,4,4,6,26377,30,0.75,1,0,-1,1,0,-1,1,1,0,1,0,-1,0,0,0
semi,luna-top30-semi-r10,da-12-2,3,base,da-12-2--rep-003--base-static,da-12-2--rep-003--base-prospective,6968,972,79,7,10.0,8779,1219,95,9,30.0,1811,247,16,2,20.0,2,2,8,13494,15,0.75,0,1,1,0,1,1,1,1,0,0,1,1,0,1,1
semi,luna-top30-semi-r10,da-12-2,3,diligent,da-12-2--rep-003--diligent-static,da-12-2--rep-003--diligent-prospective,6968,972,79,7,10.0,10442,1450,103,11,50.0,3474,478,24,4,40.0,4,4,6,21461,26,0.65,0,0,0,0,0,0,1,0,-1,0,0,0,0,0,0
semi,luna-top30-semi-r10,da-12-4,1,base,da-12-4--rep-001--base-static,da-12-4--rep-001--base-prospective,3914,543,67,6,10.0,8159,1134,102,11,60.0,4245,591,35,5,50.0,5,5,5,31194,36,0.72,1,0,-1,1,0,-1,1,0,-1,1,0,-1,0,0,0
semi,luna-top30-semi-r10,da-12-4,1,diligent,da-12-4--rep-001--diligent-static,da-12-4--rep-001--diligent-prospective,3914,543,67,6,10.0,7371,1006,96,10,50.0,3457,463,29,4,40.0,4,4,6,25002,28,0.7,0,0,0,0,0,0,0,1,1,0,0,0,0,0,0
semi,luna-top30-semi-r10,da-12-4,2,base,da-12-4--rep-002--base-static,da-12-4--rep-002--base-prospective,3914,543,67,6,10.0,7189,989,100,10,50.0,3275,446,33,4,40.0,4,4,6,24602,30,0.75,0,0,0,0,0,0,0,0,0,0,0,0,0,0,0
semi,luna-top30-semi-r10,da-12-4,2,diligent,da-12-4--rep-002--diligent-static,da-12-4--rep-002--diligent-prospective,3914,543,67,6,10.0,5594,781,83,8,30.0,1680,238,16,2,20.0,2,2,8,16060,19,0.95,0,0,0,0,0,0,1,1,0,0,0,0,0,0,0
semi,luna-top30-semi-r10,da-12-4,3,base,da-12-4--rep-003--base-static,da-12-4--rep-003--base-prospective,3914,543,67,6,10.0,12370,1703,132,15,100.0,8456,1160,65,9,90.0,9,9,1,46605,52,0.5777777777777777,0,0,0,0,0,0,0,0,0,0,0,0,0,0,0
semi,luna-top30-semi-r10,da-12-4,3,diligent,da-12-4--rep-003--diligent-static,da-12-4--rep-003--diligent-prospective,3914,543,67,6,10.0,7391,1011,95,10,50.0,3477,468,28,4,40.0,4,4,6,18417,21,0.525,0,0,0,0,0,0,1,0,-1,0,0,0,0,0,0
semi,luna-top30-semi-r10,da-13-1,1,base,da-13-1--rep-001--base-static,da-13-1--rep-001--base-prospective,7407,969,67,6,10.0,12101,1640,111,11,60.0,4694,671,44,5,50.0,5,5,5,27942,31,0.62,0,0,0,0,0,0,0,0,0,0,0,0,0,0,0
semi,luna-top30-semi-r10,da-13-1,1,diligent,da-13-1--rep-001--diligent-static,da-13-1--rep-001--diligent-prospective,7407,969,67,6,10.0,10283,1364,93,9,40.0,2876,395,26,3,30.0,3,3,7,15630,17,0.5666666666666667,0,0,0,0,0,0,0,0,0,0,0,0,0,0,0
semi,luna-top30-semi-r10,da-13-1,2,base,da-13-1--rep-002--base-static,da-13-1--rep-002--base-prospective,7407,969,67,6,10.0,10755,1427,100,10,50.0,3348,458,33,4,40.0,4,4,6,23899,29,0.725,0,0,0,0,0,0,1,1,0,0,0,0,0,0,0
semi,luna-top30-semi-r10,da-13-1,2,diligent,da-13-1--rep-002--diligent-static,da-13-1--rep-002--diligent-prospective,7407,969,67,6,10.0,10057,1323,93,9,40.0,2650,354,26,3,30.0,3,3,7,12607,15,0.5,0,0,0,0,0,0,0,0,0,0,0,0,0,0,0
semi,luna-top30-semi-r10,da-13-1,3,base,da-13-1--rep-003--base-static,da-13-1--rep-003--base-prospective,7407,969,67,6,10.0,10886,1456,97,10,50.0,3479,487,30,4,40.0,4,4,6,15885,18,0.45,0,0,0,0,0,0,0,0,0,0,0,0,0,0,0
semi,luna-top30-semi-r10,da-13-1,3,diligent,da-13-1--rep-003--diligent-static,da-13-1--rep-003--diligent-prospective,7407,969,67,6,10.0,12605,1677,113,12,70.0,5198,708,46,6,60.0,6,6,4,28344,33,0.55,0,0,0,0,0,0,0,0,0,0,0,0,0,0,0
semi,luna-top30-semi-r10,da-13-3,1,base,da-13-3--rep-001--base-static,da-13-3--rep-001--base-prospective,8932,1203,67,6,10.0,11545,1589,86,9,40.0,2613,386,19,3,30.0,3,3,7,15911,18,0.6,0,0,0,0,0,0,1,0,-1,0,0,0,0,0,0
semi,luna-top30-semi-r10,da-13-3,1,diligent,da-13-3--rep-001--diligent-static,da-13-3--rep-001--diligent-prospective,8932,1203,67,6,10.0,13250,1830,105,11,60.0,4318,627,38,5,50.0,5,5,5,16911,19,0.38,0,0,0,0,0,0,0,0,0,0,0,0,0,0,0
semi,luna-top30-semi-r10,da-13-3,2,base,da-13-3--rep-002--base-static,da-13-3--rep-002--base-prospective,8932,1203,67,6,10.0,10970,1490,79,8,30.0,2038,287,12,2,20.0,2,2,8,19268,19,0.95,0,0,0,0,0,0,0,0,0,0,0,0,0,0,0
semi,luna-top30-semi-r10,da-13-3,2,diligent,da-13-3--rep-002--diligent-static,da-13-3--rep-002--diligent-prospective,8932,1203,67,6,10.0,11798,1603,91,9,40.0,2866,400,24,3,30.0,3,3,7,20234,21,0.7,0,0,0,0,0,0,1,0,-1,0,0,0,0,0,0
semi,luna-top30-semi-r10,da-13-3,3,base,da-13-3--rep-003--base-static,da-13-3--rep-003--base-prospective,8932,1203,67,6,10.0,11422,1563,93,9,40.0,2490,360,26,3,30.0,3,3,7,18282,22,0.7333333333333333,0,0,0,0,0,0,0,0,0,0,0,0,0,0,0
semi,luna-top30-semi-r10,da-13-3,3,diligent,da-13-3--rep-003--diligent-static,da-13-3--rep-003--diligent-prospective,8932,1203,67,6,10.0,11275,1531,85,9,40.0,2343,328,18,3,30.0,3,3,7,20156,26,0.8666666666666667,0,0,0,0,0,0,0,0,0,0,0,0,0,0,0
semi,luna-top30-semi-r10,da-13-5,1,base,da-13-5--rep-001--base-static,da-13-5--rep-001--base-prospective,10387,1360,67,6,10.0,12146,1603,83,8,30.0,1759,243,16,2,20.0,2,2,8,9007,10,0.5,0,1,1,0,1,1,0,1,1,0,0,0,0,1,1
semi,luna-top30-semi-r10,da-13-5,1,diligent,da-13-5--rep-001--diligent-static,da-13-5--rep-001--diligent-prospective,10387,1360,67,6,10.0,12281,1628,85,8,30.0,1894,268,18,2,20.0,2,2,8,14262,15,0.75,0,0,0,0,0,0,0,0,0,0,0,0,0,0,0
semi,luna-top30-semi-r10,da-13-5,2,base,da-13-5--rep-002--base-static,da-13-5--rep-002--base-prospective,10387,1360,67,6,10.0,13074,1750,85,9,40.0,2687,390,18,3,30.0,3,3,7,18976,22,0.7333333333333333,0,0,0,0,0,0,0,0,0,0,0,0,0,0,0
semi,luna-top30-semi-r10,da-13-5,2,diligent,da-13-5--rep-002--diligent-static,da-13-5--rep-002--diligent-prospective,10387,1360,67,6,10.0,13104,1752,91,9,40.0,2717,392,24,3,30.0,3,3,7,24609,27,0.9,0,0,0,0,0,0,0,0,0,0,0,0,0,0,0
semi,luna-top30-semi-r10,da-13-5,3,base,da-13-5--rep-003--base-static,da-13-5--rep-003--base-prospective,10387,1360,67,6,10.0,12353,1634,80,8,30.0,1966,274,13,2,20.0,2,2,8,16684,17,0.85,0,0,0,0,0,0,0,0,0,0,0,0,0,0,0
semi,luna-top30-semi-r10,da-13-5,3,diligent,da-13-5--rep-003--diligent-static,da-13-5--rep-003--diligent-prospective,10387,1360,67,6,10.0,12290,1636,79,8,30.0,1903,276,12,2,20.0,2,2,8,17140,18,0.9,0,0,0,0,0,0,0,0,0,0,0,0,0,0,0
semi,luna-top30-semi-r10,da-13-6,1,base,da-13-6--rep-001--base-static,da-13-6--rep-001--base-prospective,10423,1355,67,6,10.0,13199,1748,97,9,40.0,2776,393,30,3,30.0,3,3,7,21538,23,0.7666666666666667,0,0,0,0,0,0,0,0,0,0,0,0,0,0,0
semi,luna-top30-semi-r10,da-13-6,1,diligent,da-13-6--rep-001--diligent-static,da-13-6--rep-001--diligent-prospective,10423,1355,67,6,10.0,13967,1839,101,10,50.0,3544,484,34,4,40.0,4,4,6,22612,26,0.65,0,0,0,0,0,0,0,0,0,0,0,0,0,0,0
semi,luna-top30-semi-r10,da-13-6,2,base,da-13-6--rep-002--base-static,da-13-6--rep-002--base-prospective,10423,1355,67,6,10.0,12204,1610,81,8,30.0,1781,255,14,2,20.0,2,2,8,9584,11,0.55,0,0,0,0,0,0,0,0,0,0,0,0,0,0,0
semi,luna-top30-semi-r10,da-13-6,2,diligent,da-13-6--rep-002--diligent-static,da-13-6--rep-002--diligent-prospective,10423,1355,67,6,10.0,14655,1939,101,11,60.0,4232,584,34,5,50.0,5,5,5,30443,37,0.74,0,0,0,0,0,0,0,0,0,0,0,0,0,0,0
semi,luna-top30-semi-r10,da-13-6,3,base,da-13-6--rep-003--base-static,da-13-6--rep-003--base-prospective,10423,1355,67,6,10.0,15156,1996,111,11,60.0,4733,641,44,5,50.0,5,5,5,34079,36,0.72,0,0,0,0,0,0,0,1,1,0,0,0,0,0,0
semi,luna-top30-semi-r10,da-13-6,3,diligent,da-13-6--rep-003--diligent-static,da-13-6--rep-003--diligent-prospective,10423,1355,67,6,10.0,14565,1948,97,11,60.0,4142,593,30,5,50.0,5,5,5,19191,23,0.46,,0,,0,0,0,0,0,0,0,0,0,,0,
semi,luna-top30-semi-r10,da-14-1,1,base,da-14-1--rep-001--base-static,da-14-1--rep-001--base-prospective,13438,1718,77,7,10.0,19402,2521,119,13,70.0,5964,803,42,6,60.0,6,6,4,34822,35,0.5833333333333334,0,0,0,0,0,0,0,0,0,0,0,0,0,0,0
semi,luna-top30-semi-r10,da-14-1,1,diligent,da-14-1--rep-001--diligent-static,da-14-1--rep-001--diligent-prospective,13438,1718,77,7,10.0,16568,2158,99,10,40.0,3130,440,22,3,30.0,3,3,7,24611,24,0.8,0,0,0,0,0,0,0,0,0,0,0,0,0,0,0
semi,luna-top30-semi-r10,da-14-1,2,base,da-14-1--rep-002--base-static,da-14-1--rep-002--base-prospective,13438,1718,77,7,10.0,15187,1947,95,9,30.0,1749,229,18,2,20.0,2,2,8,13786,16,0.8,0,0,0,0,0,0,0,0,0,0,0,0,0,0,0
semi,luna-top30-semi-r10,da-14-1,2,diligent,da-14-1--rep-002--diligent-static,da-14-1--rep-002--diligent-prospective,13438,1718,77,7,10.0,16662,2162,103,10,40.0,3224,444,26,3,30.0,3,3,7,17125,17,0.5666666666666667,0,0,0,0,0,0,1,0,-1,0,0,0,0,0,0
semi,luna-top30-semi-r10,da-14-1,3,base,da-14-1--rep-003--base-static,da-14-1--rep-003--base-prospective,13438,1718,77,7,10.0,19034,2480,121,13,70.0,5596,762,44,6,60.0,6,6,4,36543,40,0.6666666666666666,0,0,0,0,0,0,0,0,0,0,0,0,0,0,0
semi,luna-top30-semi-r10,da-14-1,3,diligent,da-14-1--rep-003--diligent-static,da-14-1--rep-003--diligent-prospective,13438,1718,77,7,10.0,15253,1964,95,9,30.0,1815,246,18,2,20.0,2,2,8,15320,17,0.85,0,0,0,0,0,0,0,0,0,0,0,0,0,0,0
semi,luna-top30-semi-r10,da-14-3,1,base,da-14-3--rep-001--base-static,da-14-3--rep-001--base-prospective,5364,721,67,6,10.0,8905,1203,104,10,50.0,3541,482,37,4,40.0,4,4,6,19687,21,0.525,0,0,0,0,0,0,0,0,0,0,0,0,0,0,0
semi,luna-top30-semi-r10,da-14-3,1,diligent,da-14-3--rep-001--diligent-static,da-14-3--rep-001--diligent-prospective,5364,721,67,6,10.0,7329,997,84,8,30.0,1965,276,17,2,20.0,2,2,8,13849,14,0.7,0,0,0,0,0,0,0,0,0,0,0,0,0,0,0
semi,luna-top30-semi-r10,da-14-3,2,base,da-14-3--rep-002--base-static,da-14-3--rep-002--base-prospective,5364,721,67,6,10.0,9883,1348,120,11,60.0,4519,627,53,5,50.0,5,5,5,31082,34,0.68,0,0,0,0,0,0,0,0,0,0,0,0,1,0,-1
semi,luna-top30-semi-r10,da-14-3,2,diligent,da-14-3--rep-002--diligent-static,da-14-3--rep-002--diligent-prospective,5364,721,67,6,10.0,7605,1033,93,9,40.0,2241,312,26,3,30.0,3,3,7,16503,22,0.7333333333333333,0,0,0,0,0,0,1,0,-1,0,0,0,0,0,0
semi,luna-top30-semi-r10,da-14-3,3,base,da-14-3--rep-003--base-static,da-14-3--rep-003--base-prospective,5364,721,67,6,10.0,7360,1006,81,8,30.0,1996,285,14,2,20.0,2,2,8,9754,10,0.5,0,0,0,0,0,0,0,0,0,0,0,0,0,0,0
semi,luna-top30-semi-r10,da-14-3,3,diligent,da-14-3--rep-003--diligent-static,da-14-3--rep-003--diligent-prospective,5364,721,67,6,10.0,7213,978,89,8,30.0,1849,257,22,2,20.0,2,2,8,17596,19,0.95,0,0,0,0,0,0,0,0,0,0,0,0,0,0,0
semi,luna-top30-semi-r10,da-14-8,1,base,da-14-8--rep-001--base-static,da-14-8--rep-001--base-prospective,16214,2191,77,7,10.0,19194,2605,100,10,40.0,2980,414,23,3,30.0,3,3,7,25530,26,0.8666666666666667,0,0,0,0,0,0,0,0,0,0,0,0,0,0,0
semi,luna-top30-semi-r10,da-14-8,1,diligent,da-14-8--rep-001--diligent-static,da-14-8--rep-001--diligent-prospective,16214,2191,77,7,10.0,20369,2764,109,11,50.0,4155,573,32,4,40.0,4,4,6,23916,23,0.575,0,0,0,0,0,0,0,0,0,0,0,0,0,0,0
semi,luna-top30-semi-r10,da-14-8,2,base,da-14-8--rep-002--base-static,da-14-8--rep-002--base-prospective,16214,2191,77,7,10.0,19863,2697,105,11,50.0,3649,506,28,4,40.0,4,4,6,18862,21,0.525,0,0,0,0,0,0,0,0,0,0,0,0,0,0,0
semi,luna-top30-semi-r10,da-14-8,2,diligent,da-14-8--rep-002--diligent-static,da-14-8--rep-002--diligent-prospective,16214,2191,77,7,10.0,20375,2781,109,11,50.0,4161,590,32,4,40.0,4,4,6,31250,30,0.75,0,0,0,0,0,0,0,0,0,0,0,0,0,0,0
semi,luna-top30-semi-r10,da-14-8,3,base,da-14-8--rep-003--base-static,da-14-8--rep-003--base-prospective,16214,2191,77,7,10.0,22218,3025,129,13,70.0,6004,834,52,6,60.0,6,6,4,39168,39,0.65,0,0,0,0,0,0,0,0,0,0,0,0,0,0,0
semi,luna-top30-semi-r10,da-14-8,3,diligent,da-14-8--rep-003--diligent-static,da-14-8--rep-003--diligent-prospective,16214,2191,77,7,10.0,20119,2720,107,11,50.0,3905,529,30,4,40.0,4,4,6,28589,29,0.725,0,0,0,0,0,0,0,0,0,0,0,0,0,0,0
semi,luna-top30-semi-r10,da-15-1,1,base,da-15-1--rep-001--base-static,da-15-1--rep-001--base-prospective,6532,837,68,6,10.0,8898,1162,88,9,40.0,2366,325,20,3,30.0,3,3,7,12904,17,0.5666666666666667,0,0,0,0,0,0,0,0,0,0,0,0,0,0,0
semi,luna-top30-semi-r10,da-15-1,1,diligent,da-15-1--rep-001--diligent-static,da-15-1--rep-001--diligent-prospective,6532,837,68,6,10.0,8720,1151,94,9,40.0,2188,314,26,3,30.0,3,3,7,13315,18,0.6,0,0,0,0,0,0,1,0,-1,0,0,0,0,0,0
semi,luna-top30-semi-r10,da-15-1,2,base,da-15-1--rep-002--base-static,da-15-1--rep-002--base-prospective,6532,837,68,6,10.0,11598,1555,116,12,70.0,5066,718,48,6,60.0,6,6,4,36964,44,0.7333333333333333,0,0,0,0,0,0,0,0,0,0,0,0,0,0,0
semi,luna-top30-semi-r10,da-15-1,2,diligent,da-15-1--rep-002--diligent-static,da-15-1--rep-002--diligent-prospective,6532,837,68,6,10.0,9817,1301,94,10,50.0,3285,464,26,4,40.0,4,4,6,21496,26,0.65,0,0,0,0,0,0,1,0,-1,0,0,0,0,0,0
semi,luna-top30-semi-r10,da-15-1,3,base,da-15-1--rep-003--base-static,da-15-1--rep-003--base-prospective,6532,837,68,6,10.0,8254,1074,80,8,30.0,1722,237,12,2,20.0,2,2,8,16418,19,0.95,1,0,-1,1,0,-1,1,0,-1,0,0,0,1,0,-1
semi,luna-top30-semi-r10,da-15-1,3,diligent,da-15-1--rep-003--diligent-static,da-15-1--rep-003--diligent-prospective,6532,837,68,6,10.0,11228,1496,101,11,60.0,4696,659,33,5,50.0,5,5,5,19818,22,0.44,0,0,0,0,0,0,0,0,0,0,0,0,0,0,0
semi,luna-top30-semi-r10,da-15-2,1,base,da-15-2--rep-001--base-static,da-15-2--rep-001--base-prospective,5059,666,62,6,10.0,8595,1163,95,10,50.0,3536,497,33,4,40.0,4,4,6,22017,25,0.625,0,0,0,0,0,0,0,1,1,0,0,0,0,0,0
semi,luna-top30-semi-r10,da-15-2,1,diligent,da-15-2--rep-001--diligent-static,da-15-2--rep-001--diligent-prospective,5059,666,62,6,10.0,8358,1121,94,10,50.0,3299,455,32,4,40.0,4,4,6,20676,26,0.65,0,0,0,0,0,0,1,1,0,0,0,0,0,0,0
semi,luna-top30-semi-r10,da-15-2,2,base,da-15-2--rep-002--base-static,da-15-2--rep-002--base-prospective,5059,666,62,6,10.0,10215,1384,105,12,70.0,5156,718,43,6,60.0,6,6,4,33847,40,0.6666666666666666,0,0,0,0,0,0,1,1,0,0,0,0,0,0,0
semi,luna-top30-semi-r10,da-15-2,2,diligent,da-15-2--rep-002--diligent-static,da-15-2--rep-002--diligent-prospective,5059,666,62,6,10.0,8247,1105,93,10,50.0,3188,439,31,4,40.0,4,4,6,17848,22,0.55,0,0,0,0,0,0,1,1,0,0,0,0,0,0,0
semi,luna-top30-semi-r10,da-15-2,3,base,da-15-2--rep-003--base-static,da-15-2--rep-003--base-prospective,5059,666,62,6,10.0,7755,1038,88,9,40.0,2696,372,26,3,30.0,3,3,7,24211,27,0.9,0,0,0,0,0,0,0,1,1,0,0,0,0,0,0
semi,luna-top30-semi-r10,da-15-2,3,diligent,da-15-2--rep-003--diligent-static,da-15-2--rep-003--diligent-prospective,5059,666,62,6,10.0,9864,1351,111,12,70.0,4805,685,49,6,60.0,6,6,4,24606,32,0.5333333333333333,0,0,0,0,0,0,0,1,1,0,0,0,0,0,0
semi,luna-top30-semi-r10,da-15-7,1,base,da-15-7--rep-001--base-static,da-15-7--rep-001--base-prospective,15705,2023,67,6,10.0,18366,2399,85,9,40.0,2661,376,18,3,30.0,3,3,7,21611,25,0.8333333333333334,0,0,0,0,0,0,0,1,1,0,0,0,0,0,0
semi,luna-top30-semi-r10,da-15-7,1,diligent,da-15-7--rep-001--diligent-static,da-15-7--rep-001--diligent-prospective,15705,2023,67,6,10.0,20876,2754,99,11,60.0,5171,731,32,5,50.0,5,5,5,31615,30,0.6,0,0,0,0,0,0,0,1,1,0,0,0,0,0,0
semi,luna-top30-semi-r10,da-15-7,2,base,da-15-7--rep-002--base-static,da-15-7--rep-002--base-prospective,15705,2023,67,6,10.0,19104,2501,91,10,50.0,3399,478,24,4,40.0,4,4,6,8553,10,0.25,0,0,0,0,0,0,0,0,0,0,0,0,0,0,0
semi,luna-top30-semi-r10,da-15-7,2,diligent,da-15-7--rep-002--diligent-static,da-15-7--rep-002--diligent-prospective,15705,2023,67,6,10.0,19565,2554,91,10,50.0,3860,531,24,4,40.0,4,4,6,21900,23,0.575,0,0,0,0,0,0,0,1,1,0,0,0,0,0,0
semi,luna-top30-semi-r10,da-15-7,3,base,da-15-7--rep-003--base-static,da-15-7--rep-003--base-prospective,15705,2023,67,6,10.0,20318,2670,97,11,60.0,4613,647,30,5,50.0,5,5,5,31180,35,0.7,0,0,0,0,0,0,0,0,0,0,0,0,0,1,1
semi,luna-top30-semi-r10,da-15-7,3,diligent,da-15-7--rep-003--diligent-static,da-15-7--rep-003--diligent-prospective,15705,2023,67,6,10.0,20708,2737,105,11,60.0,5003,714,38,5,50.0,5,5,5,28686,30,0.6,0,0,0,0,0,0,0,0,0,0,0,0,0,0,0
semi,luna-top30-semi-r10,da-15-8,1,base,da-15-8--rep-001--base-static,da-15-8--rep-001--base-prospective,10424,1342,67,6,10.0,15437,2031,98,11,60.0,5013,689,31,5,50.0,5,5,5,32259,31,0.62,0,0,0,0,0,0,0,1,1,0,0,0,0,0,0
semi,luna-top30-semi-r10,da-15-8,1,diligent,da-15-8--rep-001--diligent-static,da-15-8--rep-001--diligent-prospective,10424,1342,67,6,10.0,14091,1860,92,10,50.0,3667,518,25,4,40.0,4,4,6,18574,20,0.5,0,0,0,0,0,0,0,0,0,0,0,0,0,0,0
semi,luna-top30-semi-r10,da-15-8,2,base,da-15-8--rep-002--base-static,da-15-8--rep-002--base-prospective,10424,1342,67,6,10.0,11999,1557,80,8,30.0,1575,215,13,2,20.0,2,2,8,14870,19,0.95,0,0,0,0,0,0,0,0,0,0,0,0,0,0,0
semi,luna-top30-semi-r10,da-15-8,2,diligent,da-15-8--rep-002--diligent-static,da-15-8--rep-002--diligent-prospective,10424,1342,67,6,10.0,14100,1863,91,10,50.0,3676,521,24,4,40.0,4,4,6,23059,25,0.625,0,0,0,0,0,0,1,1,0,0,0,0,0,0,0
semi,luna-top30-semi-r10,da-15-8,3,base,da-15-8--rep-003--base-static,da-15-8--rep-003--base-prospective,10424,1342,67,6,10.0,14330,1887,93,10,50.0,3906,545,26,4,40.0,4,4,6,25770,26,0.65,0,0,0,0,0,0,1,1,0,0,0,0,0,0,0
semi,luna-top30-semi-r10,da-15-8,3,diligent,da-15-8--rep-003--diligent-static,da-15-8--rep-003--diligent-prospective,10424,1342,67,6,10.0,15841,2086,113,12,70.0,5417,744,46,6,60.0,6,6,4,34074,37,0.6166666666666667,0,0,0,0,0,0,0,0,0,0,0,0,0,0,0
semi,luna-top30-semi-r10,da-16-1,1,base,da-16-1--rep-001--base-static,da-16-1--rep-001--base-prospective,10260,1403,97,9,10.0,12812,1760,116,12,40.0,2552,357,19,3,30.0,3,3,7,19604,23,0.7666666666666667,0,0,0,0,0,0,0,0,0,0,0,0,0,0,0
semi,luna-top30-semi-r10,da-16-1,1,diligent,da-16-1--rep-001--diligent-static,da-16-1--rep-001--diligent-prospective,10260,1403,97,9,10.0,16515,2273,148,15,70.0,6255,870,51,6,60.0,6,6,4,33212,33,0.55,0,0,0,0,0,0,0,0,0,0,0,0,0,0,0
semi,luna-top30-semi-r10,da-16-1,2,base,da-16-1--rep-002--base-static,da-16-1--rep-002--base-prospective,10260,1403,97,9,10.0,12776,1757,120,12,40.0,2516,354,23,3,30.0,3,3,7,19348,23,0.7666666666666667,0,0,0,0,0,0,0,0,0,0,0,0,0,0,0
semi,luna-top30-semi-r10,da-16-1,2,diligent,da-16-1--rep-002--diligent-static,da-16-1--rep-002--diligent-prospective,10260,1403,97,9,10.0,12886,1767,115,12,40.0,2626,364,18,3,30.0,3,3,7,16617,19,0.6333333333333333,0,0,0,0,0,0,0,0,0,0,0,0,0,0,0
semi,luna-top30-semi-r10,da-16-1,3,base,da-16-1--rep-003--base-static,da-16-1--rep-003--base-prospective,10260,1403,97,9,10.0,13796,1904,128,13,50.0,3536,501,31,4,40.0,4,4,6,22094,24,0.6,0,0,0,0,0,0,0,0,0,0,0,0,0,0,0
semi,luna-top30-semi-r10,da-16-1,3,diligent,da-16-1--rep-003--diligent-static,da-16-1--rep-003--diligent-prospective,10260,1403,97,9,10.0,14442,1973,122,13,50.0,4182,570,25,4,40.0,4,4,6,33863,33,0.825,0,0,0,0,0,0,0,1,1,0,0,0,0,0,0
semi,luna-top30-semi-r10,da-18-1,1,base,da-18-1--rep-001--base-static,da-18-1--rep-001--base-prospective,5373,734,79,7,10.0,11808,1604,133,14,80.0,6435,870,54,7,70.0,7,7,3,30362,34,0.4857142857142857,0,0,0,0,0,0,0,0,0,0,0,0,0,0,0
semi,luna-top30-semi-r10,da-18-1,1,diligent,da-18-1--rep-001--diligent-static,da-18-1--rep-001--diligent-prospective,5373,734,79,7,10.0,10997,1491,121,13,70.0,5624,757,42,6,60.0,6,6,4,32542,36,0.6,0,0,0,0,0,0,0,0,0,0,0,0,0,0,0
semi,luna-top30-semi-r10,da-18-1,2,base,da-18-1--rep-002--base-static,da-18-1--rep-002--base-prospective,5373,734,79,7,10.0,8620,1167,105,11,50.0,3247,433,26,4,40.0,4,4,6,15399,19,0.475,0,0,0,0,0,0,0,0,0,0,0,0,0,0,0
semi,luna-top30-semi-r10,da-18-1,2,diligent,da-18-1--rep-002--diligent-static,da-18-1--rep-002--diligent-prospective,5373,734,79,7,10.0,9116,1273,109,12,60.0,3743,539,30,5,50.0,5,5,5,26012,35,0.7,0,0,0,0,0,0,0,0,0,0,0,0,0,0,0
semi,luna-top30-semi-r10,da-18-1,3,base,da-18-1--rep-003--base-static,da-18-1--rep-003--base-prospective,5373,734,79,7,10.0,9094,1253,106,11,50.0,3721,519,27,4,40.0,4,4,6,20645,22,0.55,0,0,0,0,0,0,0,0,0,0,0,0,0,0,0
semi,luna-top30-semi-r10,da-18-1,3,diligent,da-18-1--rep-003--diligent-static,da-18-1--rep-003--diligent-prospective,5373,734,79,7,10.0,7040,965,91,9,30.0,1667,231,12,2,20.0,2,2,8,9750,12,0.6,0,0,0,0,0,0,0,0,0,0,0,0,0,0,0
semi,luna-top30-semi-r10,da-18-5,1,base,da-18-5--rep-001--base-static,da-18-5--rep-001--base-prospective,5886,785,89,8,10.0,10858,1476,137,14,70.0,4972,691,48,6,60.0,6,6,4,34205,40,0.6666666666666666,0,0,0,0,0,0,0,0,0,0,0,0,0,0,0
semi,luna-top30-semi-r10,da-18-5,1,diligent,da-18-5--rep-001--diligent-static,da-18-5--rep-001--diligent-prospective,5886,785,89,8,10.0,9648,1312,126,12,50.0,3762,527,37,4,40.0,4,4,6,27004,28,0.7,,0,,0,0,0,0,1,1,0,0,0,,0,
semi,luna-top30-semi-r10,da-18-5,2,base,da-18-5--rep-002--base-static,da-18-5--rep-002--base-prospective,5886,785,89,8,10.0,9391,1285,116,12,50.0,3505,500,27,4,40.0,4,4,6,16347,20,0.5,0,0,0,0,0,0,0,0,0,0,0,0,0,0,0
semi,luna-top30-semi-r10,da-18-5,2,diligent,da-18-5--rep-002--diligent-static,da-18-5--rep-002--diligent-prospective,5886,785,89,8,10.0,9322,1263,115,12,50.0,3436,478,26,4,40.0,4,4,6,26556,31,0.775,0,0,0,0,0,0,1,1,0,0,0,0,0,0,0
semi,luna-top30-semi-r10,da-18-5,3,base,da-18-5--rep-003--base-static,da-18-5--rep-003--base-prospective,5886,785,89,8,10.0,9252,1255,113,12,50.0,3366,470,24,4,40.0,4,4,6,25670,31,0.775,0,0,0,0,0,0,1,0,-1,0,0,0,0,0,0
semi,luna-top30-semi-r10,da-18-5,3,diligent,da-18-5--rep-003--diligent-static,da-18-5--rep-003--diligent-prospective,5886,785,89,8,10.0,8323,1125,107,11,40.0,2437,340,18,3,30.0,3,3,7,19964,25,0.8333333333333334,,0,,0,0,0,0,1,1,0,0,0,,0,
semi,luna-top30-semi-r10,da-18-7,1,base,da-18-7--rep-001--base-static,da-18-7--rep-001--base-prospective,5121,695,79,7,10.0,9606,1327,114,12,60.0,4485,632,35,5,50.0,5,5,5,29041,32,0.64,0,0,0,0,0,0,0,1,1,0,0,0,0,0,0
semi,luna-top30-semi-r10,da-18-7,1,diligent,da-18-7--rep-001--diligent-static,da-18-7--rep-001--diligent-prospective,5121,695,79,7,10.0,6828,941,91,9,30.0,1707,246,12,2,20.0,2,2,8,9460,11,0.55,0,0,0,0,0,0,0,1,1,0,0,0,1,0,-1
semi,luna-top30-semi-r10,da-18-7,2,base,da-18-7--rep-002--base-static,da-18-7--rep-002--base-prospective,5121,695,79,7,10.0,9009,1232,114,12,60.0,3888,537,35,5,50.0,5,5,5,27267,36,0.72,0,0,0,0,0,0,0,1,1,0,0,0,0,0,0
semi,luna-top30-semi-r10,da-18-7,2,diligent,da-18-7--rep-002--diligent-static,da-18-7--rep-002--diligent-prospective,5121,695,79,7,10.0,6798,938,91,9,30.0,1677,243,12,2,20.0,2,2,8,12429,15,0.75,0,0,0,0,0,0,0,0,0,0,0,0,0,0,0
semi,luna-top30-semi-r10,da-18-7,3,base,da-18-7--rep-003--base-static,da-18-7--rep-003--base-prospective,5121,695,79,7,10.0,8266,1131,111,11,50.0,3145,436,32,4,40.0,4,4,6,16627,21,0.525,0,0,0,0,0,0,0,1,1,0,0,0,0,0,0
semi,luna-top30-semi-r10,da-18-7,3,diligent,da-18-7--rep-003--diligent-static,da-18-7--rep-003--diligent-prospective,5121,695,79,7,10.0,9477,1294,111,12,60.0,4356,599,32,5,50.0,5,5,5,32049,37,0.74,0,0,0,0,0,0,0,1,1,0,0,0,0,0,0
semi,luna-top30-semi-r10,da-19-1,1,base,da-19-1--rep-001--base-static,da-19-1--rep-001--base-prospective,10314,1424,99,9,10.0,14197,1991,131,14,60.0,3883,567,32,5,50.0,5,5,5,18638,26,0.52,0,0,0,0,0,0,0,0,0,0,0,0,0,0,0
semi,luna-top30-semi-r10,da-19-1,1,diligent,da-19-1--rep-001--diligent-static,da-19-1--rep-001--diligent-prospective,10314,1424,99,9,10.0,13003,1819,120,12,40.0,2689,395,21,3,30.0,3,3,7,16351,18,0.6,0,0,0,0,0,0,0,0,0,0,0,0,0,0,0
semi,luna-top30-semi-r10,da-19-1,2,base,da-19-1--rep-002--base-static,da-19-1--rep-002--base-prospective,10314,1424,99,9,10.0,12987,1801,117,12,40.0,2673,377,18,3,30.0,3,3,7,14646,17,0.5666666666666667,1,0,-1,1,0,-1,1,1,0,0,0,0,1,0,-1
semi,luna-top30-semi-r10,da-19-1,2,diligent,da-19-1--rep-002--diligent-static,da-19-1--rep-002--diligent-prospective,10314,1424,99,9,10.0,11838,1638,113,11,30.0,1524,214,14,2,20.0,2,2,8,10636,14,0.7,0,0,0,0,0,0,0,0,0,0,0,0,0,0,0
semi,luna-top30-semi-r10,da-19-1,3,base,da-19-1--rep-003--base-static,da-19-1--rep-003--base-prospective,10314,1424,99,9,10.0,13758,1919,124,13,50.0,3444,495,25,4,40.0,4,4,6,24876,29,0.725,0,0,0,0,0,0,0,0,0,0,0,0,0,0,0
semi,luna-top30-semi-r10,da-19-1,3,diligent,da-19-1--rep-003--diligent-static,da-19-1--rep-003--diligent-prospective,10314,1424,99,9,10.0,13042,1797,118,12,40.0,2728,373,19,3,30.0,3,3,7,18920,22,0.7333333333333333,0,0,0,0,0,0,0,0,0,0,0,0,0,0,0
semi,luna-top30-semi-r10,da-19-6,1,base,da-19-6--rep-001--base-static,da-19-6--rep-001--base-prospective,10437,1400,79,7,10.0,12793,1747,97,10,40.0,2356,347,18,3,30.0,3,3,7,15450,20,0.6666666666666666,0,0,0,0,0,0,0,1,1,0,0,0,0,0,0
semi,luna-top30-semi-r10,da-19-6,1,diligent,da-19-6--rep-001--diligent-static,da-19-6--rep-001--diligent-prospective,10437,1400,79,7,10.0,11342,1528,85,8,20.0,905,128,6,1,10.0,1,1,9,9050,10,1.0,0,0,0,0,0,0,0,0,0,0,0,0,0,0,0
semi,luna-top30-semi-r10,da-19-6,2,base,da-19-6--rep-002--base-static,da-19-6--rep-002--base-prospective,10437,1400,79,7,10.0,13857,1886,103,11,50.0,3420,486,24,4,40.0,4,4,6,19485,23,0.575,0,0,0,0,0,0,0,0,0,0,0,0,0,0,0
semi,luna-top30-semi-r10,da-19-6,2,diligent,da-19-6--rep-002--diligent-static,da-19-6--rep-002--diligent-prospective,10437,1400,79,7,10.0,12279,1645,91,9,30.0,1842,245,12,2,20.0,2,2,8,8397,9,0.45,0,0,0,0,0,0,0,0,0,0,0,0,0,0,0
semi,luna-top30-semi-r10,da-19-6,3,base,da-19-6--rep-003--base-static,da-19-6--rep-003--base-prospective,10437,1400,79,7,10.0,13154,1785,102,10,40.0,2717,385,23,3,30.0,3,3,7,21365,24,0.8,1,0,-1,1,0,-1,1,0,-1,0,0,0,1,0,-1
semi,luna-top30-semi-r10,da-19-6,3,diligent,da-19-6--rep-003--diligent-static,da-19-6--rep-003--diligent-prospective,10437,1400,79,7,10.0,12184,1648,91,9,30.0,1747,248,12,2,20.0,2,2,8,14836,17,0.85,0,0,0,0,0,0,1,0,-1,0,0,0,0,0,0
semi,luna-top30-semi-r10,da-20-1,1,base,da-20-1--rep-001--base-static,da-20-1--rep-001--base-prospective,8458,1138,79,7,10.0,11881,1626,103,11,50.0,3423,488,24,4,40.0,4,4,6,14539,17,0.425,0,0,0,0,0,0,0,0,0,0,0,0,0,0,0
semi,luna-top30-semi-r10,da-20-1,1,diligent,da-20-1--rep-001--diligent-static,da-20-1--rep-001--diligent-prospective,8458,1138,79,7,10.0,13690,1862,115,13,70.0,5232,724,36,6,60.0,6,6,4,28975,34,0.5666666666666667,0,0,0,0,0,0,0,0,0,0,0,0,0,0,0
semi,luna-top30-semi-r10,da-20-1,2,base,da-20-1--rep-002--base-static,da-20-1--rep-002--base-prospective,8458,1138,79,7,10.0,12975,1746,109,12,60.0,4517,608,30,5,50.0,5,5,5,33828,38,0.76,0,0,0,0,0,0,0,0,0,0,0,0,0,0,0
semi,luna-top30-semi-r10,da-20-1,2,diligent,da-20-1--rep-002--diligent-static,da-20-1--rep-002--diligent-prospective,8458,1138,79,7,10.0,11707,1589,97,10,40.0,3249,451,18,3,30.0,3,3,7,14668,14,0.4666666666666667,0,0,0,0,0,0,0,0,0,0,0,0,0,0,0
semi,luna-top30-semi-r10,da-20-1,3,base,da-20-1--rep-003--base-static,da-20-1--rep-003--base-prospective,8458,1138,79,7,10.0,11250,1529,97,10,40.0,2792,391,18,3,30.0,3,3,7,12190,13,0.43333333333333335,0,0,0,0,0,0,0,0,0,0,0,0,0,0,0
semi,luna-top30-semi-r10,da-20-1,3,diligent,da-20-1--rep-003--diligent-static,da-20-1--rep-003--diligent-prospective,8458,1138,79,7,10.0,11204,1526,97,10,40.0,2746,388,18,3,30.0,3,3,7,12614,13,0.43333333333333335,0,0,0,0,0,0,0,0,0,0,0,0,0,0,0
semi,luna-top30-semi-r10,da-20-3,1,base,da-20-3--rep-001--base-static,da-20-3--rep-001--base-prospective,8638,1231,79,7,10.0,16837,2400,133,16,100.0,8199,1169,54,9,90.0,9,9,1,45032,51,0.5666666666666667,0,1,1,0,1,1,0,1,1,0,1,1,0,1,1
semi,luna-top30-semi-r10,da-20-3,1,diligent,da-20-3--rep-001--diligent-static,da-20-3--rep-001--diligent-prospective,8638,1231,79,7,10.0,15558,2216,127,15,90.0,6920,985,48,8,80.0,8,8,2,41389,48,0.6,0,0,0,0,0,0,1,1,0,0,0,0,0,0,0
semi,luna-top30-semi-r10,da-20-3,2,base,da-20-3--rep-002--base-static,da-20-3--rep-002--base-prospective,8638,1231,79,7,10.0,16826,2362,137,16,100.0,8188,1131,58,9,90.0,9,9,1,48764,53,0.5888888888888889,0,0,0,0,0,0,1,1,0,0,0,0,0,0,0
semi,luna-top30-semi-r10,da-20-3,2,diligent,da-20-3--rep-002--diligent-static,da-20-3--rep-002--diligent-prospective,8638,1231,79,7,10.0,17442,2478,140,17,110.0,8804,1247,61,10,100.0,10,10,0,48798,55,0.55,0,,,0,,,1,1,0,0,,,0,0,0
semi,luna-top30-semi-r10,da-20-3,3,base,da-20-3--rep-003--base-static,da-20-3--rep-003--base-prospective,8638,1231,79,7,10.0,15521,2198,129,15,90.0,6883,967,50,8,80.0,8,8,2,39655,45,0.5625,,0,,0,0,0,0,1,1,0,0,0,,0,
semi,luna-top30-semi-r10,da-20-3,3,diligent,da-20-3--rep-003--diligent-static,da-20-3--rep-003--diligent-prospective,8638,1231,79,7,10.0,16924,2398,133,16,100.0,8286,1167,54,9,90.0,9,9,1,42205,45,0.5,0,0,0,0,0,0,0,1,1,0,0,0,0,0,0
semi,luna-top30-semi-r10,da-20-4,1,base,da-20-4--rep-001--base-static,da-20-4--rep-001--base-prospective,7311,986,77,7,10.0,9223,1257,95,9,30.0,1912,271,18,2,20.0,2,2,8,8533,9,0.45,,0,,0,0,0,0,0,0,,0,,0,0,0
semi,luna-top30-semi-r10,da-20-4,1,diligent,da-20-4--rep-001--diligent-static,da-20-4--rep-001--diligent-prospective,7311,986,77,7,10.0,11764,1565,117,12,60.0,4453,579,40,5,50.0,5,5,5,23549,27,0.54,0,0,0,0,0,0,0,0,0,0,0,0,0,0,0
semi,luna-top30-semi-r10,da-20-4,2,base,da-20-4--rep-002--base-static,da-20-4--rep-002--base-prospective,7311,986,77,7,10.0,10785,1473,109,11,50.0,3474,487,32,4,40.0,4,4,6,20526,24,0.6,0,0,0,0,0,0,0,0,0,0,0,0,0,0,0
semi,luna-top30-semi-r10,da-20-4,2,diligent,da-20-4--rep-002--diligent-static,da-20-4--rep-002--diligent-prospective,7311,986,77,7,10.0,11838,1598,120,12,60.0,4527,612,43,5,50.0,5,5,5,30811,35,0.7,0,0,0,0,0,0,0,1,1,0,0,0,0,0,0
semi,luna-top30-semi-r10,da-20-4,3,base,da-20-4--rep-003--base-static,da-20-4--rep-003--base-prospective,7311,986,77,7,10.0,11946,1619,118,12,60.0,4635,633,41,5,50.0,5,5,5,23667,26,0.52,0,0,0,0,0,0,1,1,0,0,0,0,0,0,0
semi,luna-top30-semi-r10,da-20-4,3,diligent,da-20-4--rep-003--diligent-static,da-20-4--rep-003--diligent-prospective,7311,986,77,7,10.0,12067,1627,115,12,60.0,4756,641,38,5,50.0,5,5,5,33773,36,0.72,0,0,0,0,0,0,1,0,-1,0,0,0,0,0,0
semi,luna-top30-semi-r10,da-24-3,1,base,da-24-3--rep-001--base-static,da-24-3--rep-001--base-prospective,5783,796,95,9,10.0,10163,1421,127,14,60.0,4380,625,32,5,50.0,5,5,5,26079,30,0.6,0,0,0,0,0,0,0,0,0,0,0,0,0,0,0
semi,luna-top30-semi-r10,da-24-3,1,diligent,da-24-3--rep-001--diligent-static,da-24-3--rep-001--diligent-prospective,5783,796,95,9,10.0,9613,1327,128,14,60.0,3830,531,33,5,50.0,5,5,5,27152,35,0.7,0,0,0,0,0,0,0,0,0,0,0,0,0,0,0
semi,luna-top30-semi-r10,da-24-3,2,base,da-24-3--rep-002--base-static,da-24-3--rep-002--base-prospective,5783,796,95,9,10.0,10097,1382,129,14,60.0,4314,586,34,5,50.0,5,5,5,23533,27,0.54,1,1,0,1,1,0,1,1,0,1,1,0,0,1,1
semi,luna-top30-semi-r10,da-24-3,2,diligent,da-24-3--rep-002--diligent-static,da-24-3--rep-002--diligent-prospective,5783,796,95,9,10.0,10652,1461,144,14,60.0,4869,665,49,5,50.0,5,5,5,30645,31,0.62,0,0,0,0,0,0,0,0,0,0,0,0,0,0,0
semi,luna-top30-semi-r10,da-24-3,3,base,da-24-3--rep-003--base-static,da-24-3--rep-003--base-prospective,5783,796,95,9,10.0,11685,1606,159,15,70.0,5902,810,64,6,60.0,6,6,4,33648,36,0.6,0,0,0,0,0,0,0,1,1,0,0,0,0,0,0
semi,luna-top30-semi-r10,da-24-3,3,diligent,da-24-3--rep-003--diligent-static,da-24-3--rep-003--diligent-prospective,5783,796,95,9,10.0,8687,1191,128,12,40.0,2904,395,33,3,30.0,3,3,7,26135,27,0.9,0,0,0,0,0,0,0,0,0,0,0,0,0,0,0
semi,luna-top30-semi-r10,da-25-1,1,base,da-25-1--rep-001--base-static,da-25-1--rep-001--base-prospective,6772,963,88,8,10.0,10231,1450,114,12,50.0,3459,487,26,4,40.0,4,4,6,26929,31,0.775,1,0,-1,1,0,-1,1,0,-1,1,0,-1,0,0,0
semi,luna-top30-semi-r10,da-25-1,1,diligent,da-25-1--rep-001--diligent-static,da-25-1--rep-001--diligent-prospective,6772,963,88,8,10.0,10127,1431,113,12,50.0,3355,468,25,4,40.0,4,4,6,14396,17,0.425,0,0,0,0,0,0,1,0,-1,0,0,0,0,0,0
semi,luna-top30-semi-r10,da-25-1,2,base,da-25-1--rep-002--base-static,da-25-1--rep-002--base-prospective,6772,963,88,8,10.0,11156,1578,128,13,60.0,4384,615,40,5,50.0,5,5,5,27125,31,0.62,0,0,0,0,0,0,0,0,0,0,0,0,0,0,0
semi,luna-top30-semi-r10,da-25-1,2,diligent,da-25-1--rep-002--diligent-static,da-25-1--rep-002--diligent-prospective,6772,963,88,8,10.0,11718,1652,130,13,60.0,4946,689,42,5,50.0,5,5,5,28282,28,0.56,0,0,0,0,0,0,0,1,1,0,0,0,0,0,0
semi,luna-top30-semi-r10,da-25-1,3,base,da-25-1--rep-003--base-static,da-25-1--rep-003--base-prospective,6772,963,88,8,10.0,7671,1091,95,9,20.0,899,128,7,1,10.0,1,1,9,8990,10,1.0,0,0,0,0,0,0,1,0,-1,0,0,0,0,0,0
semi,luna-top30-semi-r10,da-25-1,3,diligent,da-25-1--rep-003--diligent-static,da-25-1--rep-003--diligent-prospective,6772,963,88,8,10.0,12640,1790,148,15,80.0,5868,827,60,7,70.0,7,7,3,30129,36,0.5142857142857142,0,0,0,0,0,0,0,0,0,0,0,0,0,1,1
semi,luna-top30-semi-r10,da-26-2,1,base,da-26-2--rep-001--base-static,da-26-2--rep-001--base-prospective,5399,747,95,9,10.0,9411,1309,147,14,60.0,4012,562,52,5,50.0,5,5,5,26078,34,0.68,0,0,0,0,0,0,1,1,0,0,0,0,0,0,0
semi,luna-top30-semi-r10,da-26-2,1,diligent,da-26-2--rep-001--diligent-static,da-26-2--rep-001--diligent-prospective,5399,747,95,9,10.0,10672,1486,147,15,70.0,5273,739,52,6,60.0,6,6,4,28827,34,0.5666666666666667,0,0,0,0,0,0,1,1,0,0,0,0,0,0,0
semi,luna-top30-semi-r10,da-26-2,2,base,da-26-2--rep-002--base-static,da-26-2--rep-002--base-prospective,5399,747,95,9,10.0,9014,1231,129,13,50.0,3615,484,34,4,40.0,4,4,6,24106,28,0.7,1,0,-1,1,0,-1,1,1,0,1,0,-1,0,0,0
semi,luna-top30-semi-r10,da-26-2,2,diligent,da-26-2--rep-002--diligent-static,da-26-2--rep-002--diligent-prospective,5399,747,95,9,10.0,10576,1463,149,15,70.0,5177,716,54,6,60.0,6,6,4,34042,39,0.65,0,0,0,0,0,0,1,1,0,0,0,0,0,0,0
semi,luna-top30-semi-r10,da-26-2,3,base,da-26-2--rep-003--base-static,da-26-2--rep-003--base-prospective,5399,747,95,9,10.0,11318,1570,155,16,80.0,5919,823,60,7,70.0,7,7,3,37496,44,0.6285714285714286,0,0,0,0,0,0,1,1,0,0,0,0,0,0,0
semi,luna-top30-semi-r10,da-26-2,3,diligent,da-26-2--rep-003--diligent-static,da-26-2--rep-003--diligent-prospective,5399,747,95,9,10.0,11258,1531,139,15,70.0,5859,784,44,6,60.0,6,6,4,42449,44,0.7333333333333333,0,0,0,0,0,0,1,0,-1,0,0,0,0,0,0
semi,luna-top30-semi-r10,da-26-4,1,base,da-26-4--rep-001--base-static,da-26-4--rep-001--base-prospective,6337,793,95,9,10.0,11947,1555,141,15,70.0,5610,762,46,6,60.0,6,6,4,39726,43,0.7166666666666667,1,1,0,1,1,0,1,1,0,1,0,-1,1,1,0
semi,luna-top30-semi-r10,da-26-4,1,diligent,da-26-4--rep-001--diligent-static,da-26-4--rep-001--diligent-prospective,6337,793,95,9,10.0,12277,1623,145,16,80.0,5940,830,50,7,70.0,7,7,3,37205,44,0.6285714285714286,0,1,1,0,1,1,1,1,0,0,0,0,0,1,1
semi,luna-top30-semi-r10,da-26-4,2,base,da-26-4--rep-002--base-static,da-26-4--rep-002--base-prospective,6337,793,95,9,10.0,9520,1245,119,13,50.0,3183,452,24,4,40.0,4,4,6,17355,22,0.55,0,0,0,0,0,0,1,1,0,0,0,0,0,0,0
semi,luna-top30-semi-r10,da-26-4,2,diligent,da-26-4--rep-002--diligent-static,da-26-4--rep-002--diligent-prospective,6337,793,95,9,10.0,12030,1585,151,16,80.0,5693,792,56,7,70.0,7,7,3,33014,40,0.5714285714285714,0,0,0,0,0,0,1,1,0,0,0,0,0,0,0
semi,luna-top30-semi-r10,da-26-4,3,base,da-26-4--rep-003--base-static,da-26-4--rep-003--base-prospective,6337,793,95,9,10.0,13604,1787,154,17,90.0,7267,994,59,8,80.0,8,8,2,45717,49,0.6125,1,0,-1,1,0,-1,1,1,0,0,0,0,1,0,-1
semi,luna-top30-semi-r10,da-26-4,3,diligent,da-26-4--rep-003--diligent-static,da-26-4--rep-003--diligent-prospective,6337,793,95,9,10.0,11492,1505,148,16,80.0,5155,712,53,7,70.0,7,7,3,28961,41,0.5857142857142857,0,0,0,0,0,0,1,0,-1,0,0,0,0,0,0
semi,luna-top30-semi-r10,da-3-4,1,base,da-3-4--rep-001--base-static,da-3-4--rep-001--base-prospective,6649,921,67,6,10.0,10203,1417,91,10,50.0,3554,496,24,4,40.0,4,4,6,27455,31,0.775,0,0,0,0,0,0,0,0,0,0,0,0,0,0,0
semi,luna-top30-semi-r10,da-3-4,1,diligent,da-3-4--rep-001--diligent-static,da-3-4--rep-001--diligent-prospective,6649,921,67,6,10.0,9971,1396,91,10,50.0,3322,475,24,4,40.0,4,4,6,20068,24,0.6,0,0,0,0,0,0,0,0,0,0,0,0,0,0,0
semi,luna-top30-semi-r10,da-3-4,2,base,da-3-4--rep-002--base-static,da-3-4--rep-002--base-prospective,6649,921,67,6,10.0,11168,1562,97,11,60.0,4519,641,30,5,50.0,5,5,5,26205,28,0.56,0,0,0,0,0,0,0,0,0,0,0,0,0,0,0
semi,luna-top30-semi-r10,da-3-4,2,diligent,da-3-4--rep-002--diligent-static,da-3-4--rep-002--diligent-prospective,6649,921,67,6,10.0,8478,1173,85,8,30.0,1829,252,18,2,20.0,2,2,8,14070,15,0.75,0,0,0,0,0,0,1,0,-1,0,0,0,0,0,0
semi,luna-top30-semi-r10,da-3-4,3,base,da-3-4--rep-003--base-static,da-3-4--rep-003--base-prospective,6649,921,67,6,10.0,10547,1463,99,10,50.0,3898,542,32,4,40.0,4,4,6,30677,31,0.775,0,0,0,0,0,0,1,0,-1,0,0,0,0,0,0
semi,luna-top30-semi-r10,da-3-4,3,diligent,da-3-4--rep-003--diligent-static,da-3-4--rep-003--diligent-prospective,6649,921,67,6,10.0,7503,1042,73,7,20.0,854,121,6,1,10.0,1,1,9,7686,9,0.9,0,0,0,0,0,0,0,0,0,0,0,0,0,0,0
full,luna-top30-full-r10,da-10-1,1,base,da-10-1--rep-001--base-static,da-10-1--rep-001--base-prospective,20042,2746,107,10,10.0,24005,3301,143,14,50.0,3963,555,36,4,40.0,4,4,6,29563,29,0.725,0,0,0,0,0,0,0,0,0,0,0,0,0,0,0
full,luna-top30-full-r10,da-10-1,1,diligent,da-10-1--rep-001--diligent-static,da-10-1--rep-001--diligent-prospective,20042,2746,107,10,10.0,25538,3484,159,16,70.0,5496,738,52,6,60.0,6,6,4,32709,37,0.6166666666666667,0,0,0,0,0,0,0,0,0,0,0,0,0,0,0
full,luna-top30-full-r10,da-10-1,2,base,da-10-1--rep-002--base-static,da-10-1--rep-002--base-prospective,20042,2746,107,10,10.0,25287,3465,146,15,60.0,5245,719,39,5,50.0,5,5,5,28853,28,0.56,0,0,0,0,0,0,0,0,0,0,0,0,0,0,0
full,luna-top30-full-r10,da-10-1,2,diligent,da-10-1--rep-002--diligent-static,da-10-1--rep-002--diligent-prospective,20042,2746,107,10,10.0,22949,3162,129,13,40.0,2907,416,22,3,30.0,3,3,7,18235,19,0.6333333333333333,0,0,0,0,0,0,0,0,0,0,0,0,0,0,0
full,luna-top30-full-r10,da-10-1,3,base,da-10-1--rep-003--base-static,da-10-1--rep-003--base-prospective,20042,2746,107,10,10.0,21781,2988,120,12,30.0,1739,242,13,2,20.0,2,2,8,11251,13,0.65,0,0,0,0,0,0,0,0,0,0,0,0,0,0,0
full,luna-top30-full-r10,da-10-1,3,diligent,da-10-1--rep-003--diligent-static,da-10-1--rep-003--diligent-prospective,20042,2746,107,10,10.0,23692,3247,136,14,50.0,3650,501,29,4,40.0,4,4,6,23941,27,0.675,0,0,0,0,0,0,0,0,0,0,0,0,0,0,0
full,luna-top30-full-r10,da-10-3,1,base,da-10-3--rep-001--base-static,da-10-3--rep-001--base-prospective,13101,1790,67,6,10.0,16069,2206,85,9,40.0,2968,416,18,3,30.0,3,3,7,20041,20,0.6666666666666666,0,,,0,0,0,0,0,0,0,0,0,0,,
full,luna-top30-full-r10,da-10-3,1,diligent,da-10-3--rep-001--diligent-static,da-10-3--rep-001--diligent-prospective,13101,1790,67,6,10.0,16018,2197,85,9,40.0,2917,407,18,3,30.0,3,3,7,11182,11,0.36666666666666664,0,0,0,0,0,0,0,0,0,0,0,0,0,0,0
full,luna-top30-full-r10,da-10-3,2,base,da-10-3--rep-002--base-static,da-10-3--rep-002--base-prospective,13101,1790,67,6,10.0,15065,2061,79,8,30.0,1964,271,12,2,20.0,2,2,8,17424,18,0.9,0,0,0,0,0,0,0,0,0,0,0,0,0,0,0
full,luna-top30-full-r10,da-10-3,2,diligent,da-10-3--rep-002--diligent-static,da-10-3--rep-002--diligent-prospective,13101,1790,67,6,10.0,15495,2126,85,9,40.0,2394,336,18,3,30.0,3,3,7,13212,16,0.5333333333333333,0,0,0,0,0,0,0,0,0,0,0,0,0,0,0
full,luna-top30-full-r10,da-10-3,3,base,da-10-3--rep-003--base-static,da-10-3--rep-003--base-prospective,13101,1790,67,6,10.0,17625,2427,97,11,60.0,4524,637,30,5,50.0,5,5,5,31073,35,0.7,0,0,0,0,0,0,0,0,0,0,0,0,0,0,0
full,luna-top30-full-r10,da-10-3,3,diligent,da-10-3--rep-003--diligent-static,da-10-3--rep-003--diligent-prospective,13101,1790,67,6,10.0,17162,2348,97,10,50.0,4061,558,30,4,40.0,4,4,6,31569,31,0.775,0,0,0,0,0,0,0,0,0,0,0,0,0,0,0
full,luna-top30-full-r10,da-11-1,1,base,da-11-1--rep-001--base-static,da-11-1--rep-001--base-prospective,11049,1433,89,8,10.0,17562,2301,139,14,70.0,6513,868,50,6,60.0,6,6,4,45887,42,0.7,0,0,0,0,0,0,0,0,0,0,0,0,0,0,0
full,luna-top30-full-r10,da-11-1,1,diligent,da-11-1--rep-001--diligent-static,da-11-1--rep-001--diligent-prospective,11049,1433,89,8,10.0,15233,2003,124,13,60.0,4184,570,35,5,50.0,5,5,5,27507,34,0.68,0,0,0,0,0,0,0,0,0,0,0,0,0,0,0
full,luna-top30-full-r10,da-11-1,2,base,da-11-1--rep-002--base-static,da-11-1--rep-002--base-prospective,11049,1433,89,8,10.0,13984,1821,112,11,40.0,2935,388,23,3,30.0,3,3,7,26487,27,0.9,0,0,0,0,0,0,0,0,0,0,0,0,0,0,0
full,luna-top30-full-r10,da-11-1,2,diligent,da-11-1--rep-002--diligent-static,da-11-1--rep-002--diligent-prospective,11049,1433,89,8,10.0,14510,1910,115,12,50.0,3461,477,26,4,40.0,4,4,6,22416,26,0.65,0,0,0,0,0,0,0,0,0,0,0,0,0,0,0
full,luna-top30-full-r10,da-11-1,3,base,da-11-1--rep-003--base-static,da-11-1--rep-003--base-prospective,11049,1433,89,8,10.0,16142,2127,134,14,70.0,5093,694,45,6,60.0,6,6,4,32016,37,0.6166666666666667,0,0,0,0,0,0,0,1,1,0,0,0,0,0,0
full,luna-top30-full-r10,da-11-1,3,diligent,da-11-1--rep-003--diligent-static,da-11-1--rep-003--diligent-prospective,11049,1433,89,8,10.0,15480,2032,125,13,60.0,4431,599,36,5,50.0,5,5,5,26036,30,0.6,0,0,0,0,0,0,0,0,0,0,0,0,0,0,0
full,luna-top30-full-r10,da-12-2,1,base,da-12-2--rep-001--base-static,da-12-2--rep-001--base-prospective,6968,972,79,7,10.0,9558,1350,105,10,40.0,2590,378,26,3,30.0,3,3,7,12679,15,0.5,0,0,0,0,0,0,1,1,0,0,0,0,0,0,0
full,luna-top30-full-r10,da-12-2,1,diligent,da-12-2--rep-001--diligent-static,da-12-2--rep-001--diligent-prospective,6968,972,79,7,10.0,8658,1212,91,9,30.0,1690,240,12,2,20.0,2,2,8,13364,16,0.8,0,1,1,0,1,1,1,1,0,0,0,0,0,1,1
full,luna-top30-full-r10,da-12-2,2,base,da-12-2--rep-002--base-static,da-12-2--rep-002--base-prospective,6968,972,79,7,10.0,11430,1621,109,12,60.0,4462,649,30,5,50.0,5,5,5,28826,32,0.64,0,0,0,0,0,0,0,1,1,0,0,0,0,0,0
full,luna-top30-full-r10,da-12-2,2,diligent,da-12-2--rep-002--diligent-static,da-12-2--rep-002--diligent-prospective,6968,972,79,7,10.0,9352,1312,99,10,40.0,2384,340,20,3,30.0,3,3,7,12484,15,0.5,1,0,-1,1,0,-1,1,1,0,1,0,-1,0,0,0
full,luna-top30-full-r10,da-12-2,3,base,da-12-2--rep-003--base-static,da-12-2--rep-003--base-prospective,6968,972,79,7,10.0,10655,1488,112,11,50.0,3687,516,33,4,40.0,4,4,6,24066,25,0.625,0,0,0,0,0,0,1,1,0,0,0,0,0,0,0
full,luna-top30-full-r10,da-12-2,3,diligent,da-12-2--rep-003--diligent-static,da-12-2--rep-003--diligent-prospective,6968,972,79,7,10.0,10174,1414,104,11,50.0,3206,442,25,4,40.0,4,4,6,20640,26,0.65,1,1,0,1,1,0,1,1,0,1,1,0,1,0,-1
full,luna-top30-full-r10,da-12-4,1,base,da-12-4--rep-001--base-static,da-12-4--rep-001--base-prospective,3914,543,67,6,10.0,6669,910,86,9,40.0,2755,367,19,3,30.0,3,3,7,22116,24,0.8,1,1,0,1,1,0,1,1,0,0,1,1,1,0,-1
full,luna-top30-full-r10,da-12-4,1,diligent,da-12-4--rep-001--diligent-static,da-12-4--rep-001--diligent-prospective,3914,543,67,6,10.0,8209,1105,112,11,60.0,4295,562,45,5,50.0,5,5,5,23424,27,0.54,0,0,0,0,0,0,1,1,0,0,0,0,0,0,0
full,luna-top30-full-r10,da-12-4,2,base,da-12-4--rep-002--base-static,da-12-4--rep-002--base-prospective,3914,543,67,6,10.0,7331,1012,99,10,50.0,3417,469,32,4,40.0,4,4,6,19304,22,0.55,0,1,1,0,1,1,0,1,1,0,1,1,0,0,0
full,luna-top30-full-r10,da-12-4,2,diligent,da-12-4--rep-002--diligent-static,da-12-4--rep-002--diligent-prospective,3914,543,67,6,10.0,8113,1123,98,11,60.0,4199,580,31,5,50.0,5,5,5,30527,37,0.74,0,0,0,0,0,0,0,1,1,0,0,0,0,0,0
full,luna-top30-full-r10,da-12-4,3,base,da-12-4--rep-003--base-static,da-12-4--rep-003--base-prospective,3914,543,67,6,10.0,7009,966,100,10,50.0,3095,423,33,4,40.0,4,4,6,20092,27,0.675,1,1,0,1,1,0,1,1,0,0,1,1,1,0,-1
full,luna-top30-full-r10,da-12-4,3,diligent,da-12-4--rep-003--diligent-static,da-12-4--rep-003--diligent-prospective,3914,543,67,6,10.0,7418,1011,92,10,50.0,3504,468,25,4,40.0,4,4,6,24876,28,0.7,0,0,0,0,0,0,1,1,0,0,0,0,0,0,0
full,luna-top30-full-r10,da-13-1,1,base,da-13-1--rep-001--base-static,da-13-1--rep-001--base-prospective,7407,969,67,6,10.0,11529,1534,100,11,60.0,4122,565,33,5,50.0,5,5,5,28981,36,0.72,0,0,0,0,0,0,0,0,0,0,0,0,0,0,0
full,luna-top30-full-r10,da-13-1,1,diligent,da-13-1--rep-001--diligent-static,da-13-1--rep-001--diligent-prospective,7407,969,67,6,10.0,10195,1346,89,9,40.0,2788,377,22,3,30.0,3,3,7,17992,20,0.6666666666666666,0,0,0,0,0,0,0,0,0,0,0,0,0,0,0
full,luna-top30-full-r10,da-13-1,2,base,da-13-1--rep-002--base-static,da-13-1--rep-002--base-prospective,7407,969,67,6,10.0,10807,1433,97,10,50.0,3400,464,30,4,40.0,4,4,6,22147,27,0.675,0,0,0,0,0,0,0,0,0,0,0,0,0,0,0
full,luna-top30-full-r10,da-13-1,2,diligent,da-13-1--rep-002--diligent-static,da-13-1--rep-002--diligent-prospective,7407,969,67,6,10.0,8959,1194,79,8,30.0,1552,225,12,2,20.0,2,2,8,10888,14,0.7,0,0,0,0,0,0,0,0,0,0,0,0,0,0,0
full,luna-top30-full-r10,da-13-1,3,base,da-13-1--rep-003--base-static,da-13-1--rep-003--base-prospective,7407,969,67,6,10.0,10890,1443,97,10,50.0,3483,474,30,4,40.0,4,4,6,13590,15,0.375,0,0,0,0,0,0,0,0,0,0,0,0,0,0,0
full,luna-top30-full-r10,da-13-1,3,diligent,da-13-1--rep-003--diligent-static,da-13-1--rep-003--diligent-prospective,7407,969,67,6,10.0,10902,1458,104,10,50.0,3495,489,37,4,40.0,4,4,6,24871,28,0.7,0,0,0,0,0,0,0,0,0,0,0,0,0,0,0
full,luna-top30-full-r10,da-13-3,1,base,da-13-3--rep-001--base-static,da-13-3--rep-001--base-prospective,8932,1203,67,6,10.0,11518,1559,85,9,40.0,2586,356,18,3,30.0,3,3,7,17938,20,0.6666666666666666,0,0,0,0,0,0,0,0,0,0,0,0,0,0,0
full,luna-top30-full-r10,da-13-3,1,diligent,da-13-3--rep-001--diligent-static,da-13-3--rep-001--diligent-prospective,8932,1203,67,6,10.0,12436,1691,91,10,50.0,3504,488,24,4,40.0,4,4,6,15917,18,0.45,0,0,0,0,0,0,0,0,0,0,0,0,0,0,0
full,luna-top30-full-r10,da-13-3,2,base,da-13-3--rep-002--base-static,da-13-3--rep-002--base-prospective,8932,1203,67,6,10.0,9937,1346,73,7,20.0,1005,143,6,1,10.0,1,1,9,9045,9,0.9,0,0,0,0,0,0,0,0,0,0,0,0,0,0,0
full,luna-top30-full-r10,da-13-3,2,diligent,da-13-3--rep-002--diligent-static,da-13-3--rep-002--diligent-prospective,8932,1203,67,6,10.0,12990,1782,105,11,60.0,4058,579,38,5,50.0,5,5,5,29193,36,0.72,0,0,0,0,0,0,0,0,0,0,0,0,0,0,0
full,luna-top30-full-r10,da-13-3,3,base,da-13-3--rep-003--base-static,da-13-3--rep-003--base-prospective,8932,1203,67,6,10.0,11591,1575,87,9,40.0,2659,372,20,3,30.0,3,3,7,22449,25,0.8333333333333334,0,0,0,0,0,0,0,0,0,0,0,0,0,0,0
full,luna-top30-full-r10,da-13-3,3,diligent,da-13-3--rep-003--diligent-static,da-13-3--rep-003--diligent-prospective,8932,1203,67,6,10.0,11343,1550,86,9,40.0,2411,347,19,3,30.0,3,3,7,19386,24,0.8,0,0,0,0,0,0,0,0,0,0,0,0,0,0,0
full,luna-top30-full-r10,da-13-5,1,base,da-13-5--rep-001--base-static,da-13-5--rep-001--base-prospective,10387,1360,67,6,10.0,11158,1473,77,7,20.0,771,113,10,1,10.0,1,1,9,6939,9,0.9,0,0,0,0,0,0,0,0,0,0,0,0,0,0,0
full,luna-top30-full-r10,da-13-5,1,diligent,da-13-5--rep-001--diligent-static,da-13-5--rep-001--diligent-prospective,10387,1360,67,6,10.0,13116,1740,93,9,40.0,2729,380,26,3,30.0,3,3,7,20865,23,0.7666666666666667,0,0,0,0,0,0,0,0,0,0,0,0,0,0,0
full,luna-top30-full-r10,da-13-5,2,base,da-13-5--rep-002--base-static,da-13-5--rep-002--base-prospective,10387,1360,67,6,10.0,12159,1609,80,8,30.0,1772,249,13,2,20.0,2,2,8,15790,18,0.9,0,0,0,0,0,0,0,0,0,0,0,0,0,0,0
full,luna-top30-full-r10,da-13-5,2,diligent,da-13-5--rep-002--diligent-static,da-13-5--rep-002--diligent-prospective,10387,1360,67,6,10.0,13625,1819,91,10,50.0,3238,459,24,4,40.0,4,4,6,16004,20,0.5,0,0,0,0,0,0,0,1,1,0,0,0,0,0,0
full,luna-top30-full-r10,da-13-5,3,base,da-13-5--rep-003--base-static,da-13-5--rep-003--base-prospective,10387,1360,67,6,10.0,11053,1451,73,7,20.0,666,91,6,1,10.0,1,1,9,5994,9,0.9,0,0,0,0,0,0,0,0,0,0,0,0,0,0,0
full,luna-top30-full-r10,da-13-5,3,diligent,da-13-5--rep-003--diligent-static,da-13-5--rep-003--diligent-prospective,10387,1360,67,6,10.0,12300,1631,87,8,30.0,1913,271,20,2,20.0,2,2,8,14245,15,0.75,0,0,0,0,0,0,0,0,0,0,0,0,0,0,0
full,luna-top30-full-r10,da-13-6,1,base,da-13-6--rep-001--base-static,da-13-6--rep-001--base-prospective,10423,1355,67,6,10.0,12659,1655,83,8,30.0,2236,300,16,2,20.0,2,2,8,16204,14,0.7,0,0,0,0,0,0,0,1,1,0,0,0,0,0,0
full,luna-top30-full-r10,da-13-6,1,diligent,da-13-6--rep-001--diligent-static,da-13-6--rep-001--diligent-prospective,10423,1355,67,6,10.0,13271,1726,85,9,40.0,2848,371,18,3,30.0,3,3,7,22796,24,0.8,0,0,0,0,0,0,0,0,0,0,0,0,0,0,0
full,luna-top30-full-r10,da-13-6,2,base,da-13-6--rep-002--base-static,da-13-6--rep-002--base-prospective,10423,1355,67,6,10.0,13181,1738,87,9,40.0,2758,383,20,3,30.0,3,3,7,17015,18,0.6,0,0,0,0,0,0,0,0,0,0,0,0,0,0,0
full,luna-top30-full-r10,da-13-6,2,diligent,da-13-6--rep-002--diligent-static,da-13-6--rep-002--diligent-prospective,10423,1355,67,6,10.0,13545,1784,85,9,40.0,3122,429,18,3,30.0,3,3,7,24322,23,0.7666666666666667,0,0,0,0,0,0,0,0,0,0,0,0,0,0,0
full,luna-top30-full-r10,da-13-6,3,base,da-13-6--rep-003--base-static,da-13-6--rep-003--base-prospective,10423,1355,67,6,10.0,14109,1871,95,10,50.0,3686,516,28,4,40.0,4,4,6,23468,26,0.65,0,0,0,0,0,0,0,0,0,0,0,0,1,0,-1
full,luna-top30-full-r10,da-13-6,3,diligent,da-13-6--rep-003--diligent-static,da-13-6--rep-003--diligent-prospective,10423,1355,67,6,10.0,13122,1730,91,9,40.0,2699,375,24,3,30.0,3,3,7,17397,19,0.6333333333333333,0,1,1,0,1,1,0,1,1,0,0,0,0,1,1
full,luna-top30-full-r10,da-14-1,1,base,da-14-1--rep-001--base-static,da-14-1--rep-001--base-prospective,13438,1718,77,7,10.0,17563,2288,117,11,50.0,4125,570,40,4,40.0,4,4,6,17838,17,0.425,0,0,0,0,0,0,1,1,0,0,0,0,0,0,0
full,luna-top30-full-r10,da-14-1,1,diligent,da-14-1--rep-001--diligent-static,da-14-1--rep-001--diligent-prospective,13438,1718,77,7,10.0,16685,2152,105,10,40.0,3247,434,28,3,30.0,3,3,7,21127,20,0.6666666666666666,0,0,0,0,0,0,0,0,0,0,0,0,0,0,0
full,luna-top30-full-r10,da-14-1,2,base,da-14-1--rep-002--base-static,da-14-1--rep-002--base-prospective,13438,1718,77,7,10.0,18867,2456,127,13,70.0,5429,738,50,6,60.0,6,6,4,30921,35,0.5833333333333334,0,0,0,0,0,0,0,0,0,0,0,0,0,0,0
full,luna-top30-full-r10,da-14-1,2,diligent,da-14-1--rep-002--diligent-static,da-14-1--rep-002--diligent-prospective,13438,1718,77,7,10.0,17631,2298,113,11,50.0,4193,580,36,4,40.0,4,4,6,25391,24,0.6,0,0,0,0,0,0,0,0,0,0,0,0,0,0,0
full,luna-top30-full-r10,da-14-1,3,base,da-14-1--rep-003--base-static,da-14-1--rep-003--base-prospective,13438,1718,77,7,10.0,20481,2678,138,14,80.0,7043,960,61,7,70.0,7,7,3,36660,38,0.5428571428571428,0,0,0,0,0,0,0,0,0,0,0,0,0,0,0
full,luna-top30-full-r10,da-14-1,3,diligent,da-14-1--rep-003--diligent-static,da-14-1--rep-003--diligent-prospective,13438,1718,77,7,10.0,16607,2153,99,10,40.0,3169,435,22,3,30.0,3,3,7,19242,18,0.6,0,0,0,0,0,0,0,0,0,0,0,0,0,0,0
full,luna-top30-full-r10,da-14-3,1,base,da-14-3--rep-001--base-static,da-14-3--rep-001--base-prospective,5364,721,67,6,10.0,7309,982,85,8,30.0,1945,261,18,2,20.0,2,2,8,14685,15,0.75,0,0,0,0,0,0,0,0,0,0,0,0,0,0,0
full,luna-top30-full-r10,da-14-3,1,diligent,da-14-3--rep-001--diligent-static,da-14-3--rep-001--diligent-prospective,5364,721,67,6,10.0,7432,1007,83,8,30.0,2068,286,16,2,20.0,2,2,8,13262,13,0.65,0,0,0,0,0,0,0,0,0,0,0,0,0,0,0
full,luna-top30-full-r10,da-14-3,2,base,da-14-3--rep-002--base-static,da-14-3--rep-002--base-prospective,5364,721,67,6,10.0,9256,1256,109,10,50.0,3892,535,42,4,40.0,4,4,6,20819,22,0.55,0,1,1,0,1,1,0,1,1,0,0,0,0,1,1
full,luna-top30-full-r10,da-14-3,2,diligent,da-14-3--rep-002--diligent-static,da-14-3--rep-002--diligent-prospective,5364,721,67,6,10.0,5364,721,67,6,10.0,0,0,0,0,0.0,0,0,10,0,0,0.0,0,0,0,0,0,0,0,0,0,0,0,0,0,0,0
full,luna-top30-full-r10,da-14-3,3,base,da-14-3--rep-003--base-static,da-14-3--rep-003--base-prospective,5364,721,67,6,10.0,8286,1119,92,9,40.0,2922,398,25,3,30.0,3,3,7,18051,17,0.5666666666666667,0,,,0,0,0,0,0,0,0,0,0,0,,
full,luna-top30-full-r10,da-14-3,3,diligent,da-14-3--rep-003--diligent-static,da-14-3--rep-003--diligent-prospective,5364,721,67,6,10.0,8341,1128,100,9,40.0,2977,407,33,3,30.0,3,3,7,18536,19,0.6333333333333333,0,0,0,0,0,0,0,0,0,0,0,0,0,0,0
full,luna-top30-full-r10,da-14-8,1,base,da-14-8--rep-001--base-static,da-14-8--rep-001--base-prospective,16214,2191,77,7,10.0,21242,2884,111,12,60.0,5028,693,34,5,50.0,5,5,5,31232,30,0.6,0,1,1,0,1,1,0,1,1,0,0,0,0,1,1
full,luna-top30-full-r10,da-14-8,1,diligent,da-14-8--rep-001--diligent-static,da-14-8--rep-001--diligent-prospective,16214,2191,77,7,10.0,18144,2456,97,9,30.0,1930,265,20,2,20.0,2,2,8,12611,13,0.65,0,0,0,0,0,0,0,0,0,0,0,0,0,0,0
full,luna-top30-full-r10,da-14-8,2,base,da-14-8--rep-002--base-static,da-14-8--rep-002--base-prospective,16214,2191,77,7,10.0,18333,2482,91,9,30.0,2119,291,14,2,20.0,2,2,8,11487,10,0.5,0,1,1,0,1,1,0,1,1,0,1,1,0,0,0
full,luna-top30-full-r10,da-14-8,2,diligent,da-14-8--rep-002--diligent-static,da-14-8--rep-002--diligent-prospective,16214,2191,77,7,10.0,18158,2472,93,9,30.0,1944,281,16,2,20.0,2,2,8,15684,16,0.8,0,0,0,0,0,0,0,1,1,1,0,-1,0,0,0
full,luna-top30-full-r10,da-14-8,3,base,da-14-8--rep-003--base-static,da-14-8--rep-003--base-prospective,16214,2191,77,7,10.0,17429,2357,88,8,20.0,1215,166,11,1,10.0,1,1,9,10935,9,0.9,0,0,0,0,0,0,1,1,0,0,0,0,0,0,0
full,luna-top30-full-r10,da-14-8,3,diligent,da-14-8--rep-003--diligent-static,da-14-8--rep-003--diligent-prospective,16214,2191,77,7,10.0,18853,2564,100,10,40.0,2639,373,23,3,30.0,3,3,7,19172,21,0.7,0,0,0,0,0,0,0,0,0,0,0,0,1,0,-1
full,luna-top30-full-r10,da-15-1,1,base,da-15-1--rep-001--base-static,da-15-1--rep-001--base-prospective,6532,837,68,6,10.0,8385,1088,80,8,30.0,1853,251,12,2,20.0,2,2,8,10064,11,0.55,0,0,0,0,0,0,0,0,0,0,0,0,0,0,0
full,luna-top30-full-r10,da-15-1,1,diligent,da-15-1--rep-001--diligent-static,da-15-1--rep-001--diligent-prospective,6532,837,68,6,10.0,9192,1204,86,9,40.0,2660,367,18,3,30.0,3,3,7,15270,17,0.5666666666666667,0,0,0,0,0,0,0,1,1,0,0,0,0,0,0
full,luna-top30-full-r10,da-15-1,2,base,da-15-1--rep-002--base-static,da-15-1--rep-002--base-prospective,6532,837,68,6,10.0,9817,1305,92,10,50.0,3285,468,24,4,40.0,4,4,6,20025,24,0.6,0,0,0,0,0,0,0,0,0,0,0,0,0,0,0
full,luna-top30-full-r10,da-15-1,2,diligent,da-15-1--rep-002--diligent-static,da-15-1--rep-002--diligent-prospective,6532,837,68,6,10.0,8871,1164,86,9,40.0,2339,327,18,3,30.0,3,3,7,14369,19,0.6333333333333333,0,0,0,0,0,0,0,0,0,0,0,0,0,0,0
full,luna-top30-full-r10,da-15-1,3,base,da-15-1--rep-003--base-static,da-15-1--rep-003--base-prospective,6532,837,68,6,10.0,8519,1118,89,8,30.0,1987,281,21,2,20.0,2,2,8,12165,12,0.6,0,0,0,0,0,0,0,0,0,0,0,0,0,0,0
full,luna-top30-full-r10,da-15-1,3,diligent,da-15-1--rep-003--diligent-static,da-15-1--rep-003--diligent-prospective,6532,837,68,6,10.0,9136,1205,87,9,40.0,2604,368,19,3,30.0,3,3,7,13480,16,0.5333333333333333,0,0,0,0,0,0,0,0,0,0,0,0,0,0,0
full,luna-top30-full-r10,da-15-2,1,base,da-15-2--rep-001--base-static,da-15-2--rep-001--base-prospective,5059,666,62,6,10.0,10132,1347,106,12,70.0,5073,681,44,6,60.0,6,6,4,27376,34,0.5666666666666667,0,0,0,0,0,0,0,0,0,0,0,0,0,0,0
full,luna-top30-full-r10,da-15-2,1,diligent,da-15-2--rep-001--diligent-static,da-15-2--rep-001--diligent-prospective,5059,666,62,6,10.0,8564,1144,95,10,50.0,3505,478,33,4,40.0,4,4,6,20565,23,0.575,0,0,0,0,0,0,0,0,0,0,0,0,0,0,0
full,luna-top30-full-r10,da-15-2,2,base,da-15-2--rep-002--base-static,da-15-2--rep-002--base-prospective,5059,666,62,6,10.0,7431,973,86,9,40.0,2372,307,24,3,30.0,3,3,7,14838,19,0.6333333333333333,0,0,0,0,0,0,0,0,0,0,0,0,0,0,0
full,luna-top30-full-r10,da-15-2,2,diligent,da-15-2--rep-002--diligent-static,da-15-2--rep-002--diligent-prospective,5059,666,62,6,10.0,8055,1076,88,10,50.0,2996,410,26,4,40.0,4,4,6,19513,26,0.65,0,0,0,0,0,0,0,1,1,0,0,0,0,0,0
full,luna-top30-full-r10,da-15-2,3,base,da-15-2--rep-003--base-static,da-15-2--rep-003--base-prospective,5059,666,62,6,10.0,9591,1268,100,11,60.0,4532,602,38,5,50.0,5,5,5,28115,32,0.64,0,0,0,0,0,0,0,0,0,0,0,0,0,0,0
full,luna-top30-full-r10,da-15-2,3,diligent,da-15-2--rep-003--diligent-static,da-15-2--rep-003--diligent-prospective,5059,666,62,6,10.0,5880,783,68,7,20.0,821,117,6,1,10.0,1,1,9,4926,6,0.6,0,0,0,0,0,0,0,0,0,0,0,0,0,0,0
full,luna-top30-full-r10,da-15-7,1,base,da-15-7--rep-001--base-static,da-15-7--rep-001--base-prospective,15705,2023,67,6,10.0,20166,2666,97,11,60.0,4461,643,30,5,50.0,5,5,5,22375,25,0.5,0,0,0,0,0,0,1,1,0,0,0,0,0,0,0
full,luna-top30-full-r10,da-15-7,1,diligent,da-15-7--rep-001--diligent-static,da-15-7--rep-001--diligent-prospective,15705,2023,67,6,10.0,17353,2261,81,8,30.0,1648,238,14,2,20.0,2,2,8,11756,14,0.7,0,0,0,0,0,0,0,0,0,0,0,0,0,0,0
full,luna-top30-full-r10,da-15-7,2,base,da-15-7--rep-002--base-static,da-15-7--rep-002--base-prospective,15705,2023,67,6,10.0,21644,2852,103,12,70.0,5939,829,36,6,60.0,6,6,4,40967,41,0.6833333333333333,0,0,0,0,0,0,0,1,1,0,0,0,0,0,0
full,luna-top30-full-r10,da-15-7,2,diligent,da-15-7--rep-002--diligent-static,da-15-7--rep-002--diligent-prospective,15705,2023,67,6,10.0,20976,2777,103,12,70.0,5271,754,36,6,60.0,6,6,4,34752,40,0.6666666666666666,0,0,0,0,0,0,1,0,-1,0,0,0,0,0,0
full,luna-top30-full-r10,da-15-7,3,base,da-15-7--rep-003--base-static,da-15-7--rep-003--base-prospective,15705,2023,67,6,10.0,18628,2411,85,9,40.0,2923,388,18,3,30.0,3,3,7,21209,21,0.7,0,0,0,0,0,0,1,0,-1,0,0,0,0,0,0
full,luna-top30-full-r10,da-15-7,3,diligent,da-15-7--rep-003--diligent-static,da-15-7--rep-003--diligent-prospective,15705,2023,67,6,10.0,17438,2278,81,8,30.0,1733,255,14,2,20.0,2,2,8,10799,13,0.65,0,0,0,0,0,0,0,0,0,0,0,0,0,0,0
full,luna-top30-full-r10,da-15-8,1,base,da-15-8--rep-001--base-static,da-15-8--rep-001--base-prospective,10424,1342,67,6,10.0,13085,1704,85,9,40.0,2661,362,18,3,30.0,3,3,7,20025,23,0.7666666666666667,0,0,0,0,0,0,0,0,0,0,0,0,0,0,0
full,luna-top30-full-r10,da-15-8,1,diligent,da-15-8--rep-001--diligent-static,da-15-8--rep-001--diligent-prospective,10424,1342,67,6,10.0,14685,1924,100,11,60.0,4261,582,33,5,50.0,5,5,5,27558,33,0.66,0,0,0,0,0,0,0,0,0,0,0,0,0,0,0
full,luna-top30-full-r10,da-15-8,2,base,da-15-8--rep-002--base-static,da-15-8--rep-002--base-prospective,10424,1342,67,6,10.0,14081,1872,91,10,50.0,3657,530,24,4,40.0,4,4,6,18409,20,0.5,0,0,0,0,0,0,0,0,0,0,0,0,0,0,0
full,luna-top30-full-r10,da-15-8,2,diligent,da-15-8--rep-002--diligent-static,da-15-8--rep-002--diligent-prospective,10424,1342,67,6,10.0,12196,1581,79,8,30.0,1772,239,12,2,20.0,2,2,8,13035,15,0.75,0,0,0,0,0,0,0,0,0,0,0,0,0,0,0
full,luna-top30-full-r10,da-15-8,3,base,da-15-8--rep-003--base-static,da-15-8--rep-003--base-prospective,10424,1342,67,6,10.0,13253,1742,85,9,40.0,2829,400,18,3,30.0,3,3,7,17337,18,0.6,0,0,0,0,0,0,0,0,0,0,0,0,0,0,0
full,luna-top30-full-r10,da-15-8,3,diligent,da-15-8--rep-003--diligent-static,da-15-8--rep-003--diligent-prospective,10424,1342,67,6,10.0,13193,1737,88,9,40.0,2769,395,21,3,30.0,3,3,7,16557,19,0.6333333333333333,,0,,0,0,0,0,0,0,0,0,0,,0,
full,luna-top30-full-r10,da-16-1,1,base,da-16-1--rep-001--base-static,da-16-1--rep-001--base-prospective,10260,1403,97,9,10.0,12093,1655,115,11,30.0,1833,252,18,2,20.0,2,2,8,12013,14,0.7,0,0,0,0,0,0,0,1,1,0,0,0,0,0,0
full,luna-top30-full-r10,da-16-1,1,diligent,da-16-1--rep-001--diligent-static,da-16-1--rep-001--diligent-prospective,10260,1403,97,9,10.0,12932,1765,117,12,40.0,2672,362,20,3,30.0,3,3,7,16047,18,0.6,0,0,0,0,0,0,0,0,0,0,0,0,0,0,0
full,luna-top30-full-r10,da-16-1,2,base,da-16-1--rep-002--base-static,da-16-1--rep-002--base-prospective,10260,1403,97,9,10.0,15856,2164,138,15,70.0,5596,761,41,6,60.0,6,6,4,30180,31,0.5166666666666667,0,0,0,0,0,0,0,1,1,0,0,0,0,0,0
full,luna-top30-full-r10,da-16-1,2,diligent,da-16-1--rep-002--diligent-static,da-16-1--rep-002--diligent-prospective,10260,1403,97,9,10.0,12194,1666,112,11,30.0,1934,263,15,2,20.0,2,2,8,18547,19,0.95,0,0,0,0,0,0,0,0,0,0,0,0,0,0,0
full,luna-top30-full-r10,da-16-1,3,base,da-16-1--rep-003--base-static,da-16-1--rep-003--base-prospective,10260,1403,97,9,10.0,13805,1881,124,13,50.0,3545,478,27,4,40.0,4,4,6,26658,30,0.75,0,0,0,0,0,0,0,0,0,0,0,0,0,0,0
full,luna-top30-full-r10,da-16-1,3,diligent,da-16-1--rep-003--diligent-static,da-16-1--rep-003--diligent-prospective,10260,1403,97,9,10.0,12811,1753,115,12,40.0,2551,350,18,3,30.0,3,3,7,23036,27,0.9,0,0,0,0,0,0,0,0,0,0,0,0,0,0,0
full,luna-top30-full-r10,da-18-1,1,base,da-18-1--rep-001--base-static,da-18-1--rep-001--base-prospective,5373,734,79,7,10.0,7923,1092,100,10,40.0,2550,358,21,3,30.0,3,3,7,23195,27,0.9,0,0,0,0,0,0,0,0,0,0,0,0,0,0,0
full,luna-top30-full-r10,da-18-1,1,diligent,da-18-1--rep-001--diligent-static,da-18-1--rep-001--diligent-prospective,5373,734,79,7,10.0,10082,1362,112,12,60.0,4709,628,33,5,50.0,5,5,5,23529,26,0.52,0,0,0,0,0,0,0,0,0,0,0,0,0,0,0
full,luna-top30-full-r10,da-18-1,2,base,da-18-1--rep-002--base-static,da-18-1--rep-002--base-prospective,5373,734,79,7,10.0,8542,1175,105,11,50.0,3169,441,26,4,40.0,4,4,6,18517,23,0.575,0,0,0,0,0,0,0,0,0,0,0,0,0,0,0
full,luna-top30-full-r10,da-18-1,2,diligent,da-18-1--rep-002--diligent-static,da-18-1--rep-002--diligent-prospective,5373,734,79,7,10.0,9392,1293,110,12,60.0,4019,559,31,5,50.0,5,5,5,29616,37,0.74,0,0,0,0,0,0,0,0,0,0,0,0,0,0,0
full,luna-top30-full-r10,da-18-1,3,base,da-18-1--rep-003--base-static,da-18-1--rep-003--base-prospective,5373,734,79,7,10.0,8727,1215,103,11,50.0,3354,481,24,4,40.0,4,4,6,19744,25,0.625,0,0,0,0,0,0,0,1,1,0,0,0,0,0,0
full,luna-top30-full-r10,da-18-1,3,diligent,da-18-1--rep-003--diligent-static,da-18-1--rep-003--diligent-prospective,5373,734,79,7,10.0,8076,1075,99,10,40.0,2703,341,20,3,30.0,3,3,7,21890,24,0.8,0,0,0,0,0,0,0,0,0,0,0,0,0,0,0
full,luna-top30-full-r10,da-18-5,1,base,da-18-5--rep-001--base-static,da-18-5--rep-001--base-prospective,5886,785,89,8,10.0,6570,886,95,9,20.0,684,101,6,1,10.0,1,1,9,6156,9,0.9,0,0,0,0,0,0,0,0,0,0,0,0,0,0,0
full,luna-top30-full-r10,da-18-5,1,diligent,da-18-5--rep-001--diligent-static,da-18-5--rep-001--diligent-prospective,5886,785,89,8,10.0,10146,1381,124,13,60.0,4260,596,35,5,50.0,5,5,5,23031,28,0.56,0,0,0,0,0,0,0,0,0,0,0,0,0,0,0
full,luna-top30-full-r10,da-18-5,2,base,da-18-5--rep-002--base-static,da-18-5--rep-002--base-prospective,5886,785,89,8,10.0,11276,1532,137,14,70.0,5390,747,48,6,60.0,6,6,4,32047,37,0.6166666666666667,0,0,0,0,0,0,0,0,0,0,0,0,0,0,0
full,luna-top30-full-r10,da-18-5,2,diligent,da-18-5--rep-002--diligent-static,da-18-5--rep-002--diligent-prospective,5886,785,89,8,10.0,7384,989,101,10,30.0,1498,204,12,2,20.0,2,2,8,11620,15,0.75,0,0,0,0,0,0,0,0,0,0,0,0,0,0,0
full,luna-top30-full-r10,da-18-5,3,base,da-18-5--rep-003--base-static,da-18-5--rep-003--base-prospective,5886,785,89,8,10.0,8435,1146,111,11,40.0,2549,361,22,3,30.0,3,3,7,16360,20,0.6666666666666666,0,0,0,0,0,0,0,0,0,0,0,0,0,0,0
full,luna-top30-full-r10,da-18-5,3,diligent,da-18-5--rep-003--diligent-static,da-18-5--rep-003--diligent-prospective,5886,785,89,8,10.0,8715,1182,112,11,40.0,2829,397,23,3,30.0,3,3,7,16602,18,0.6,0,0,0,0,0,0,0,0,0,0,0,0,0,0,0
full,luna-top30-full-r10,da-18-7,1,base,da-18-7--rep-001--base-static,da-18-7--rep-001--base-prospective,5121,695,79,7,10.0,6720,918,93,9,30.0,1599,223,14,2,20.0,2,2,8,15181,19,0.95,0,0,0,0,0,0,0,0,0,0,0,0,1,0,-1
full,luna-top30-full-r10,da-18-7,1,diligent,da-18-7--rep-001--diligent-static,da-18-7--rep-001--diligent-prospective,5121,695,79,7,10.0,7724,1062,98,10,40.0,2603,367,19,3,30.0,3,3,7,12349,15,0.5,0,0,0,0,0,0,0,0,0,0,0,0,0,0,0
full,luna-top30-full-r10,da-18-7,2,base,da-18-7--rep-002--base-static,da-18-7--rep-002--base-prospective,5121,695,79,7,10.0,9776,1340,125,12,60.0,4655,645,46,5,50.0,5,5,5,35774,39,0.78,0,0,0,0,0,0,0,0,0,0,0,0,0,0,0
full,luna-top30-full-r10,da-18-7,2,diligent,da-18-7--rep-002--diligent-static,da-18-7--rep-002--diligent-prospective,5121,695,79,7,10.0,9069,1245,111,12,60.0,3948,550,32,5,50.0,5,5,5,23229,30,0.6,0,0,0,0,0,0,0,0,0,0,0,0,0,0,0
full,luna-top30-full-r10,da-18-7,3,base,da-18-7--rep-003--base-static,da-18-7--rep-003--base-prospective,5121,695,79,7,10.0,7591,1036,98,10,40.0,2470,341,19,3,30.0,3,3,7,19100,24,0.8,0,0,0,0,0,0,0,0,0,0,0,0,0,0,0
full,luna-top30-full-r10,da-18-7,3,diligent,da-18-7--rep-003--diligent-static,da-18-7--rep-003--diligent-prospective,5121,695,79,7,10.0,7725,1062,100,10,40.0,2604,367,21,3,30.0,3,3,7,15555,18,0.6,0,0,0,0,0,0,0,0,0,0,0,0,0,0,0
full,luna-top30-full-r10,da-19-1,1,base,da-19-1--rep-001--base-static,da-19-1--rep-001--base-prospective,10314,1424,99,9,10.0,13059,1820,117,12,40.0,2745,396,18,3,30.0,3,3,7,21476,24,0.8,0,0,0,0,0,0,0,0,0,0,0,0,0,0,0
full,luna-top30-full-r10,da-19-1,1,diligent,da-19-1--rep-001--diligent-static,da-19-1--rep-001--diligent-prospective,10314,1424,99,9,10.0,11931,1654,113,11,30.0,1617,230,14,2,20.0,2,2,8,11025,13,0.65,0,0,0,0,0,0,0,0,0,0,0,0,0,0,0
full,luna-top30-full-r10,da-19-1,2,base,da-19-1--rep-002--base-static,da-19-1--rep-002--base-prospective,10314,1424,99,9,10.0,13036,1795,117,12,40.0,2722,371,18,3,30.0,3,3,7,18523,20,0.6666666666666666,0,0,0,0,0,0,0,0,0,0,0,0,0,0,0
full,luna-top30-full-r10,da-19-1,2,diligent,da-19-1--rep-002--diligent-static,da-19-1--rep-002--diligent-prospective,10314,1424,99,9,10.0,13350,1838,123,13,50.0,3036,414,24,4,40.0,4,4,6,21863,28,0.7,0,0,0,0,0,0,0,0,0,0,0,0,0,0,0
full,luna-top30-full-r10,da-19-1,3,base,da-19-1--rep-003--base-static,da-19-1--rep-003--base-prospective,10314,1424,99,9,10.0,13669,1899,124,13,50.0,3355,475,25,4,40.0,4,4,6,26902,32,0.8,0,1,1,0,1,1,0,1,1,0,0,0,0,1,1
full,luna-top30-full-r10,da-19-1,3,diligent,da-19-1--rep-003--diligent-static,da-19-1--rep-003--diligent-prospective,10314,1424,99,9,10.0,11175,1538,105,10,20.0,861,114,6,1,10.0,1,1,9,6027,7,0.7,0,,,0,0,0,0,0,0,0,0,0,0,,
full,luna-top30-full-r10,da-19-6,1,base,da-19-6--rep-001--base-static,da-19-6--rep-001--base-prospective,10437,1400,79,7,10.0,11253,1512,85,8,20.0,816,112,6,1,10.0,1,1,9,2448,3,0.3,0,0,0,0,0,0,0,0,0,0,0,0,0,0,0
full,luna-top30-full-r10,da-19-6,1,diligent,da-19-6--rep-001--diligent-static,da-19-6--rep-001--diligent-prospective,10437,1400,79,7,10.0,13628,1862,105,11,50.0,3191,462,26,4,40.0,4,4,6,16556,21,0.525,0,0,0,0,0,0,0,0,0,0,0,0,0,0,0
full,luna-top30-full-r10,da-19-6,2,base,da-19-6--rep-002--base-static,da-19-6--rep-002--base-prospective,10437,1400,79,7,10.0,12392,1666,95,9,30.0,1955,266,16,2,20.0,2,2,8,18477,19,0.95,0,0,0,0,0,0,1,0,-1,0,0,0,0,0,0
full,luna-top30-full-r10,da-19-6,2,diligent,da-19-6--rep-002--diligent-static,da-19-6--rep-002--diligent-prospective,10437,1400,79,7,10.0,11338,1517,89,8,20.0,901,117,10,1,10.0,1,1,9,6307,7,0.7,0,0,0,0,0,0,0,0,0,0,0,0,0,0,0
full,luna-top30-full-r10,da-19-6,3,base,da-19-6--rep-003--base-static,da-19-6--rep-003--base-prospective,10437,1400,79,7,10.0,12453,1681,91,9,30.0,2016,281,12,2,20.0,2,2,8,10248,10,0.5,0,0,0,0,0,0,0,0,0,0,0,0,0,0,0
full,luna-top30-full-r10,da-19-6,3,diligent,da-19-6--rep-003--diligent-static,da-19-6--rep-003--diligent-prospective,10437,1400,79,7,10.0,11404,1539,86,8,20.0,967,139,7,1,10.0,1,1,9,8703,9,0.9,0,0,0,0,0,0,0,0,0,0,0,0,0,0,0
full,luna-top30-full-r10,da-20-1,1,base,da-20-1--rep-001--base-static,da-20-1--rep-001--base-prospective,8458,1138,79,7,10.0,11311,1527,97,10,40.0,2853,389,18,3,30.0,3,3,7,14573,15,0.5,0,0,0,0,0,0,0,1,1,0,0,0,0,0,0
full,luna-top30-full-r10,da-20-1,1,diligent,da-20-1--rep-001--diligent-static,da-20-1--rep-001--diligent-prospective,8458,1138,79,7,10.0,10162,1382,91,9,30.0,1704,244,12,2,20.0,2,2,8,8499,11,0.55,0,0,0,0,0,0,0,0,0,0,0,0,0,0,0
full,luna-top30-full-r10,da-20-1,2,base,da-20-1--rep-002--base-static,da-20-1--rep-002--base-prospective,8458,1138,79,7,10.0,14429,1978,121,14,80.0,5971,840,42,7,70.0,7,7,3,29826,36,0.5142857142857142,0,0,0,0,0,0,0,1,1,0,0,0,0,0,0
full,luna-top30-full-r10,da-20-1,2,diligent,da-20-1--rep-002--diligent-static,da-20-1--rep-002--diligent-prospective,8458,1138,79,7,10.0,10483,1416,92,9,30.0,2025,278,13,2,20.0,2,2,8,19220,19,0.95,0,0,0,0,0,0,0,0,0,0,0,0,0,0,0
full,luna-top30-full-r10,da-20-1,3,base,da-20-1--rep-003--base-static,da-20-1--rep-003--base-prospective,8458,1138,79,7,10.0,11018,1493,97,10,40.0,2560,355,18,3,30.0,3,3,7,12158,14,0.4666666666666667,0,0,0,0,0,0,0,1,1,0,0,0,0,0,0
full,luna-top30-full-r10,da-20-1,3,diligent,da-20-1--rep-003--diligent-static,da-20-1--rep-003--diligent-prospective,8458,1138,79,7,10.0,10236,1386,91,9,30.0,1778,248,12,2,20.0,2,2,8,9026,10,0.5,0,0,0,0,0,0,0,0,0,0,0,0,0,0,0
full,luna-top30-full-r10,da-20-3,1,base,da-20-3--rep-001--base-static,da-20-3--rep-001--base-prospective,8638,1231,79,7,10.0,14603,2077,121,14,80.0,5965,846,42,7,70.0,7,7,3,28134,33,0.4714285714285714,1,0,-1,1,0,-1,1,1,0,1,0,-1,0,0,0
full,luna-top30-full-r10,da-20-3,1,diligent,da-20-3--rep-001--diligent-static,da-20-3--rep-001--diligent-prospective,8638,1231,79,7,10.0,15504,2221,127,15,90.0,6866,990,48,8,80.0,8,8,2,35915,42,0.525,0,,,0,,,1,1,0,0,,,0,0,0
full,luna-top30-full-r10,da-20-3,2,base,da-20-3--rep-002--base-static,da-20-3--rep-002--base-prospective,8638,1231,79,7,10.0,16343,2295,143,16,100.0,7705,1064,64,9,90.0,9,9,1,40227,48,0.5333333333333333,,0,,0,0,0,0,0,0,,0,,0,0,0
full,luna-top30-full-r10,da-20-3,2,diligent,da-20-3--rep-002--diligent-static,da-20-3--rep-002--diligent-prospective,8638,1231,79,7,10.0,16087,2293,127,15,90.0,7449,1062,48,8,80.0,8,8,2,39088,42,0.525,0,1,1,0,1,1,0,1,1,0,1,1,0,0,0
full,luna-top30-full-r10,da-20-3,3,base,da-20-3--rep-003--base-static,da-20-3--rep-003--base-prospective,8638,1231,79,7,10.0,16417,2312,133,16,100.0,7779,1081,54,9,90.0,9,9,1,45031,50,0.5555555555555556,1,1,0,1,1,0,1,1,0,1,1,0,0,0,0
full,luna-top30-full-r10,da-20-3,3,diligent,da-20-3--rep-003--diligent-static,da-20-3--rep-003--diligent-prospective,8638,1231,79,7,10.0,14748,2062,125,14,80.0,6110,831,46,7,70.0,7,7,3,36619,41,0.5857142857142857,0,0,0,0,0,0,1,1,0,0,0,0,0,0,0
full,luna-top30-full-r10,da-20-4,1,base,da-20-4--rep-001--base-static,da-20-4--rep-001--base-prospective,7311,986,77,7,10.0,15862,2141,150,15,90.0,8551,1155,73,8,80.0,8,8,2,53598,51,0.6375,0,,,0,,,1,1,0,0,,,0,0,0
full,luna-top30-full-r10,da-20-4,1,diligent,da-20-4--rep-001--diligent-static,da-20-4--rep-001--diligent-prospective,7311,986,77,7,10.0,10757,1447,113,11,50.0,3446,461,36,4,40.0,4,4,6,18471,21,0.525,0,0,0,0,0,0,0,1,1,0,0,0,0,0,0
full,luna-top30-full-r10,da-20-4,2,base,da-20-4--rep-002--base-static,da-20-4--rep-002--base-prospective,7311,986,77,7,10.0,11679,1597,117,12,60.0,4368,611,40,5,50.0,5,5,5,33885,39,0.78,1,0,-1,1,0,-1,1,1,0,0,0,0,1,0,-1
full,luna-top30-full-r10,da-20-4,2,diligent,da-20-4--rep-002--diligent-static,da-20-4--rep-002--diligent-prospective,7311,986,77,7,10.0,11716,1564,105,11,50.0,4405,578,28,4,40.0,4,4,6,34590,31,0.775,0,0,0,0,0,0,0,1,1,0,0,0,0,0,0
full,luna-top30-full-r10,da-20-4,3,base,da-20-4--rep-003--base-static,da-20-4--rep-003--base-prospective,7311,986,77,7,10.0,12504,1664,126,12,60.0,5193,678,49,5,50.0,5,5,5,33944,33,0.66,1,1,0,1,1,0,1,1,0,1,1,0,1,1,0
full,luna-top30-full-r10,da-20-4,3,diligent,da-20-4--rep-003--diligent-static,da-20-4--rep-003--diligent-prospective,7311,986,77,7,10.0,10203,1372,99,10,40.0,2892,386,22,3,30.0,3,3,7,16126,18,0.6,0,,,0,0,0,0,0,0,0,,,0,0,0
full,luna-top30-full-r10,da-24-3,1,base,da-24-3--rep-001--base-static,da-24-3--rep-001--base-prospective,5783,796,95,9,10.0,10465,1410,129,14,60.0,4682,614,34,5,50.0,5,5,5,27575,29,0.58,0,0,0,0,0,0,0,0,0,0,0,0,0,0,0
full,luna-top30-full-r10,da-24-3,1,diligent,da-24-3--rep-001--diligent-static,da-24-3--rep-001--diligent-prospective,5783,796,95,9,10.0,9564,1294,127,13,50.0,3781,498,32,4,40.0,4,4,6,26349,28,0.7,0,0,0,0,0,0,0,0,0,0,0,0,0,0,0
full,luna-top30-full-r10,da-24-3,2,base,da-24-3--rep-002--base-static,da-24-3--rep-002--base-prospective,5783,796,95,9,10.0,10623,1458,135,14,60.0,4840,662,40,5,50.0,5,5,5,31429,33,0.66,0,0,0,0,0,0,0,0,0,0,0,0,0,0,0
full,luna-top30-full-r10,da-24-3,2,diligent,da-24-3--rep-002--diligent-static,da-24-3--rep-002--diligent-prospective,5783,796,95,9,10.0,11877,1622,147,16,80.0,6094,826,52,7,70.0,7,7,3,32796,40,0.5714285714285714,0,0,0,0,0,0,0,0,0,0,0,0,0,0,0
full,luna-top30-full-r10,da-24-3,3,base,da-24-3--rep-003--base-static,da-24-3--rep-003--base-prospective,5783,796,95,9,10.0,9263,1262,123,13,50.0,3480,466,28,4,40.0,4,4,6,22454,26,0.65,0,0,0,0,0,0,0,0,0,0,0,0,0,0,0
full,luna-top30-full-r10,da-24-3,3,diligent,da-24-3--rep-003--diligent-static,da-24-3--rep-003--diligent-prospective,5783,796,95,9,10.0,11430,1547,135,15,70.0,5647,751,40,6,60.0,6,6,4,31140,34,0.5666666666666667,0,0,0,0,0,0,0,0,0,0,0,0,0,0,0
full,luna-top30-full-r10,da-25-1,1,base,da-25-1--rep-001--base-static,da-25-1--rep-001--base-prospective,6772,963,88,8,10.0,8701,1235,102,10,30.0,1929,272,14,2,20.0,2,2,8,18375,19,0.95,0,0,0,0,0,0,0,1,1,0,0,0,0,0,0
full,luna-top30-full-r10,da-25-1,1,diligent,da-25-1--rep-001--diligent-static,da-25-1--rep-001--diligent-prospective,6772,963,88,8,10.0,9279,1323,108,11,40.0,2507,360,20,3,30.0,3,3,7,12175,15,0.5,0,0,0,0,0,0,0,1,1,0,0,0,0,0,0
full,luna-top30-full-r10,da-25-1,2,base,da-25-1--rep-002--base-static,da-25-1--rep-002--base-prospective,6772,963,88,8,10.0,10476,1483,126,12,50.0,3704,520,38,4,40.0,4,4,6,25636,26,0.65,0,0,0,0,0,0,0,0,0,0,0,0,0,0,0
full,luna-top30-full-r10,da-25-1,2,diligent,da-25-1--rep-002--diligent-static,da-25-1--rep-002--diligent-prospective,6772,963,88,8,10.0,9194,1298,106,11,40.0,2422,335,18,3,30.0,3,3,7,12374,15,0.5,0,0,0,0,0,0,0,1,1,0,0,0,0,0,0
full,luna-top30-full-r10,da-25-1,3,base,da-25-1--rep-003--base-static,da-25-1--rep-003--base-prospective,6772,963,88,8,10.0,9921,1397,116,12,50.0,3149,434,28,4,40.0,4,4,6,13150,17,0.425,0,0,0,0,0,0,0,0,0,0,0,0,0,0,0
full,luna-top30-full-r10,da-25-1,3,diligent,da-25-1--rep-003--diligent-static,da-25-1--rep-003--diligent-prospective,6772,963,88,8,10.0,8970,1264,107,11,40.0,2198,301,19,3,30.0,3,3,7,7229,10,0.3333333333333333,0,0,0,0,0,0,0,0,0,0,0,0,0,0,0
full,luna-top30-full-r10,da-26-2,1,base,da-26-2--rep-001--base-static,da-26-2--rep-001--base-prospective,5399,747,95,9,10.0,7619,1057,114,12,40.0,2220,310,19,3,30.0,3,3,7,14716,20,0.6666666666666666,1,1,0,1,1,0,1,1,0,1,1,0,1,0,-1
full,luna-top30-full-r10,da-26-2,1,diligent,da-26-2--rep-001--diligent-static,da-26-2--rep-001--diligent-prospective,5399,747,95,9,10.0,7811,1089,116,12,40.0,2412,342,21,3,30.0,3,3,7,16330,21,0.7,0,0,0,0,0,0,1,1,0,0,0,0,0,0,0
full,luna-top30-full-r10,da-26-2,2,base,da-26-2--rep-002--base-static,da-26-2--rep-002--base-prospective,5399,747,95,9,10.0,10665,1459,143,15,70.0,5266,712,48,6,60.0,6,6,4,35201,42,0.7,0,0,0,0,0,0,1,1,0,0,0,0,0,0,0
full,luna-top30-full-r10,da-26-2,2,diligent,da-26-2--rep-002--diligent-static,da-26-2--rep-002--diligent-prospective,5399,747,95,9,10.0,12232,1685,147,17,90.0,6833,938,52,8,80.0,8,8,2,39089,45,0.5625,0,0,0,0,0,0,1,1,0,0,0,0,0,0,0
full,luna-top30-full-r10,da-26-2,3,base,da-26-2--rep-003--base-static,da-26-2--rep-003--base-prospective,5399,747,95,9,10.0,8818,1222,133,13,50.0,3419,475,38,4,40.0,4,4,6,23664,28,0.7,1,0,-1,1,0,-1,1,1,0,0,0,0,1,0,-1
full,luna-top30-full-r10,da-26-2,3,diligent,da-26-2--rep-003--diligent-static,da-26-2--rep-003--diligent-prospective,5399,747,95,9,10.0,11804,1684,159,17,90.0,6405,937,64,8,80.0,8,8,2,36642,46,0.575,0,0,0,0,0,0,1,1,0,0,0,0,0,0,0
full,luna-top30-full-r10,da-26-4,1,base,da-26-4--rep-001--base-static,da-26-4--rep-001--base-prospective,6337,793,95,9,10.0,12236,1615,150,16,80.0,5899,822,55,7,70.0,7,7,3,41121,49,0.7,0,0,0,0,0,0,1,1,0,0,0,0,0,0,0
full,luna-top30-full-r10,da-26-4,1,diligent,da-26-4--rep-001--diligent-static,da-26-4--rep-001--diligent-prospective,6337,793,95,9,10.0,12028,1592,142,16,80.0,5691,799,47,7,70.0,7,7,3,36460,46,0.6571428571428571,1,1,0,1,1,0,1,1,0,0,0,0,1,1,0
full,luna-top30-full-r10,da-26-4,2,base,da-26-4--rep-002--base-static,da-26-4--rep-002--base-prospective,6337,793,95,9,10.0,11567,1509,137,15,70.0,5230,716,42,6,60.0,6,6,4,26340,29,0.48333333333333334,1,1,0,1,1,0,1,1,0,1,1,0,0,1,1
full,luna-top30-full-r10,da-26-4,2,diligent,da-26-4--rep-002--diligent-static,da-26-4--rep-002--diligent-prospective,6337,793,95,9,10.0,13484,1790,153,17,90.0,7147,997,58,8,80.0,8,8,2,41067,47,0.5875,1,1,0,1,1,0,1,1,0,0,0,0,1,1,0
full,luna-top30-full-r10,da-26-4,3,base,da-26-4--rep-003--base-static,da-26-4--rep-003--base-prospective,6337,793,95,9,10.0,14953,1956,170,19,110.0,8616,1163,75,10,100.0,10,10,0,47022,55,0.55,0,0,0,0,0,0,1,1,0,0,0,0,0,0,0
full,luna-top30-full-r10,da-26-4,3,diligent,da-26-4--rep-003--diligent-static,da-26-4--rep-003--diligent-prospective,6337,793,95,9,10.0,9652,1248,125,13,50.0,3315,455,30,4,40.0,4,4,6,21320,26,0.65,0,0,0,0,0,0,1,1,0,0,0,0,0,0,0
full,luna-top30-full-r10,da-3-4,1,base,da-3-4--rep-001--base-static,da-3-4--rep-001--base-prospective,6649,921,67,6,10.0,10160,1409,91,10,50.0,3511,488,24,4,40.0,4,4,6,18610,20,0.5,0,0,0,0,0,0,0,0,0,0,0,0,0,0,0
full,luna-top30-full-r10,da-3-4,1,diligent,da-3-4--rep-001--diligent-static,da-3-4--rep-001--diligent-prospective,6649,921,67,6,10.0,9134,1268,85,9,40.0,2485,347,18,3,30.0,3,3,7,11779,15,0.5,0,0,0,0,0,0,0,0,0,0,0,0,0,0,0
full,luna-top30-full-r10,da-3-4,2,base,da-3-4--rep-002--base-static,da-3-4--rep-002--base-prospective,6649,921,67,6,10.0,10962,1510,100,11,60.0,4313,589,33,5,50.0,5,5,5,30956,37,0.74,0,0,0,0,0,0,0,0,0,0,0,0,0,0,0
full,luna-top30-full-r10,da-3-4,2,diligent,da-3-4--rep-002--diligent-static,da-3-4--rep-002--diligent-prospective,6649,921,67,6,10.0,8958,1252,90,9,40.0,2309,331,23,3,30.0,3,3,7,13324,18,0.6,0,0,0,0,0,0,0,0,0,0,0,0,0,0,0
full,luna-top30-full-r10,da-3-4,3,base,da-3-4--rep-003--base-static,da-3-4--rep-003--base-prospective,6649,921,67,6,10.0,7400,1030,77,7,20.0,751,109,10,1,10.0,1,1,9,6759,9,0.9,0,0,0,0,0,0,0,0,0,0,0,0,0,0,0
full,luna-top30-full-r10,da-3-4,3,diligent,da-3-4--rep-003--diligent-static,da-3-4--rep-003--diligent-prospective,6649,921,67,6,10.0,7451,1032,73,7,20.0,802,111,6,1,10.0,1,1,9,4812,6,0.6,0,0,0,0,0,0,0,0,0,0,0,0,0,0,0
