setting,task_id,replicate,coverage,original_admitted,candidate_admitted,original_W,candidate_W,delta_W,original_S,candidate_S,delta_S,original_H,candidate_H,delta_H,original_A,candidate_A,delta_A,original_WS,candidate_WS,delta_WS,original_WA,candidate_WA,delta_WA,original_SH,candidate_SH,delta_SH,original_HA,candidate_HA,delta_HA
full,da-10-1,1,none->admitted,0,1,97.0,100.0,3.0,86.0,95.5,9.5,75.66666666666666,98.5,22.833333333333343,38,80.5,42.5,11.0,4.5,-6.5,59.0,19.5,-39.5,10.333333333333336,-3.0,-13.333333333333336,37.666666666666664,18.0,-19.666666666666664
full,da-10-1,2,admitted->admitted,2,1,100.0,100.0,0.0,74.0,92.0,18.0,76.16666666666666,92.0,15.833333333333343,64.5,88,23.5,26.0,8.0,-18.0,35.5,12.0,-23.5,-2.1666666666666643,0.0,2.1666666666666643,11.666666666666664,4.0,-7.666666666666664
full,da-10-1,3,none->none,0,0,100.0,100.0,0.0,85.0,80.5,-4.5,87.0,76.83333333333334,-10.166666666666657,50.5,67,16.5,15.0,19.5,4.5,49.5,33.0,-16.5,-2.0,3.6666666666666643,5.666666666666664,36.5,9.833333333333336,-26.666666666666664
full,da-10-3,1,admitted->admitted,1,1,100.0,100.0,0.0,87.0,82.5,-4.5,88.16666666666666,75.33333333333333,-12.833333333333329,62.5,60,-2.5,13.0,17.5,4.5,37.5,40.0,2.5,-1.1666666666666643,7.166666666666668,8.333333333333332,25.666666666666664,15.333333333333332,-10.333333333333332
full,da-10-3,2,none->none,0,0,100.0,100.0,0.0,97.5,97.5,0.0,97.5,96.66666666666666,-0.8333333333333428,65,67,2,2.5,2.5,0.0,35.0,33.0,-2.0,0.0,0.8333333333333357,0.8333333333333357,32.5,29.666666666666664,-2.8333333333333357
full,da-10-3,3,none->admitted,0,1,100.0,100.0,0.0,93.0,100.0,7.0,93.0,94.66666666666666,1.6666666666666572,68.5,66,-2.5,7.0,0.0,-7.0,31.5,34.0,2.5,0.0,5.333333333333336,5.333333333333336,24.5,28.666666666666664,4.166666666666664
full,da-12-2,1,admitted->admitted,2,2,100.0,100.0,0.0,100.0,100.0,0.0,100.0,97.5,-2.5,90,59,-31,0.0,0.0,0.0,10.0,41.0,31.0,0.0,2.5,2.5,10.0,38.5,28.5
full,da-12-2,2,admitted->admitted,1,1,100.0,100.0,0.0,97.5,100.0,2.5,97.5,97.5,0.0,54,46.5,-7.5,2.5,0.0,-2.5,46.0,53.5,7.5,0.0,2.5,2.5,43.5,51.0,7.5
full,da-12-2,3,admitted->admitted,1,2,100.0,100.0,0.0,97.5,82.5,-15.0,97.5,84.16666666666666,-13.333333333333343,72.5,36.5,-36.0,2.5,17.5,15.0,27.5,63.5,36.0,0.0,-1.6666666666666643,-1.6666666666666643,25.0,47.666666666666664,22.666666666666664
full,da-12-4,1,admitted->none,1,0,100.0,100.0,0.0,100.0,100.0,0.0,95.5,98.5,3.0,50,80,30,0.0,0.0,0.0,50.0,20.0,-30.0,4.5,1.5,-3.0,45.5,18.5,-27.0
full,da-12-4,2,none->admitted,0,1,100.0,100.0,0.0,100.0,88.5,-11.5,100.0,87.16666666666667,-12.833333333333329,54,32,-22,0.0,11.5,11.5,46.0,68.0,22.0,0.0,1.3333333333333286,1.3333333333333286,46.0,55.16666666666667,9.166666666666671
full,da-12-4,3,admitted->admitted,2,1,100.0,100.0,0.0,100.0,95.5,-4.5,100.0,95.5,-4.5,88,88.5,0.5,0.0,4.5,4.5,12.0,11.5,-0.5,0.0,0.0,0.0,12.0,7.0,-5.0
full,da-13-1,1,admitted->none,1,0,100.0,100.0,0.0,95.5,100.0,4.5,89.66666666666666,100.0,10.333333333333343,80.5,77,-3.5,4.5,0.0,-4.5,19.5,23.0,3.5,5.833333333333336,0.0,-5.833333333333336,9.166666666666664,23.0,13.833333333333336
full,da-13-1,2,admitted->none,1,0,100.0,100.0,0.0,95.5,88.5,-7.0,91.0,90.33333333333333,-0.6666666666666714,62.5,67,4.5,4.5,11.5,7.0,37.5,33.0,-4.5,4.5,-1.8333333333333286,-6.333333333333329,28.5,23.33333333333333,-5.166666666666671
full,da-13-1,3,admitted->none,1,0,95.0,100.0,5.0,57.0,86.0,29.0,54.0,86.16666666666666,32.16666666666666,59,59,0,38.0,14.0,-24.0,36.0,41.0,5.0,3.0,-0.1666666666666643,-3.1666666666666643,-5.0,27.166666666666664,32.166666666666664
full,da-13-3,1,none->none,0,0,100.0,100.0,0.0,97.5,100.0,2.5,97.5,100.0,2.5,88.5,84,-4.5,2.5,0.0,-2.5,11.5,16.0,4.5,0.0,0.0,0.0,9.0,16.0,7.0
full,da-13-3,2,admitted->admitted,1,1,100.0,100.0,0.0,100.0,100.0,0.0,100.0,100.0,0.0,84,80.5,-3.5,0.0,0.0,0.0,16.0,19.5,3.5,0.0,0.0,0.0,16.0,19.5,3.5
full,da-13-3,3,admitted->none,1,0,100.0,100.0,0.0,100.0,100.0,0.0,100.0,100.0,0.0,86.5,89,2.5,0.0,0.0,0.0,13.5,11.0,-2.5,0.0,0.0,0.0,13.5,11.0,-2.5
full,da-13-5,1,admitted->admitted,1,2,100.0,100.0,0.0,92.5,100.0,7.5,93.33333333333333,96.66666666666666,3.3333333333333286,78.5,90.5,12.0,7.5,0.0,-7.5,21.5,9.5,-12.0,-0.8333333333333286,3.3333333333333357,4.166666666666664,14.833333333333329,6.166666666666664,-8.666666666666664
full,da-13-5,2,admitted->admitted,2,1,100.0,100.0,0.0,95.0,92.5,-2.5,91.66666666666667,91.66666666666667,0.0,70,78,8,5.0,7.5,2.5,30.0,22.0,-8.0,3.3333333333333286,0.8333333333333286,-2.5,21.66666666666667,13.666666666666671,-8.0
full,da-13-5,3,admitted->none,1,0,100.0,100.0,0.0,100.0,92.5,-7.5,98.33333333333334,90.0,-8.333333333333343,80,85,5,0.0,7.5,7.5,20.0,15.0,-5.0,1.6666666666666643,2.5,0.8333333333333357,18.333333333333336,5.0,-13.333333333333336
full,da-13-6,1,none->admitted,0,1,100.0,100.0,0.0,75.0,100.0,25.0,81.66666666666666,100.0,18.333333333333343,83,86.5,3.5,25.0,0.0,-25.0,17.0,13.5,-3.5,-6.666666666666664,0.0,6.666666666666664,-1.3333333333333357,13.5,14.833333333333336
full,da-13-6,2,none->none,0,0,100.0,100.0,0.0,100.0,90.0,-10.0,100.0,97.5,-2.5,78,59,-19,0.0,10.0,10.0,22.0,41.0,19.0,0.0,-7.5,-7.5,22.0,38.5,16.5
full,da-13-6,3,none->none,0,0,100.0,100.0,0.0,95.0,75.0,-20.0,96.66666666666667,81.66666666666667,-15.0,55,83.5,28.5,5.0,25.0,20.0,45.0,16.5,-28.5,-1.6666666666666714,-6.666666666666671,-5.0,41.66666666666667,-1.8333333333333286,-43.5
full,da-14-1,1,none->none,0,0,100.0,100.0,0.0,67.0,91.5,24.5,71.5,97.66666666666666,26.166666666666657,59,74,15,33.0,8.5,-24.5,41.0,26.0,-15.0,-4.5,-6.166666666666664,-1.6666666666666643,12.5,23.666666666666664,11.166666666666664
full,da-14-1,2,admitted->none,1,0,100.0,100.0,0.0,89.0,89.0,0.0,85.0,85.0,0.0,85,85,0,11.0,11.0,0.0,15.0,15.0,0.0,4.0,4.0,0.0,0.0,0.0,0.0
full,da-14-1,3,admitted->admitted,1,1,100.0,100.0,0.0,88.0,96.5,8.5,79.66666666666667,91.5,11.833333333333329,86.5,78.5,-8.0,12.0,3.5,-8.5,13.5,21.5,8.0,8.333333333333329,5.0,-3.3333333333333286,-6.833333333333329,13.0,19.83333333333333
full,da-14-3,1,none->admitted,0,1,100.0,100.0,0.0,100.0,100.0,0.0,100.0,98.16666666666666,-1.8333333333333428,90.5,80.5,-10.0,0.0,0.0,0.0,9.5,19.5,10.0,0.0,1.8333333333333357,1.8333333333333357,9.5,17.666666666666664,8.166666666666664
full,da-14-3,2,none->admitted,0,2,100.0,100.0,0.0,100.0,100.0,0.0,95.66666666666666,100.0,4.333333333333343,71,85.5,14.5,0.0,0.0,0.0,29.0,14.5,-14.5,4.333333333333336,0.0,-4.333333333333336,24.666666666666664,14.5,-10.166666666666664
full,da-14-3,3,admitted->admitted,1,1,100.0,100.0,0.0,100.0,100.0,0.0,100.0,100.0,0.0,89.5,92.5,3.0,0.0,0.0,0.0,10.5,7.5,-3.0,0.0,0.0,0.0,10.5,7.5,-3.0
full,da-14-8,1,none->admitted,0,1,100.0,100.0,0.0,95.0,100.0,5.0,98.33333333333334,100.0,1.6666666666666572,60,64,4,5.0,0.0,-5.0,40.0,36.0,-4.0,-3.3333333333333357,0.0,3.3333333333333357,38.333333333333336,36.0,-2.3333333333333357
full,da-14-8,2,admitted->admitted,1,1,100.0,100.0,0.0,100.0,95.0,-5.0,100.0,95.83333333333333,-4.166666666666671,45,38,-7,0.0,5.0,5.0,55.0,62.0,7.0,0.0,-0.8333333333333286,-0.8333333333333286,55.0,57.83333333333333,2.8333333333333286
full,da-14-8,3,admitted->none,1,0,100.0,100.0,0.0,87.5,100.0,12.5,95.83333333333334,100.0,4.166666666666657,52.5,60,7.5,12.5,0.0,-12.5,47.5,40.0,-7.5,-8.333333333333336,0.0,8.333333333333336,43.333333333333336,40.0,-3.3333333333333357
full,da-15-1,1,admitted->none,1,0,87.0,100.0,13.0,81.0,100.0,19.0,79.83333333333333,96.16666666666667,16.333333333333343,51,63.5,12.5,6.0,0.0,-6.0,36.0,36.5,0.5,1.1666666666666714,3.8333333333333286,2.666666666666657,28.83333333333333,32.66666666666667,3.833333333333343
full,da-15-1,2,none->none,0,0,77.0,77.0,0.0,64.5,77.0,12.5,66.16666666666666,72.83333333333334,6.666666666666686,65,79,14,12.5,0.0,-12.5,12.0,-2.0,-14.0,-1.6666666666666643,4.166666666666664,5.833333333333329,1.1666666666666643,-6.166666666666664,-7.333333333333329
full,da-15-1,3,none->none,0,0,87.0,87.0,0.0,87.0,84.5,-2.5,85.33333333333334,76.66666666666666,-8.666666666666686,61,55.5,-5.5,0.0,2.5,2.5,26.0,31.5,5.5,1.6666666666666643,7.833333333333336,6.166666666666671,24.333333333333336,21.166666666666664,-3.1666666666666714
full,da-15-2,1,none->none,0,0,100.0,83.0,-17.0,65.0,53.5,-11.5,57.5,52.5,-5.0,30,29,-1,35.0,29.5,-5.5,70.0,54.0,-16.0,7.5,1.0,-6.5,27.5,23.5,-4.0
full,da-15-2,2,none->admitted,0,2,100.0,100.0,0.0,78.0,72.5,-5.5,81.33333333333334,70.5,-10.833333333333343,41,66,25,22.0,27.5,5.5,59.0,34.0,-25.0,-3.3333333333333357,2.0,5.333333333333336,40.333333333333336,4.5,-35.833333333333336
full,da-15-2,3,none->admitted,0,1,100.0,100.0,0.0,78.0,83.0,5.0,76.16666666666666,78.0,1.8333333333333428,48,56.5,8.5,22.0,17.0,-5.0,52.0,43.5,-8.5,1.8333333333333357,5.0,3.1666666666666643,28.166666666666664,21.5,-6.666666666666664
full,da-15-7,1,admitted->none,1,0,90.0,67.0,-23.0,78.5,59.5,-19.0,75.16666666666666,63.66666666666667,-11.499999999999986,43.5,79,35.5,11.5,7.5,-4.0,46.5,-12.0,-58.5,3.3333333333333357,-4.166666666666668,-7.5000000000000036,31.666666666666664,-15.333333333333332,-47.0
full,da-15-7,2,admitted->admitted,1,1,77.0,90.0,13.0,77.0,85.0,8.0,75.83333333333334,84.16666666666666,8.333333333333314,69,64,-5,0.0,5.0,5.0,8.0,26.0,18.0,1.1666666666666643,0.8333333333333357,-0.3333333333333286,6.833333333333336,20.166666666666664,13.333333333333329
full,da-15-7,3,admitted->none,1,0,77.0,90.0,13.0,69.5,62.0,-7.5,64.5,57.83333333333333,-6.666666666666671,48,48,0,7.5,28.0,20.5,29.0,42.0,13.0,5.0,4.166666666666668,-0.8333333333333321,16.5,9.833333333333332,-6.666666666666668
full,da-15-8,1,none->none,0,0,100.0,100.0,0.0,96.5,90.0,-6.5,91.33333333333334,87.5,-3.833333333333343,69,38,-31,3.5,10.0,6.5,31.0,62.0,31.0,5.166666666666664,2.5,-2.6666666666666643,22.333333333333336,49.5,27.166666666666664
full,da-15-8,2,none->admitted,0,1,100.0,100.0,0.0,75.0,100.0,25.0,75.0,100.0,25.0,49.5,53,3.5,25.0,0.0,-25.0,50.5,47.0,-3.5,0.0,0.0,0.0,25.5,47.0,21.5
full,da-15-8,3,none->none,0,0,100.0,100.0,0.0,92.5,92.5,0.0,90.83333333333334,92.5,1.6666666666666572,41,41.5,0.5,7.5,7.5,0.0,59.0,58.5,-0.5,1.6666666666666643,0.0,-1.6666666666666643,49.833333333333336,51.0,1.1666666666666643
full,da-16-1,2,none->none,0,0,100.0,100.0,0.0,79.0,97.5,18.5,80.33333333333334,96.66666666666666,16.333333333333314,65,81,16,21.0,2.5,-18.5,35.0,19.0,-16.0,-1.3333333333333357,0.8333333333333357,2.1666666666666714,15.333333333333336,15.666666666666664,0.3333333333333286
full,da-16-1,3,admitted->none,1,0,100.0,100.0,0.0,86.5,97.5,11.0,90.33333333333333,98.33333333333334,8.000000000000014,57,74.5,17.5,13.5,2.5,-11.0,43.0,25.5,-17.5,-3.8333333333333286,-0.8333333333333357,2.999999999999993,33.33333333333333,23.833333333333336,-9.499999999999993
full,da-18-5,1,none->none,0,0,100.0,100.0,0.0,96.0,95.0,-1.0,93.0,92.5,-0.5,54,58,4,4.0,5.0,1.0,46.0,42.0,-4.0,3.0,2.5,-0.5,39.0,34.5,-4.5
full,da-18-5,2,none->none,0,0,100.0,100.0,0.0,100.0,91.0,-9.0,100.0,93.0,-7.0,39,55.5,16.5,0.0,9.0,9.0,61.0,44.5,-16.5,0.0,-2.0,-2.0,61.0,37.5,-23.5
full,da-18-5,3,admitted->admitted,1,1,100.0,100.0,0.0,100.0,95.0,-5.0,100.0,93.33333333333333,-6.666666666666671,52,39,-13,0.0,5.0,5.0,48.0,61.0,13.0,0.0,1.6666666666666714,1.6666666666666714,48.0,54.33333333333333,6.333333333333329
full,da-18-7,1,admitted->none,1,0,100.0,100.0,0.0,96.0,96.0,0.0,97.33333333333334,93.83333333333334,-3.5,69,67,-2,4.0,4.0,0.0,31.0,33.0,2.0,-1.3333333333333357,2.1666666666666643,3.5,28.333333333333336,26.833333333333336,-1.5
full,da-18-7,2,none->none,0,0,100.0,100.0,0.0,91.0,92.5,1.5,95.66666666666667,97.33333333333334,1.6666666666666714,46,66,20,9.0,7.5,-1.5,54.0,34.0,-20.0,-4.666666666666671,-4.833333333333336,-0.1666666666666643,49.66666666666667,31.333333333333336,-18.333333333333336
full,da-18-7,3,admitted->admitted,1,1,92.0,100.0,8.0,92.5,100.0,7.5,94.33333333333333,97.33333333333334,3.000000000000014,65,77,12,-0.5,0.0,0.5,27.0,23.0,-4.0,-1.8333333333333286,2.6666666666666643,4.499999999999993,29.33333333333333,20.333333333333336,-8.999999999999993
full,da-19-1,1,admitted->none,1,0,100.0,100.0,0.0,97.5,97.5,0.0,99.16666666666666,95.83333333333334,-3.3333333333333144,89,90,1,2.5,2.5,0.0,11.0,10.0,-1.0,-1.6666666666666643,1.6666666666666643,3.3333333333333286,10.166666666666664,5.833333333333336,-4.333333333333329
full,da-19-1,2,admitted->none,1,0,100.0,100.0,0.0,97.5,100.0,2.5,97.5,100.0,2.5,87.5,92,4.5,2.5,0.0,-2.5,12.5,8.0,-4.5,0.0,0.0,0.0,10.0,8.0,-2.0
full,da-19-1,3,none->none,0,0,100.0,100.0,0.0,97.5,100.0,2.5,96.33333333333334,100.0,3.666666666666657,89,86,-3,2.5,0.0,-2.5,11.0,14.0,3.0,1.1666666666666643,0.0,-1.1666666666666643,7.333333333333336,14.0,6.666666666666664
full,da-19-6,1,none->admitted,0,1,62.0,79.0,17.0,41.5,70.0,28.5,45.666666666666664,69.16666666666667,23.500000000000007,65,83,18,20.5,9.0,-11.5,-3.0,-4.0,-1.0,-4.166666666666666,0.8333333333333286,4.999999999999995,-19.333333333333332,-13.833333333333329,5.5000000000000036
full,da-19-6,2,none->none,0,0,42.0,62.0,20.0,49.5,51.5,2.0,46.83333333333333,51.5,4.666666666666671,85,51.5,-33.5,-7.5,10.5,18.0,-43.0,10.5,53.5,2.666666666666668,0.0,-2.666666666666668,-38.16666666666667,0.0,38.16666666666667
full,da-19-6,3,admitted->none,1,0,54.0,74.0,20.0,52.0,74.0,22.0,50.0,67.66666666666667,17.66666666666667,78,82,4,2.0,0.0,-2.0,-24.0,-8.0,16.0,2.0,6.333333333333332,4.333333333333332,-28.0,-14.333333333333332,13.666666666666668
user,da-10-1,1,admitted->admitted,2,1,76.0,94.0,18.0,62.0,72.5,10.5,61.5,83.5,22.0,58.5,75.5,17.0,14.0,21.5,7.5,17.5,18.5,1.0,0.5,-11.0,-11.5,3.0,8.0,5.0
user,da-10-1,2,none->none,0,0,100.0,100.0,0.0,91.5,97.5,6.0,91.83333333333334,97.5,5.666666666666657,80,79,-1,8.5,2.5,-6.0,20.0,21.0,1.0,-0.3333333333333357,0.0,0.3333333333333357,11.833333333333336,18.5,6.666666666666664
user,da-10-1,3,admitted->admitted,2,1,100.0,94.0,-6.0,98.5,87.0,-11.5,98.5,92.5,-6.0,84.5,76,-8.5,1.5,7.0,5.5,15.5,18.0,2.5,0.0,-5.5,-5.5,14.0,16.5,2.5
user,da-10-3,1,none->admitted,0,1,100.0,100.0,0.0,97.5,97.5,0.0,97.5,97.5,0.0,82.5,65,-17.5,2.5,2.5,0.0,17.5,35.0,17.5,0.0,0.0,0.0,15.0,32.5,17.5
user,da-10-3,2,admitted->admitted,1,1,100.0,100.0,0.0,86.5,100.0,13.5,88.33333333333334,100.0,11.666666666666657,53,77,24,13.5,0.0,-13.5,47.0,23.0,-24.0,-1.8333333333333357,0.0,1.8333333333333357,35.333333333333336,23.0,-12.333333333333336
user,da-10-3,3,admitted->admitted,1,1,100.0,100.0,0.0,100.0,100.0,0.0,95.33333333333334,98.16666666666666,2.8333333333333144,42.5,87.5,45.0,0.0,0.0,0.0,57.5,12.5,-45.0,4.666666666666664,1.8333333333333357,-2.8333333333333286,52.833333333333336,10.666666666666664,-42.16666666666667
user,da-12-2,1,admitted->admitted,1,1,100.0,60.0,-40.0,97.5,65.0,-32.5,97.5,66.66666666666667,-30.83333333333333,59,48.5,-10.5,2.5,-5.0,-7.5,41.0,11.5,-29.5,0.0,-1.6666666666666679,-1.6666666666666679,38.5,18.166666666666668,-20.333333333333332
user,da-12-2,2,admitted->admitted,1,2,75.0,75.0,0.0,78.5,70.0,-8.5,84.5,70.83333333333333,-13.666666666666671,92.5,74.5,-18.0,-3.5,5.0,8.5,-17.5,0.5,18.0,-6.0,-0.8333333333333286,5.166666666666671,-8.0,-3.6666666666666714,4.333333333333329
user,da-12-2,3,admitted->admitted,3,2,75.0,75.0,0.0,67.5,72.5,5.0,69.16666666666666,72.5,3.333333333333343,92,85,-7,7.5,2.5,-5.0,-17.0,-10.0,7.0,-1.6666666666666643,0.0,1.6666666666666643,-22.833333333333336,-12.5,10.333333333333336
user,da-12-4,1,admitted->admitted,1,1,100.0,100.0,0.0,100.0,100.0,0.0,100.0,100.0,0.0,71,85,14,0.0,0.0,0.0,29.0,15.0,-14.0,0.0,0.0,0.0,29.0,15.0,-14.0
user,da-12-4,2,admitted->none,1,0,66.0,100.0,34.0,61.5,97.5,36.0,59.66666666666667,98.33333333333334,38.66666666666667,33.5,79,45.5,4.5,2.5,-2.0,32.5,21.0,-11.5,1.8333333333333321,-0.8333333333333357,-2.666666666666668,26.166666666666668,19.333333333333336,-6.833333333333332
user,da-12-4,3,admitted->admitted,1,1,100.0,100.0,0.0,100.0,100.0,0.0,100.0,100.0,0.0,89.5,90,0.5,0.0,0.0,0.0,10.5,10.0,-0.5,0.0,0.0,0.0,10.5,10.0,-0.5
user,da-13-1,1,none->none,0,0,100.0,100.0,0.0,91.0,95.5,4.5,91.0,93.16666666666666,2.166666666666657,85,85,0,9.0,4.5,-4.5,15.0,15.0,0.0,0.0,2.3333333333333357,2.3333333333333357,6.0,8.166666666666664,2.1666666666666643
user,da-13-1,2,none->admitted,0,3,100.0,100.0,0.0,78.0,95.5,17.5,83.66666666666666,91.0,7.333333333333343,75,82,7,22.0,4.5,-17.5,25.0,18.0,-7.0,-5.666666666666664,4.5,10.166666666666664,8.666666666666664,9.0,0.3333333333333357
user,da-13-1,3,none->none,0,0,91.0,65.0,-26.0,86.5,49.5,-37.0,86.5,51.833333333333336,-34.666666666666664,74,38,-36,4.5,15.5,11.0,17.0,27.0,10.0,0.0,-2.3333333333333357,-2.3333333333333357,12.5,13.833333333333336,1.3333333333333357
user,da-13-3,1,admitted->none,1,0,100.0,100.0,0.0,100.0,93.0,-7.0,100.0,93.83333333333334,-6.166666666666657,91,92,1,0.0,7.0,7.0,9.0,8.0,-1.0,0.0,-0.8333333333333357,-0.8333333333333357,9.0,1.8333333333333357,-7.166666666666664
user,da-13-3,2,admitted->none,1,0,100.0,100.0,0.0,100.0,100.0,0.0,97.66666666666666,100.0,2.333333333333343,84.5,85.5,1.0,0.0,0.0,0.0,15.5,14.5,-1.0,2.3333333333333357,0.0,-2.3333333333333357,13.166666666666664,14.5,1.3333333333333357
user,da-13-3,3,admitted->none,1,0,100.0,100.0,0.0,95.5,97.5,2.0,100.0,97.5,-2.5,76.5,76.5,0.0,4.5,2.5,-2.0,23.5,23.5,0.0,-4.5,0.0,4.5,23.5,21.0,-2.5
user,da-13-5,1,none->none,0,0,100.0,100.0,0.0,90.0,85.0,-5.0,88.33333333333334,80.0,-8.333333333333343,89,89,0,10.0,15.0,5.0,11.0,11.0,0.0,1.6666666666666643,5.0,3.3333333333333357,-0.6666666666666643,-9.0,-8.333333333333336
user,da-13-5,2,none->none,0,0,100.0,100.0,0.0,90.0,92.5,2.5,97.5,90.83333333333334,-6.666666666666657,87,83.5,-3.5,10.0,7.5,-2.5,13.0,16.5,3.5,-7.5,1.6666666666666643,9.166666666666664,10.5,7.333333333333336,-3.1666666666666643
user,da-13-5,3,admitted->admitted,1,1,100.0,100.0,0.0,90.0,85.0,-5.0,89.16666666666666,88.33333333333333,-0.8333333333333286,88.5,83,-5.5,10.0,15.0,5.0,11.5,17.0,5.5,0.8333333333333357,-3.3333333333333286,-4.166666666666664,0.6666666666666643,5.333333333333329,4.666666666666664
user,da-13-6,1,none->none,0,0,100.0,100.0,0.0,70.0,95.0,25.0,63.333333333333336,88.33333333333333,24.999999999999993,86.5,79,-7.5,30.0,5.0,-25.0,13.5,21.0,7.5,6.666666666666664,6.666666666666671,7.105427357601002e-15,-23.166666666666664,9.333333333333329,32.49999999999999
user,da-13-6,2,admitted->none,1,0,100.0,90.0,-10.0,80.0,70.0,-10.0,82.5,86.66666666666667,4.166666666666671,64,84.5,20.5,20.0,20.0,0.0,36.0,5.5,-30.5,-2.5,-16.66666666666667,-14.166666666666671,18.5,2.1666666666666714,-16.33333333333333
user,da-13-6,3,none->none,0,0,100.0,90.0,-10.0,65.0,65.0,0.0,76.66666666666667,66.66666666666667,-10.0,88.5,64,-24.5,35.0,25.0,-10.0,11.5,26.0,14.5,-11.666666666666671,-1.6666666666666679,10.000000000000004,-11.833333333333329,2.666666666666668,14.499999999999996
user,da-14-1,1,admitted->none,1,0,100.0,100.0,0.0,82.0,84.0,2.0,81.16666666666667,91.66666666666666,10.499999999999986,91.5,77.5,-14.0,18.0,16.0,-2.0,8.5,22.5,14.0,0.8333333333333286,-7.666666666666664,-8.499999999999993,-10.333333333333329,14.166666666666664,24.499999999999993
user,da-14-1,2,admitted->none,1,0,100.0,100.0,0.0,83.0,61.5,-21.5,83.0,67.33333333333334,-15.666666666666657,88.5,41.5,-47.0,17.0,38.5,21.5,11.5,58.5,47.0,0.0,-5.833333333333336,-5.833333333333336,-5.5,25.833333333333336,31.333333333333336
user,da-14-1,3,admitted->none,1,0,100.0,100.0,0.0,80.5,89.0,8.5,78.83333333333334,92.33333333333334,13.5,86,85,-1,19.5,11.0,-8.5,14.0,15.0,1.0,1.6666666666666643,-3.3333333333333357,-5.0,-7.166666666666664,7.333333333333336,14.5
user,da-14-3,1,admitted->none,2,0,100.0,100.0,0.0,74.0,100.0,26.0,76.0,100.0,24.0,90.5,92,1.5,26.0,0.0,-26.0,9.5,8.0,-1.5,-2.0,0.0,2.0,-14.5,8.0,22.5
user,da-14-3,2,admitted->admitted,1,1,100.0,100.0,0.0,100.0,94.5,-5.5,100.0,92.66666666666666,-7.333333333333343,89,88.5,-0.5,0.0,5.5,5.5,11.0,11.5,0.5,0.0,1.8333333333333357,1.8333333333333357,11.0,4.166666666666664,-6.833333333333336
user,da-14-3,3,admitted->none,2,0,100.0,100.0,0.0,100.0,100.0,0.0,100.0,100.0,0.0,92,90.5,-1.5,0.0,0.0,0.0,8.0,9.5,1.5,0.0,0.0,0.0,8.0,9.5,1.5
user,da-14-8,1,admitted->none,2,0,100.0,100.0,0.0,80.0,92.5,12.5,80.0,93.33333333333333,13.333333333333329,88,71,-17,20.0,7.5,-12.5,12.0,29.0,17.0,0.0,-0.8333333333333286,-0.8333333333333286,-8.0,22.33333333333333,30.33333333333333
user,da-14-8,2,admitted->admitted,2,2,93.0,100.0,7.0,64.5,77.5,13.0,68.5,80.0,11.5,69,69,0,28.5,22.5,-6.0,24.0,31.0,7.0,-4.0,-2.5,1.5,-0.5,11.0,11.5
user,da-14-8,3,none->admitted,0,1,100.0,100.0,0.0,66.5,64.5,-2.0,53.666666666666664,71.33333333333334,17.66666666666668,31,79.5,48.5,33.5,35.5,2.0,69.0,20.5,-48.5,12.833333333333336,-6.833333333333336,-19.66666666666667,22.666666666666664,-8.166666666666664,-30.83333333333333
user,da-15-1,1,admitted->none,1,0,87.0,87.0,0.0,84.5,100.0,15.5,90.5,100.0,9.5,53,71.5,18.5,2.5,-13.0,-15.5,34.0,15.5,-18.5,-6.0,0.0,6.0,37.5,28.5,-9.0
user,da-15-1,2,admitted->admitted,1,1,87.0,77.0,-10.0,100.0,71.0,-29.0,100.0,77.5,-22.5,69.5,50.5,-19.0,-13.0,6.0,19.0,17.5,26.5,9.0,0.0,-6.5,-6.5,30.5,27.0,-3.5
user,da-15-1,3,admitted->admitted,1,1,100.0,87.0,-13.0,97.5,83.5,-14.0,97.5,84.66666666666667,-12.833333333333329,38.5,59,20.5,2.5,3.5,1.0,61.5,28.0,-33.5,0.0,-1.1666666666666714,-1.1666666666666714,59.0,25.66666666666667,-33.33333333333333
user,da-15-2,1,admitted->admitted,1,1,67.0,83.0,16.0,57.0,57.0,0.0,53.83333333333333,54.16666666666667,0.3333333333333428,43.5,23,-20.5,10.0,26.0,16.0,23.5,60.0,36.5,3.166666666666668,2.833333333333332,-0.3333333333333357,10.333333333333332,31.166666666666668,20.833333333333336
user,da-15-2,2,none->none,0,0,73.0,83.0,10.0,65.0,83.0,18.0,65.0,77.83333333333333,12.833333333333329,52.5,50,-2.5,8.0,0.0,-8.0,20.5,33.0,12.5,0.0,5.166666666666671,5.166666666666671,12.5,27.83333333333333,15.333333333333329
user,da-15-2,3,none->admitted,0,1,67.0,83.0,16.0,70.0,73.0,3.0,68.83333333333334,81.33333333333334,12.5,61.5,43,-18.5,-3.0,10.0,13.0,5.5,40.0,34.5,1.1666666666666643,-8.333333333333336,-9.5,7.333333333333336,38.333333333333336,31.0
user,da-15-7,1,admitted->none,1,0,67.0,77.0,10.0,67.0,77.0,10.0,72.0,77.0,5.0,50,39,-11,0.0,0.0,0.0,17.0,38.0,21.0,-5.0,0.0,5.0,22.0,38.0,16.0
user,da-15-7,2,none->admitted,0,1,77.0,57.0,-20.0,63.5,50.0,-13.5,69.33333333333334,53.33333333333333,-16.000000000000014,56.5,74,17.5,13.5,7.0,-6.5,20.5,-17.0,-37.5,-5.833333333333336,-3.333333333333332,2.5000000000000036,12.833333333333336,-20.666666666666668,-33.5
user,da-15-7,3,admitted->none,1,0,77.0,77.0,0.0,73.5,74.5,1.0,73.5,75.33333333333333,1.8333333333333286,60.5,55,-5.5,3.5,2.5,-1.0,16.5,22.0,5.5,0.0,-0.8333333333333286,-0.8333333333333286,13.0,20.33333333333333,7.333333333333329
user,da-15-8,1,admitted->none,2,0,100.0,100.0,0.0,100.0,91.0,-9.0,98.33333333333334,85.0,-13.333333333333343,52.5,52.5,0.0,0.0,9.0,9.0,47.5,47.5,0.0,1.6666666666666643,6.0,4.333333333333336,45.833333333333336,32.5,-13.333333333333336
user,da-15-8,2,admitted->none,2,0,90.0,100.0,10.0,90.0,100.0,10.0,90.0,100.0,10.0,59,49.5,-9.5,0.0,0.0,0.0,31.0,50.5,19.5,0.0,0.0,0.0,31.0,50.5,19.5
user,da-15-8,3,none->admitted,0,1,100.0,100.0,0.0,100.0,100.0,0.0,100.0,100.0,0.0,45,42,-3,0.0,0.0,0.0,55.0,58.0,3.0,0.0,0.0,0.0,55.0,58.0,3.0
user,da-16-1,1,admitted->none,1,0,100.0,100.0,0.0,97.5,95.0,-2.5,95.83333333333334,94.16666666666666,-1.6666666666666856,83,84.5,1.5,2.5,5.0,2.5,17.0,15.5,-1.5,1.6666666666666643,0.8333333333333357,-0.8333333333333286,12.833333333333336,9.666666666666664,-3.1666666666666714
user,da-16-1,2,admitted->none,1,0,100.0,95.0,-5.0,93.5,91.0,-2.5,95.33333333333333,88.83333333333334,-6.499999999999986,78,85,7,6.5,4.0,-2.5,22.0,10.0,-12.0,-1.8333333333333286,2.1666666666666643,3.999999999999993,17.33333333333333,3.8333333333333357,-13.499999999999993
user,da-16-1,3,admitted->none,1,0,100.0,100.0,0.0,94.0,89.5,-4.5,94.16666666666666,89.83333333333334,-4.333333333333314,75.5,80.5,5.0,6.0,10.5,4.5,24.5,19.5,-5.0,-0.1666666666666643,-0.3333333333333357,-0.1666666666666714,18.666666666666664,9.333333333333336,-9.333333333333329
user,da-18-5,1,none->none,0,0,100.0,100.0,0.0,100.0,100.0,0.0,100.0,92.0,-8.0,69,67,-2,0.0,0.0,0.0,31.0,33.0,2.0,0.0,8.0,8.0,31.0,25.0,-6.0
user,da-18-5,2,none->admitted,0,1,100.0,100.0,0.0,82.0,100.0,18.0,82.0,98.33333333333334,16.333333333333343,43.5,50,6.5,18.0,0.0,-18.0,56.5,50.0,-6.5,0.0,1.6666666666666643,1.6666666666666643,38.5,48.333333333333336,9.833333333333336
user,da-18-5,3,admitted->none,1,0,100.0,100.0,0.0,79.5,91.0,11.5,79.5,82.83333333333334,3.333333333333343,50,53,3,20.5,9.0,-11.5,50.0,47.0,-3.0,0.0,8.166666666666664,8.166666666666664,29.5,29.833333333333336,0.3333333333333357
user,da-18-7,1,admitted->admitted,1,1,60.0,50.0,-10.0,25.0,68.5,43.5,14.166666666666666,74.33333333333333,60.166666666666664,26.5,61,34.5,35.0,-18.5,-53.5,33.5,-11.0,-44.5,10.833333333333334,-5.833333333333332,-16.666666666666664,-12.333333333333334,13.333333333333332,25.666666666666664
user,da-18-7,2,none->none,0,0,100.0,100.0,0.0,96.0,96.0,0.0,97.33333333333334,97.33333333333334,0.0,82,60,-22,4.0,4.0,0.0,18.0,40.0,22.0,-1.3333333333333357,-1.3333333333333357,0.0,15.333333333333336,37.333333333333336,22.0
user,da-18-7,3,admitted->admitted,1,1,100.0,100.0,0.0,92.5,100.0,7.5,92.5,100.0,7.5,83,71,-12,7.5,0.0,-7.5,17.0,29.0,12.0,0.0,0.0,0.0,9.5,29.0,19.5
user,da-19-1,1,none->admitted,0,1,100.0,100.0,0.0,93.0,100.0,7.0,93.0,100.0,7.0,84,90.5,6.5,7.0,0.0,-7.0,16.0,9.5,-6.5,0.0,0.0,0.0,9.0,9.5,0.5
user,da-19-1,2,admitted->admitted,2,1,100.0,100.0,0.0,98.0,97.5,-0.5,97.33333333333333,97.5,0.1666666666666714,88.5,92.5,4.0,2.0,2.5,0.5,11.5,7.5,-4.0,0.6666666666666714,0.0,-0.6666666666666714,8.833333333333329,5.0,-3.8333333333333286
user,da-19-1,3,admitted->none,1,0,100.0,100.0,0.0,97.5,96.0,-1.5,99.16666666666666,97.33333333333334,-1.8333333333333144,89,84.5,-4.5,2.5,4.0,1.5,11.0,15.5,4.5,-1.6666666666666643,-1.3333333333333357,0.3333333333333286,10.166666666666664,12.833333333333336,2.6666666666666714
user,da-19-6,1,admitted->none,1,0,74.0,54.0,-20.0,61.5,25.5,-36.0,53.5,25.333333333333336,-28.166666666666664,75,56,-19,12.5,28.5,16.0,-1.0,-2.0,-1.0,8.0,0.16666666666666607,-7.833333333333334,-21.5,-30.666666666666664,-9.166666666666664
user,da-19-6,2,admitted->admitted,1,1,62.0,27.0,-35.0,39.0,34.5,-4.5,35.833333333333336,27.833333333333336,-8.0,69,49,-20,23.0,-7.5,-30.5,-7.0,-22.0,-15.0,3.166666666666666,6.666666666666666,3.5,-33.16666666666667,-21.166666666666664,12.000000000000007
user,da-19-6,3,none->admitted,0,1,54.0,22.0,-32.0,37.5,31.5,-6.0,37.16666666666667,31.833333333333336,-5.333333333333336,67,66.5,-0.5,16.5,-9.5,-26.0,-13.0,-44.5,-31.5,0.33333333333333215,-0.3333333333333339,-0.6666666666666661,-29.833333333333332,-34.666666666666664,-4.833333333333332
