case,policy,setting,criterion_id,admission_generation,first_scored_generation,first_feedback_eligible_turn,first_literal_exposure_turn,penalty_checkpoints,penalty_feedback_turns,active_feedback_turns,terminal_only
candidate_full_da-10-1_r1,candidate,full,elicited_a3dea03c8f7687b0,2,2,3,3,1,1,3,False
candidate_full_da-10-1_r2,candidate,full,elicited_053f47b82119d196,2,2,3,3,0,0,3,False
candidate_full_da-10-3_r1,candidate,full,elicited_465358c723d9e52c,4,4,5,5,0,0,1,False
candidate_full_da-10-3_r3,candidate,full,elicited_a88da48fea57eb3a,4,4,5,5,4,4,5,False
candidate_full_da-12-2_r1,candidate,full,elicited_d1f6609b28018f42,2,2,3,3,5,5,7,False
candidate_full_da-12-2_r1,candidate,full,elicited_1ab2ff27d1c0b0e8,3,3,4,4,1,1,6,False
candidate_full_da-12-2_r2,candidate,full,elicited_1033ac2e37dd19b1,2,2,3,3,0,0,3,False
candidate_full_da-12-2_r3,candidate,full,elicited_d2732cf1b311476e,2,2,3,3,0,0,3,False
candidate_full_da-12-2_r3,candidate,full,elicited_f7e641cc0917399a,2,2,3,3,1,1,3,False
candidate_full_da-12-4_r2,candidate,full,elicited_aae8a8cca053b52c,2,2,3,3,0,0,3,False
candidate_full_da-12-4_r3,candidate,full,elicited_ddcf5d64146f40c6,2,2,3,3,1,1,3,False
candidate_full_da-13-3_r2,candidate,full,elicited_625eb49e64396fb0,4,4,5,5,2,2,3,False
candidate_full_da-13-5_r1,candidate,full,elicited_c14c521b6be2fe7e,2,2,3,3,0,0,5,False
candidate_full_da-13-5_r1,candidate,full,elicited_08d02c74427cc8db,4,4,5,5,0,0,3,False
candidate_full_da-13-5_r2,candidate,full,elicited_ed73780a91fc8e0b,2,2,3,3,0,0,3,False
candidate_full_da-13-6_r1,candidate,full,elicited_14449b36feab5de7,2,2,3,3,1,1,3,False
candidate_full_da-14-1_r3,candidate,full,elicited_994aa8479e29b17d,2,2,3,3,0,0,3,False
candidate_full_da-14-3_r1,candidate,full,elicited_b9bb96d57bd15716,2,2,3,3,1,1,3,False
candidate_full_da-14-3_r2,candidate,full,elicited_1d777dc0bbaadf75,2,2,3,3,1,1,3,False
candidate_full_da-14-3_r2,candidate,full,elicited_b02477c95770c4fd,4,4,5,5,0,0,1,False
candidate_full_da-14-3_r3,candidate,full,elicited_8237315158b18b8e,4,4,5,5,0,0,1,False
candidate_full_da-14-8_r1,candidate,full,elicited_e68faebc98f9b9e8,2,2,3,3,1,1,3,False
candidate_full_da-14-8_r2,candidate,full,elicited_6a7724ba9e236b04,3,3,4,4,0,0,2,False
candidate_full_da-15-2_r2,candidate,full,elicited_c025df1e2eaa7211,2,2,3,3,3,3,6,False
candidate_full_da-15-2_r2,candidate,full,elicited_fadbb500e0491da8,5,5,6,6,1,1,3,False
candidate_full_da-15-2_r3,candidate,full,elicited_a3bc5417ca9b52c3,2,2,3,3,4,4,5,False
candidate_full_da-15-7_r2,candidate,full,elicited_61074dd0236af093,2,2,3,3,1,1,3,False
candidate_full_da-15-8_r2,candidate,full,elicited_a225c2b261a2d9ba,2,2,3,3,0,0,3,False
candidate_full_da-16-1_r1,candidate,full,elicited_21203d5da7e24224,4,4,5,5,0,0,1,False
candidate_full_da-18-5_r3,candidate,full,elicited_574bbc568b89bbd3,4,4,5,5,1,1,2,False
candidate_full_da-18-7_r3,candidate,full,elicited_399d258018f020e6,2,2,3,3,0,0,3,False
candidate_full_da-19-6_r1,candidate,full,elicited_4781492e4d074a64,3,3,4,4,0,0,2,False
candidate_user_da-10-1_r1,candidate,user,elicited_a1a8506dee7d54b2,3,3,4,,0,0,7,False
candidate_user_da-10-1_r3,candidate,user,elicited_af7449637aeae15e,9,9,10,,0,0,1,False
candidate_user_da-10-3_r1,candidate,user,elicited_8be54395de6b0b84,2,2,3,,0,0,7,False
candidate_user_da-10-3_r2,candidate,user,elicited_dd2771f3d16db49f,3,3,4,,1,1,7,False
candidate_user_da-10-3_r3,candidate,user,elicited_5e78dd2aa01474ca,7,7,8,,0,0,3,False
candidate_user_da-12-2_r1,candidate,user,elicited_8bca4539ec14a5ad,3,3,4,,1,1,7,False
candidate_user_da-12-2_r2,candidate,user,elicited_fa4f38e7613d74d3,3,3,4,,0,0,5,False
candidate_user_da-12-2_r2,candidate,user,elicited_1dc8efcee4603b53,3,3,4,,1,1,5,False
candidate_user_da-12-2_r3,candidate,user,elicited_d926089910ae1073,3,3,4,,0,0,7,False
candidate_user_da-12-2_r3,candidate,user,elicited_0bd0cca44d36a0bb,7,7,8,,2,2,3,False
candidate_user_da-12-4_r1,candidate,user,elicited_35501f3c1257bf5a,3,3,4,,2,2,6,False
candidate_user_da-12-4_r3,candidate,user,elicited_a2330f92a4927337,3,3,4,,2,2,7,False
candidate_user_da-13-1_r2,candidate,user,elicited_95128c9c4d834e3f,2,2,3,,1,1,7,False
candidate_user_da-13-1_r2,candidate,user,elicited_656dffc36a721491,3,3,4,,2,2,6,False
candidate_user_da-13-1_r2,candidate,user,elicited_98a1329b8a6ec26a,6,6,7,,1,1,3,False
candidate_user_da-13-5_r3,candidate,user,elicited_0b0db1906d7485ce,3,3,4,,0,0,2,False
candidate_user_da-14-3_r2,candidate,user,elicited_95dbeeead0522e6a,4,4,5,,0,0,1,False
candidate_user_da-14-8_r2,candidate,user,elicited_11794be5f94bfab8,2,2,3,,1,1,8,False
candidate_user_da-14-8_r2,candidate,user,elicited_f1713da9c92616b8,4,4,5,,1,1,6,False
candidate_user_da-14-8_r3,candidate,user,elicited_1aba2734402cf8e7,3,3,4,4,1,1,2,False
candidate_user_da-15-1_r2,candidate,user,elicited_fdab216a0676b56e,2,2,3,,6,6,8,False
candidate_user_da-15-1_r3,candidate,user,elicited_bb64d80cbb2fe4bb,4,4,5,,0,0,6,False
candidate_user_da-15-2_r1,candidate,user,elicited_67a2cced927c610b,3,3,4,,5,4,7,False
candidate_user_da-15-2_r3,candidate,user,elicited_06ccc434e81e2149,3,3,4,,4,4,7,False
candidate_user_da-15-7_r2,candidate,user,elicited_bd6214b570acc41c,3,3,4,,1,1,7,False
candidate_user_da-15-8_r3,candidate,user,elicited_6383a95922c81b71,2,2,3,,0,0,4,False
candidate_user_da-18-5_r2,candidate,user,elicited_f6c7687f04a6df9d,2,2,3,,0,0,3,False
candidate_user_da-18-7_r1,candidate,user,elicited_456309f17a8e58ca,3,3,4,,0,0,7,False
candidate_user_da-18-7_r3,candidate,user,elicited_d50418efa73e8df0,4,4,5,,0,0,1,False
candidate_user_da-19-1_r1,candidate,user,elicited_680c1dd369e68d9d,3,3,4,,0,0,2,False
candidate_user_da-19-1_r2,candidate,user,elicited_a98dbbf59b5fc352,2,2,3,,0,0,3,False
candidate_user_da-19-6_r2,candidate,user,elicited_bc6077bb3e961266,2,2,3,,1,1,3,False
candidate_user_da-19-6_r3,candidate,user,elicited_e34f0aede54bccba,4,4,5,,0,0,3,False
original_full_da-10-1_r2,original,full,elicited_2d1f5abe6adaf3c7,3,3,4,4,0,0,5,False
original_full_da-10-1_r2,original,full,elicited_cfe1fb98d1d8e41a,4,4,5,5,3,3,4,False
original_full_da-10-3_r1,original,full,elicited_018449c89b5a22b3,2,2,3,3,0,0,3,False
original_full_da-12-2_r1,original,full,elicited_138c0cf266b8dd11,4,4,5,5,5,5,6,False
original_full_da-12-2_r1,original,full,elicited_c1aca2293d804e3b,7,7,8,8,0,0,3,False
original_full_da-12-2_r2,original,full,elicited_a9b92ebb76b40169,2,2,3,3,3,3,4,False
original_full_da-12-2_r3,original,full,elicited_5b3e4fd3b2747535,2,2,3,3,0,0,3,False
original_full_da-12-4_r1,original,full,elicited_3b08cfbf252c416d,3,3,4,4,1,1,2,False
original_full_da-12-4_r3,original,full,elicited_e521f4486e493e67,4,4,5,5,1,1,3,False
original_full_da-12-4_r3,original,full,elicited_67d6c9399babb14f,6,6,7,7,0,0,1,False
original_full_da-13-1_r1,original,full,elicited_a59e79824fb99198,2,2,3,3,0,0,3,False
original_full_da-13-1_r2,original,full,elicited_8fed1acdc55c473e,3,3,4,4,0,0,2,False
original_full_da-13-1_r3,original,full,elicited_6b7ad56c72df35b4,4,4,5,5,0,0,1,False
original_full_da-13-3_r2,original,full,elicited_60f4b984574fb750,2,2,3,3,2,2,3,False
original_full_da-13-3_r3,original,full,elicited_b8776ac2f5b34aa4,3,3,4,4,0,0,2,False
original_full_da-13-5_r1,original,full,elicited_fec554ab457c19b3,2,2,3,3,0,0,3,False
original_full_da-13-5_r2,original,full,elicited_95a33d2790e39d43,2,2,3,3,0,0,3,False
original_full_da-13-5_r2,original,full,elicited_914c89aa13863ed8,2,2,3,3,0,0,3,False
original_full_da-13-5_r3,original,full,elicited_b0ccfc3807ac1f53,4,4,5,5,1,1,2,False
original_full_da-14-1_r2,original,full,elicited_73f81cc7ef6f19cc,2,2,3,3,0,0,3,False
original_full_da-14-1_r3,original,full,elicited_18dd6da3545a12af,4,4,5,5,0,0,1,False
original_full_da-14-3_r3,original,full,elicited_1ba4b49f9307bb14,3,3,4,4,0,0,2,False
original_full_da-14-8_r2,original,full,elicited_5fdb422e183f1156,4,4,5,5,0,0,1,False
original_full_da-14-8_r3,original,full,elicited_0491611fb35efe47,4,4,5,5,0,0,1,False
original_full_da-15-1_r1,original,full,elicited_2d568bda8495cc4c,3,3,4,4,0,0,2,False
original_full_da-15-7_r1,original,full,elicited_47e2f5fdf1310913,5,5,6,6,0,0,2,False
original_full_da-15-7_r2,original,full,elicited_09ca8fb3fb6f1cc7,3,3,4,4,0,0,5,False
original_full_da-15-7_r3,original,full,elicited_d94d9c7e3a2b3665,5,5,6,6,0,0,2,False
original_full_da-16-1_r3,original,full,elicited_fbaeef376d6247ca,2,2,3,3,0,0,3,False
original_full_da-18-5_r3,original,full,elicited_e77be1d3161148ac,2,2,3,3,0,0,3,False
original_full_da-18-7_r1,original,full,elicited_e7e959c97c1cd1e3,4,4,5,5,0,0,1,False
original_full_da-18-7_r3,original,full,elicited_4f3db20d0d96c5fc,2,2,3,3,1,1,3,False
original_full_da-19-1_r1,original,full,elicited_6e81e1105f269fd8,3,3,4,4,0,0,2,False
original_full_da-19-1_r2,original,full,elicited_617b29d279f6eb61,3,3,4,4,0,0,2,False
original_full_da-19-6_r3,original,full,elicited_a9cde14e82869212,5,5,6,6,0,0,2,False
original_user_da-10-1_r1,original,user,elicited_8caf3778d6c851a7,3,3,4,,5,5,7,False
original_user_da-10-1_r1,original,user,elicited_3115d30dd91d1390,5,5,6,,4,4,5,False
original_user_da-10-1_r3,original,user,elicited_5d6c319ba82b6104,2,2,3,,6,6,8,False
original_user_da-10-1_r3,original,user,elicited_3181e55c8a0f9226,3,3,4,,0,0,7,False
original_user_da-10-3_r2,original,user,elicited_9242e904c0354184,9,9,10,,1,1,1,False
original_user_da-10-3_r3,original,user,elicited_caa2a47749028eae,4,4,5,,2,2,6,False
original_user_da-12-2_r1,original,user,elicited_c5be95ca69d22552,3,3,4,,1,1,4,False
original_user_da-12-2_r2,original,user,elicited_23a16bd6a03ddf9c,2,2,3,,1,1,8,False
original_user_da-12-2_r3,original,user,elicited_7fa0ad571c73c190,4,4,5,,1,1,6,False
original_user_da-12-2_r3,original,user,elicited_7b771ff1769c84c4,8,8,9,,2,2,2,False
original_user_da-12-2_r3,original,user,elicited_b19b6c64300ae772,9,9,10,,0,0,1,False
original_user_da-12-4_r1,original,user,elicited_67aaebcd35bf2206,7,7,8,,0,0,3,False
original_user_da-12-4_r2,original,user,elicited_69f337598e8b2022,7,7,8,,2,1,3,False
original_user_da-12-4_r3,original,user,elicited_d013ac923a7a96c6,3,3,4,,2,2,7,False
original_user_da-13-3_r1,original,user,elicited_9d17242a628daeee,4,4,5,,0,0,1,False
original_user_da-13-3_r2,original,user,elicited_8d838cc139e4171b,3,3,4,,0,0,2,False
original_user_da-13-3_r3,original,user,elicited_97d9901711fab1fc,4,4,5,,0,0,1,False
original_user_da-13-5_r3,original,user,elicited_6940818c8ec137bb,2,2,3,,0,0,4,False
original_user_da-13-6_r2,original,user,elicited_c02597eb60b709a7,2,2,3,,0,0,5,False
original_user_da-14-1_r1,original,user,elicited_ee9c962430b71b62,5,5,6,,0,0,5,False
original_user_da-14-1_r2,original,user,elicited_f09c8fb2d18bcdb9,8,8,9,,0,0,2,False
original_user_da-14-1_r3,original,user,elicited_77250cd695baa5d8,4,4,5,,0,0,2,False
original_user_da-14-3_r1,original,user,elicited_6e36799638772c7e,3,3,4,,0,0,2,False
original_user_da-14-3_r1,original,user,elicited_b6130122b897c988,4,4,5,,0,0,1,False
original_user_da-14-3_r2,original,user,elicited_c61a187d52561d2d,3,3,4,,0,0,2,False
original_user_da-14-3_r3,original,user,elicited_ffdf098f981c0211,4,4,5,,0,0,1,False
original_user_da-14-3_r3,original,user,elicited_936247691f2cf75a,4,4,5,,0,0,1,False
original_user_da-14-8_r1,original,user,elicited_c67c1dd2e55d282a,2,2,3,,0,0,4,False
original_user_da-14-8_r1,original,user,elicited_c8bf72608148510e,4,4,5,,0,0,2,False
original_user_da-14-8_r2,original,user,elicited_54a1da76b8d83c7f,2,2,3,,3,3,8,False
original_user_da-14-8_r2,original,user,elicited_6a2f6031918b4400,3,3,4,,3,3,7,False
original_user_da-15-1_r1,original,user,elicited_bb998697216ff8a3,3,3,4,,0,0,2,False
original_user_da-15-1_r2,original,user,elicited_3bcff71e4cecddc2,5,5,6,,0,0,5,False
original_user_da-15-1_r3,original,user,elicited_6f8766d4c43b12ef,2,2,3,,0,0,3,False
original_user_da-15-2_r1,original,user,elicited_dff5d49bbdc181e1,6,6,7,,0,0,4,False
original_user_da-15-7_r1,original,user,elicited_8bf4ef82b0b894a1,2,2,3,,1,1,8,False
original_user_da-15-7_r3,original,user,elicited_4504adff74589a28,2,2,3,,3,3,5,False
original_user_da-15-8_r1,original,user,elicited_b626d1bc5e609653,2,2,3,,0,0,3,False
original_user_da-15-8_r1,original,user,elicited_d333c23b41fe3a36,3,3,4,,0,0,2,False
original_user_da-15-8_r2,original,user,elicited_9efc1bc5a300fa4d,2,2,3,,1,1,7,False
original_user_da-15-8_r2,original,user,elicited_b5f5de0257930348,6,6,7,,0,0,3,False
original_user_da-16-1_r1,original,user,elicited_631637198351928c,5,5,6,,0,0,5,False
original_user_da-16-1_r2,original,user,elicited_bae5d2ed6d660984,4,4,5,,0,0,3,False
original_user_da-16-1_r3,original,user,elicited_36346bd24972641d,10,10,,,0,0,0,True
original_user_da-18-5_r3,original,user,elicited_0b6e6abcea033fb8,4,4,5,,0,0,1,False
original_user_da-18-7_r1,original,user,elicited_0f9d1a7963994e47,2,2,3,,0,0,5,False
original_user_da-18-7_r3,original,user,elicited_74ec398a1eefa204,5,5,6,,0,0,3,False
original_user_da-19-1_r2,original,user,elicited_e7925588769f2369,3,3,4,,0,0,2,False
original_user_da-19-1_r2,original,user,elicited_ebdf26304b222636,3,3,4,,0,0,2,False
original_user_da-19-1_r3,original,user,elicited_c57803c2892aa433,2,2,3,,0,0,3,False
original_user_da-19-6_r1,original,user,elicited_83c5cf2502b64837,6,6,7,,0,0,4,False
original_user_da-19-6_r2,original,user,elicited_90b96b11931c08fe,3,3,4,,0,0,7,False
