case,source_path,source_sha256,normalized_prompt_sha256,normalized_file
candidate_full_da-10-1_r1,/data/user_data/aydanh/rubric_gen/runs/trace-repair-result20-20260909/candidate/study/biomnibench-da-factorial-r10-e2a0eda2a680/experiments/da-10-1/rep-001/luna/full-red-team-trace/red-team/checkpoint-0001/prompt.txt,0fa13c807c9c99bdd15ae6e2548083d89374f928d67cfb047f6f0cb32c8dca64,7bad5305f4bbb7cf5858660e670216b2f0bd72b2e98add5a94e1b1e9d914e433,prompts/candidate-7bad5305f4bb.txt
candidate_full_da-10-1_r2,/data/user_data/aydanh/rubric_gen/runs/trace-repair-result20-20260909/candidate/study/biomnibench-da-factorial-r10-e2a0eda2a680/experiments/da-10-1/rep-002/luna/full-red-team-trace/red-team/checkpoint-0001/prompt.txt,0fa13c807c9c99bdd15ae6e2548083d89374f928d67cfb047f6f0cb32c8dca64,7bad5305f4bbb7cf5858660e670216b2f0bd72b2e98add5a94e1b1e9d914e433,prompts/candidate-7bad5305f4bb.txt
candidate_full_da-10-1_r3,/data/user_data/aydanh/rubric_gen/runs/trace-repair-result20-20260909/candidate/study/biomnibench-da-factorial-r10-e2a0eda2a680/experiments/da-10-1/rep-003/luna/full-red-team-trace/red-team/checkpoint-0001/prompt.txt,0fa13c807c9c99bdd15ae6e2548083d89374f928d67cfb047f6f0cb32c8dca64,7bad5305f4bbb7cf5858660e670216b2f0bd72b2e98add5a94e1b1e9d914e433,prompts/candidate-7bad5305f4bb.txt
candidate_full_da-10-3_r1,/data/user_data/aydanh/rubric_gen/runs/trace-repair-result20-20260909/candidate/study/biomnibench-da-factorial-r10-e2a0eda2a680/experiments/da-10-3/rep-001/luna/full-red-team-trace/red-team/checkpoint-0001/prompt.txt,86bcdaeca84c844ba4b5b2daa87651bc52c20c6b2d2ba37d574d54200bedf3ff,7bad5305f4bbb7cf5858660e670216b2f0bd72b2e98add5a94e1b1e9d914e433,prompts/candidate-7bad5305f4bb.txt
candidate_full_da-10-3_r2,/data/user_data/aydanh/rubric_gen/runs/trace-repair-result20-20260909/candidate/study/biomnibench-da-factorial-r10-e2a0eda2a680/experiments/da-10-3/rep-002/luna/full-red-team-trace/red-team/checkpoint-0001/prompt.txt,86bcdaeca84c844ba4b5b2daa87651bc52c20c6b2d2ba37d574d54200bedf3ff,7bad5305f4bbb7cf5858660e670216b2f0bd72b2e98add5a94e1b1e9d914e433,prompts/candidate-7bad5305f4bb.txt
candidate_full_da-10-3_r3,/data/user_data/aydanh/rubric_gen/runs/trace-repair-result20-20260909/candidate/study/biomnibench-da-factorial-r10-e2a0eda2a680/experiments/da-10-3/rep-003/luna/full-red-team-trace/red-team/checkpoint-0001/prompt.txt,86bcdaeca84c844ba4b5b2daa87651bc52c20c6b2d2ba37d574d54200bedf3ff,7bad5305f4bbb7cf5858660e670216b2f0bd72b2e98add5a94e1b1e9d914e433,prompts/candidate-7bad5305f4bb.txt
candidate_full_da-12-2_r1,/data/user_data/aydanh/rubric_gen/runs/trace-repair-result20-20260909/candidate/study/biomnibench-da-factorial-r10-e2a0eda2a680/experiments/da-12-2/rep-001/luna/full-red-team-trace/red-team/checkpoint-0001/prompt.txt,931341279201f3a4620512ddc196e39177bdb2f0a11211b673563ef09c84c9be,7bad5305f4bbb7cf5858660e670216b2f0bd72b2e98add5a94e1b1e9d914e433,prompts/candidate-7bad5305f4bb.txt
candidate_full_da-12-2_r2,/data/user_data/aydanh/rubric_gen/runs/trace-repair-result20-20260909/candidate/study/biomnibench-da-factorial-r10-e2a0eda2a680/experiments/da-12-2/rep-002/luna/full-red-team-trace/red-team/checkpoint-0001/prompt.txt,931341279201f3a4620512ddc196e39177bdb2f0a11211b673563ef09c84c9be,7bad5305f4bbb7cf5858660e670216b2f0bd72b2e98add5a94e1b1e9d914e433,prompts/candidate-7bad5305f4bb.txt
candidate_full_da-12-2_r3,/data/user_data/aydanh/rubric_gen/runs/trace-repair-result20-20260909/candidate/study/biomnibench-da-factorial-r10-e2a0eda2a680/experiments/da-12-2/rep-003/luna/full-red-team-trace/red-team/checkpoint-0001/prompt.txt,931341279201f3a4620512ddc196e39177bdb2f0a11211b673563ef09c84c9be,7bad5305f4bbb7cf5858660e670216b2f0bd72b2e98add5a94e1b1e9d914e433,prompts/candidate-7bad5305f4bb.txt
candidate_full_da-12-4_r1,/data/user_data/aydanh/rubric_gen/runs/trace-repair-result20-20260909/candidate/study/biomnibench-da-factorial-r10-e2a0eda2a680/experiments/da-12-4/rep-001/luna/full-red-team-trace/red-team/checkpoint-0001/prompt.txt,6ddfb31a64762dbd100948fc53697d0fc01f947166232c1d77a5b9f78b5f08be,7bad5305f4bbb7cf5858660e670216b2f0bd72b2e98add5a94e1b1e9d914e433,prompts/candidate-7bad5305f4bb.txt
candidate_full_da-12-4_r2,/data/user_data/aydanh/rubric_gen/runs/trace-repair-result20-20260909/candidate/study/biomnibench-da-factorial-r10-e2a0eda2a680/experiments/da-12-4/rep-002/luna/full-red-team-trace/red-team/checkpoint-0001/prompt.txt,6ddfb31a64762dbd100948fc53697d0fc01f947166232c1d77a5b9f78b5f08be,7bad5305f4bbb7cf5858660e670216b2f0bd72b2e98add5a94e1b1e9d914e433,prompts/candidate-7bad5305f4bb.txt
candidate_full_da-12-4_r3,/data/user_data/aydanh/rubric_gen/runs/trace-repair-result20-20260909/candidate/study/biomnibench-da-factorial-r10-e2a0eda2a680/experiments/da-12-4/rep-003/luna/full-red-team-trace/red-team/checkpoint-0001/prompt.txt,6ddfb31a64762dbd100948fc53697d0fc01f947166232c1d77a5b9f78b5f08be,7bad5305f4bbb7cf5858660e670216b2f0bd72b2e98add5a94e1b1e9d914e433,prompts/candidate-7bad5305f4bb.txt
candidate_full_da-13-1_r1,/data/user_data/aydanh/rubric_gen/runs/trace-repair-result20-20260909/candidate/study/biomnibench-da-factorial-r10-e2a0eda2a680/experiments/da-13-1/rep-001/luna/full-red-team-trace/red-team/checkpoint-0001/prompt.txt,87d8311d7be2df65cdbee19b050c1db55f99372bdea50c694faab6b6e4296ef0,7bad5305f4bbb7cf5858660e670216b2f0bd72b2e98add5a94e1b1e9d914e433,prompts/candidate-7bad5305f4bb.txt
candidate_full_da-13-1_r2,/data/user_data/aydanh/rubric_gen/runs/trace-repair-result20-20260909/candidate/study/biomnibench-da-factorial-r10-e2a0eda2a680/experiments/da-13-1/rep-002/luna/full-red-team-trace/red-team/checkpoint-0001/prompt.txt,87d8311d7be2df65cdbee19b050c1db55f99372bdea50c694faab6b6e4296ef0,7bad5305f4bbb7cf5858660e670216b2f0bd72b2e98add5a94e1b1e9d914e433,prompts/candidate-7bad5305f4bb.txt
candidate_full_da-13-1_r3,/data/user_data/aydanh/rubric_gen/runs/trace-repair-result20-20260909/candidate/study/biomnibench-da-factorial-r10-e2a0eda2a680/experiments/da-13-1/rep-003/luna/full-red-team-trace/red-team/checkpoint-0001/prompt.txt,87d8311d7be2df65cdbee19b050c1db55f99372bdea50c694faab6b6e4296ef0,7bad5305f4bbb7cf5858660e670216b2f0bd72b2e98add5a94e1b1e9d914e433,prompts/candidate-7bad5305f4bb.txt
candidate_full_da-13-3_r1,/data/user_data/aydanh/rubric_gen/runs/trace-repair-result20-20260909/candidate/study/biomnibench-da-factorial-r10-e2a0eda2a680/experiments/da-13-3/rep-001/luna/full-red-team-trace/red-team/checkpoint-0001/prompt.txt,eb7077cbc96836ecc5c9b4fb52cb84874f110190197b821c46f367bbfc9e3d18,7bad5305f4bbb7cf5858660e670216b2f0bd72b2e98add5a94e1b1e9d914e433,prompts/candidate-7bad5305f4bb.txt
candidate_full_da-13-3_r2,/data/user_data/aydanh/rubric_gen/runs/trace-repair-result20-20260909/candidate/study/biomnibench-da-factorial-r10-e2a0eda2a680/experiments/da-13-3/rep-002/luna/full-red-team-trace/red-team/checkpoint-0001/prompt.txt,eb7077cbc96836ecc5c9b4fb52cb84874f110190197b821c46f367bbfc9e3d18,7bad5305f4bbb7cf5858660e670216b2f0bd72b2e98add5a94e1b1e9d914e433,prompts/candidate-7bad5305f4bb.txt
candidate_full_da-13-3_r3,/data/user_data/aydanh/rubric_gen/runs/trace-repair-result20-20260909/candidate/study/biomnibench-da-factorial-r10-e2a0eda2a680/experiments/da-13-3/rep-003/luna/full-red-team-trace/red-team/checkpoint-0001/prompt.txt,eb7077cbc96836ecc5c9b4fb52cb84874f110190197b821c46f367bbfc9e3d18,7bad5305f4bbb7cf5858660e670216b2f0bd72b2e98add5a94e1b1e9d914e433,prompts/candidate-7bad5305f4bb.txt
candidate_full_da-13-5_r1,/data/user_data/aydanh/rubric_gen/runs/trace-repair-result20-20260909/candidate/study/biomnibench-da-factorial-r10-e2a0eda2a680/experiments/da-13-5/rep-001/luna/full-red-team-trace/red-team/checkpoint-0001/prompt.txt,5e7909060f9fb8af5e475b1eebd7abfedd5c4fe18b598318416358eafc4abfb0,7bad5305f4bbb7cf5858660e670216b2f0bd72b2e98add5a94e1b1e9d914e433,prompts/candidate-7bad5305f4bb.txt
candidate_full_da-13-5_r2,/data/user_data/aydanh/rubric_gen/runs/trace-repair-result20-20260909/candidate/study/biomnibench-da-factorial-r10-e2a0eda2a680/experiments/da-13-5/rep-002/luna/full-red-team-trace/red-team/checkpoint-0001/prompt.txt,5e7909060f9fb8af5e475b1eebd7abfedd5c4fe18b598318416358eafc4abfb0,7bad5305f4bbb7cf5858660e670216b2f0bd72b2e98add5a94e1b1e9d914e433,prompts/candidate-7bad5305f4bb.txt
candidate_full_da-13-5_r3,/data/user_data/aydanh/rubric_gen/runs/trace-repair-result20-20260909/candidate/study/biomnibench-da-factorial-r10-e2a0eda2a680/experiments/da-13-5/rep-003/luna/full-red-team-trace/red-team/checkpoint-0001/prompt.txt,5e7909060f9fb8af5e475b1eebd7abfedd5c4fe18b598318416358eafc4abfb0,7bad5305f4bbb7cf5858660e670216b2f0bd72b2e98add5a94e1b1e9d914e433,prompts/candidate-7bad5305f4bb.txt
candidate_full_da-13-6_r1,/data/user_data/aydanh/rubric_gen/runs/trace-repair-result20-20260909/candidate/study/biomnibench-da-factorial-r10-e2a0eda2a680/experiments/da-13-6/rep-001/luna/full-red-team-trace/red-team/checkpoint-0001/prompt.txt,ff09f55ad439b09d3b57ffb6b940e5dd329869c952fb01743ed682336aa9bb72,7bad5305f4bbb7cf5858660e670216b2f0bd72b2e98add5a94e1b1e9d914e433,prompts/candidate-7bad5305f4bb.txt
candidate_full_da-13-6_r2,/data/user_data/aydanh/rubric_gen/runs/trace-repair-result20-20260909/candidate/study/biomnibench-da-factorial-r10-e2a0eda2a680/experiments/da-13-6/rep-002/luna/full-red-team-trace/red-team/checkpoint-0001/prompt.txt,ff09f55ad439b09d3b57ffb6b940e5dd329869c952fb01743ed682336aa9bb72,7bad5305f4bbb7cf5858660e670216b2f0bd72b2e98add5a94e1b1e9d914e433,prompts/candidate-7bad5305f4bb.txt
candidate_full_da-13-6_r3,/data/user_data/aydanh/rubric_gen/runs/trace-repair-result20-20260909/candidate/study/biomnibench-da-factorial-r10-e2a0eda2a680/experiments/da-13-6/rep-003/luna/full-red-team-trace/red-team/checkpoint-0001/prompt.txt,ff09f55ad439b09d3b57ffb6b940e5dd329869c952fb01743ed682336aa9bb72,7bad5305f4bbb7cf5858660e670216b2f0bd72b2e98add5a94e1b1e9d914e433,prompts/candidate-7bad5305f4bb.txt
candidate_full_da-14-1_r1,/data/user_data/aydanh/rubric_gen/runs/trace-repair-result20-20260909/candidate/study/biomnibench-da-factorial-r10-e2a0eda2a680/experiments/da-14-1/rep-001/luna/full-red-team-trace/red-team/checkpoint-0001/prompt.txt,c9c987dd4874f16cfa2f267dd48f6edb6a12ed39a55629822bbd284a923a5172,7bad5305f4bbb7cf5858660e670216b2f0bd72b2e98add5a94e1b1e9d914e433,prompts/candidate-7bad5305f4bb.txt
candidate_full_da-14-1_r2,/data/user_data/aydanh/rubric_gen/runs/trace-repair-result20-20260909/candidate/study/biomnibench-da-factorial-r10-e2a0eda2a680/experiments/da-14-1/rep-002/luna/full-red-team-trace/red-team/checkpoint-0001/prompt.txt,c9c987dd4874f16cfa2f267dd48f6edb6a12ed39a55629822bbd284a923a5172,7bad5305f4bbb7cf5858660e670216b2f0bd72b2e98add5a94e1b1e9d914e433,prompts/candidate-7bad5305f4bb.txt
candidate_full_da-14-1_r3,/data/user_data/aydanh/rubric_gen/runs/trace-repair-result20-20260909/candidate/study/biomnibench-da-factorial-r10-e2a0eda2a680/experiments/da-14-1/rep-003/luna/full-red-team-trace/red-team/checkpoint-0001/prompt.txt,c9c987dd4874f16cfa2f267dd48f6edb6a12ed39a55629822bbd284a923a5172,7bad5305f4bbb7cf5858660e670216b2f0bd72b2e98add5a94e1b1e9d914e433,prompts/candidate-7bad5305f4bb.txt
candidate_full_da-14-3_r1,/data/user_data/aydanh/rubric_gen/runs/trace-repair-result20-20260909/candidate/study/biomnibench-da-factorial-r10-e2a0eda2a680/experiments/da-14-3/rep-001/luna/full-red-team-trace/red-team/checkpoint-0001/prompt.txt,91bdda44e8fb59da892132a01e7fbbb385639355ab840fb41874cef7e713ef89,7bad5305f4bbb7cf5858660e670216b2f0bd72b2e98add5a94e1b1e9d914e433,prompts/candidate-7bad5305f4bb.txt
candidate_full_da-14-3_r2,/data/user_data/aydanh/rubric_gen/runs/trace-repair-result20-20260909/candidate/study/biomnibench-da-factorial-r10-e2a0eda2a680/experiments/da-14-3/rep-002/luna/full-red-team-trace/red-team/checkpoint-0001/prompt.txt,91bdda44e8fb59da892132a01e7fbbb385639355ab840fb41874cef7e713ef89,7bad5305f4bbb7cf5858660e670216b2f0bd72b2e98add5a94e1b1e9d914e433,prompts/candidate-7bad5305f4bb.txt
candidate_full_da-14-3_r3,/data/user_data/aydanh/rubric_gen/runs/trace-repair-result20-20260909/candidate/study/biomnibench-da-factorial-r10-e2a0eda2a680/experiments/da-14-3/rep-003/luna/full-red-team-trace/red-team/checkpoint-0001/prompt.txt,91bdda44e8fb59da892132a01e7fbbb385639355ab840fb41874cef7e713ef89,7bad5305f4bbb7cf5858660e670216b2f0bd72b2e98add5a94e1b1e9d914e433,prompts/candidate-7bad5305f4bb.txt
candidate_full_da-14-8_r1,/data/user_data/aydanh/rubric_gen/runs/trace-repair-result20-20260909/candidate/study/biomnibench-da-factorial-r10-e2a0eda2a680/experiments/da-14-8/rep-001/luna/full-red-team-trace/red-team/checkpoint-0001/prompt.txt,87d6f5aa9abbbe0d07ef37c8e77916d5f86158022a28191f243b95733d2377a1,7bad5305f4bbb7cf5858660e670216b2f0bd72b2e98add5a94e1b1e9d914e433,prompts/candidate-7bad5305f4bb.txt
candidate_full_da-14-8_r2,/data/user_data/aydanh/rubric_gen/runs/trace-repair-result20-20260909/candidate/study/biomnibench-da-factorial-r10-e2a0eda2a680/experiments/da-14-8/rep-002/luna/full-red-team-trace/red-team/checkpoint-0001/prompt.txt,87d6f5aa9abbbe0d07ef37c8e77916d5f86158022a28191f243b95733d2377a1,7bad5305f4bbb7cf5858660e670216b2f0bd72b2e98add5a94e1b1e9d914e433,prompts/candidate-7bad5305f4bb.txt
candidate_full_da-14-8_r3,/data/user_data/aydanh/rubric_gen/runs/trace-repair-result20-20260909/candidate/study/biomnibench-da-factorial-r10-e2a0eda2a680/experiments/da-14-8/rep-003/luna/full-red-team-trace/red-team/checkpoint-0001/prompt.txt,87d6f5aa9abbbe0d07ef37c8e77916d5f86158022a28191f243b95733d2377a1,7bad5305f4bbb7cf5858660e670216b2f0bd72b2e98add5a94e1b1e9d914e433,prompts/candidate-7bad5305f4bb.txt
candidate_full_da-15-1_r1,/data/user_data/aydanh/rubric_gen/runs/trace-repair-result20-20260909/candidate/study/biomnibench-da-factorial-r10-e2a0eda2a680/experiments/da-15-1/rep-001/luna/full-red-team-trace/red-team/checkpoint-0001/prompt.txt,2bbd10328713b02d01d66206f94c9c85d73f293eda555bb8094dcba6e5238831,7bad5305f4bbb7cf5858660e670216b2f0bd72b2e98add5a94e1b1e9d914e433,prompts/candidate-7bad5305f4bb.txt
candidate_full_da-15-1_r2,/data/user_data/aydanh/rubric_gen/runs/trace-repair-result20-20260909/candidate/study/biomnibench-da-factorial-r10-e2a0eda2a680/experiments/da-15-1/rep-002/luna/full-red-team-trace/red-team/checkpoint-0001/prompt.txt,2bbd10328713b02d01d66206f94c9c85d73f293eda555bb8094dcba6e5238831,7bad5305f4bbb7cf5858660e670216b2f0bd72b2e98add5a94e1b1e9d914e433,prompts/candidate-7bad5305f4bb.txt
candidate_full_da-15-1_r3,/data/user_data/aydanh/rubric_gen/runs/trace-repair-result20-20260909/candidate/study/biomnibench-da-factorial-r10-e2a0eda2a680/experiments/da-15-1/rep-003/luna/full-red-team-trace/red-team/checkpoint-0001/prompt.txt,2bbd10328713b02d01d66206f94c9c85d73f293eda555bb8094dcba6e5238831,7bad5305f4bbb7cf5858660e670216b2f0bd72b2e98add5a94e1b1e9d914e433,prompts/candidate-7bad5305f4bb.txt
candidate_full_da-15-2_r1,/data/user_data/aydanh/rubric_gen/runs/trace-repair-result20-20260909/candidate/study/biomnibench-da-factorial-r10-e2a0eda2a680/experiments/da-15-2/rep-001/luna/full-red-team-trace/red-team/checkpoint-0001/prompt.txt,30d8b559f8b8737f096f4f18877420280100db1e408bdee49707c30d931b6350,7bad5305f4bbb7cf5858660e670216b2f0bd72b2e98add5a94e1b1e9d914e433,prompts/candidate-7bad5305f4bb.txt
candidate_full_da-15-2_r2,/data/user_data/aydanh/rubric_gen/runs/trace-repair-result20-20260909/candidate/study/biomnibench-da-factorial-r10-e2a0eda2a680/experiments/da-15-2/rep-002/luna/full-red-team-trace/red-team/checkpoint-0001/prompt.txt,30d8b559f8b8737f096f4f18877420280100db1e408bdee49707c30d931b6350,7bad5305f4bbb7cf5858660e670216b2f0bd72b2e98add5a94e1b1e9d914e433,prompts/candidate-7bad5305f4bb.txt
candidate_full_da-15-2_r3,/data/user_data/aydanh/rubric_gen/runs/trace-repair-result20-20260909/candidate/study/biomnibench-da-factorial-r10-e2a0eda2a680/experiments/da-15-2/rep-003/luna/full-red-team-trace/red-team/checkpoint-0001/prompt.txt,30d8b559f8b8737f096f4f18877420280100db1e408bdee49707c30d931b6350,7bad5305f4bbb7cf5858660e670216b2f0bd72b2e98add5a94e1b1e9d914e433,prompts/candidate-7bad5305f4bb.txt
candidate_full_da-15-7_r1,/data/user_data/aydanh/rubric_gen/runs/trace-repair-result20-20260909/candidate/study/biomnibench-da-factorial-r10-e2a0eda2a680/experiments/da-15-7/rep-001/luna/full-red-team-trace/red-team/checkpoint-0001/prompt.txt,c3de4b9d58aa8f843f3faac4d1df3121538d5ed2943492585e2f344d82c1f330,7bad5305f4bbb7cf5858660e670216b2f0bd72b2e98add5a94e1b1e9d914e433,prompts/candidate-7bad5305f4bb.txt
candidate_full_da-15-7_r2,/data/user_data/aydanh/rubric_gen/runs/trace-repair-result20-20260909/candidate/study/biomnibench-da-factorial-r10-e2a0eda2a680/experiments/da-15-7/rep-002/luna/full-red-team-trace/red-team/checkpoint-0001/prompt.txt,c3de4b9d58aa8f843f3faac4d1df3121538d5ed2943492585e2f344d82c1f330,7bad5305f4bbb7cf5858660e670216b2f0bd72b2e98add5a94e1b1e9d914e433,prompts/candidate-7bad5305f4bb.txt
candidate_full_da-15-7_r3,/data/user_data/aydanh/rubric_gen/runs/trace-repair-result20-20260909/candidate/study/biomnibench-da-factorial-r10-e2a0eda2a680/experiments/da-15-7/rep-003/luna/full-red-team-trace/red-team/checkpoint-0001/prompt.txt,c3de4b9d58aa8f843f3faac4d1df3121538d5ed2943492585e2f344d82c1f330,7bad5305f4bbb7cf5858660e670216b2f0bd72b2e98add5a94e1b1e9d914e433,prompts/candidate-7bad5305f4bb.txt
candidate_full_da-15-8_r1,/data/user_data/aydanh/rubric_gen/runs/trace-repair-result20-20260909/candidate/study/biomnibench-da-factorial-r10-e2a0eda2a680/experiments/da-15-8/rep-001/luna/full-red-team-trace/red-team/checkpoint-0001/prompt.txt,7069ed2d038f9d45432cd5c8cf33da9d6617d880108006f52269e92f54c612fe,7bad5305f4bbb7cf5858660e670216b2f0bd72b2e98add5a94e1b1e9d914e433,prompts/candidate-7bad5305f4bb.txt
candidate_full_da-15-8_r2,/data/user_data/aydanh/rubric_gen/runs/trace-repair-result20-20260909/candidate/study/biomnibench-da-factorial-r10-e2a0eda2a680/experiments/da-15-8/rep-002/luna/full-red-team-trace/red-team/checkpoint-0001/prompt.txt,7069ed2d038f9d45432cd5c8cf33da9d6617d880108006f52269e92f54c612fe,7bad5305f4bbb7cf5858660e670216b2f0bd72b2e98add5a94e1b1e9d914e433,prompts/candidate-7bad5305f4bb.txt
candidate_full_da-15-8_r3,/data/user_data/aydanh/rubric_gen/runs/trace-repair-result20-20260909/candidate/study/biomnibench-da-factorial-r10-e2a0eda2a680/experiments/da-15-8/rep-003/luna/full-red-team-trace/red-team/checkpoint-0001/prompt.txt,7069ed2d038f9d45432cd5c8cf33da9d6617d880108006f52269e92f54c612fe,7bad5305f4bbb7cf5858660e670216b2f0bd72b2e98add5a94e1b1e9d914e433,prompts/candidate-7bad5305f4bb.txt
candidate_full_da-16-1_r1,/data/user_data/aydanh/rubric_gen/runs/trace-repair-result20-20260909/candidate/study/biomnibench-da-factorial-r10-e2a0eda2a680/experiments/da-16-1/rep-001/luna/full-red-team-trace/red-team/checkpoint-0001/prompt.txt,f6219902194c8aac34709e0a3757066c7753f44111967267b8ff2e0c8ef2bdef,7bad5305f4bbb7cf5858660e670216b2f0bd72b2e98add5a94e1b1e9d914e433,prompts/candidate-7bad5305f4bb.txt
candidate_full_da-16-1_r2,/data/user_data/aydanh/rubric_gen/runs/trace-repair-result20-20260909/candidate/study/biomnibench-da-factorial-r10-e2a0eda2a680/experiments/da-16-1/rep-002/luna/full-red-team-trace/red-team/checkpoint-0001/prompt.txt,f6219902194c8aac34709e0a3757066c7753f44111967267b8ff2e0c8ef2bdef,7bad5305f4bbb7cf5858660e670216b2f0bd72b2e98add5a94e1b1e9d914e433,prompts/candidate-7bad5305f4bb.txt
candidate_full_da-16-1_r3,/data/user_data/aydanh/rubric_gen/runs/trace-repair-result20-20260909/candidate/study/biomnibench-da-factorial-r10-e2a0eda2a680/experiments/da-16-1/rep-003/luna/full-red-team-trace/red-team/checkpoint-0001/prompt.txt,f6219902194c8aac34709e0a3757066c7753f44111967267b8ff2e0c8ef2bdef,7bad5305f4bbb7cf5858660e670216b2f0bd72b2e98add5a94e1b1e9d914e433,prompts/candidate-7bad5305f4bb.txt
candidate_full_da-18-5_r1,/data/user_data/aydanh/rubric_gen/runs/trace-repair-result20-20260909/candidate/study/biomnibench-da-factorial-r10-e2a0eda2a680/experiments/da-18-5/rep-001/luna/full-red-team-trace/red-team/checkpoint-0001/prompt.txt,328e0065fc3f8255c6c9b1e21396507686d5b23a50e3943f256b208ee7a51b2e,7bad5305f4bbb7cf5858660e670216b2f0bd72b2e98add5a94e1b1e9d914e433,prompts/candidate-7bad5305f4bb.txt
candidate_full_da-18-5_r2,/data/user_data/aydanh/rubric_gen/runs/trace-repair-result20-20260909/candidate/study/biomnibench-da-factorial-r10-e2a0eda2a680/experiments/da-18-5/rep-002/luna/full-red-team-trace/red-team/checkpoint-0001/prompt.txt,328e0065fc3f8255c6c9b1e21396507686d5b23a50e3943f256b208ee7a51b2e,7bad5305f4bbb7cf5858660e670216b2f0bd72b2e98add5a94e1b1e9d914e433,prompts/candidate-7bad5305f4bb.txt
candidate_full_da-18-5_r3,/data/user_data/aydanh/rubric_gen/runs/trace-repair-result20-20260909/candidate/study/biomnibench-da-factorial-r10-e2a0eda2a680/experiments/da-18-5/rep-003/luna/full-red-team-trace/red-team/checkpoint-0001/prompt.txt,328e0065fc3f8255c6c9b1e21396507686d5b23a50e3943f256b208ee7a51b2e,7bad5305f4bbb7cf5858660e670216b2f0bd72b2e98add5a94e1b1e9d914e433,prompts/candidate-7bad5305f4bb.txt
candidate_full_da-18-7_r1,/data/user_data/aydanh/rubric_gen/runs/trace-repair-result20-20260909/candidate/study/biomnibench-da-factorial-r10-e2a0eda2a680/experiments/da-18-7/rep-001/luna/full-red-team-trace/red-team/checkpoint-0001/prompt.txt,72ba45717645dc8d82d9b478ffaae590acef198f32f7da09203ed1222cc8d126,7bad5305f4bbb7cf5858660e670216b2f0bd72b2e98add5a94e1b1e9d914e433,prompts/candidate-7bad5305f4bb.txt
candidate_full_da-18-7_r2,/data/user_data/aydanh/rubric_gen/runs/trace-repair-result20-20260909/candidate/study/biomnibench-da-factorial-r10-e2a0eda2a680/experiments/da-18-7/rep-002/luna/full-red-team-trace/red-team/checkpoint-0001/prompt.txt,72ba45717645dc8d82d9b478ffaae590acef198f32f7da09203ed1222cc8d126,7bad5305f4bbb7cf5858660e670216b2f0bd72b2e98add5a94e1b1e9d914e433,prompts/candidate-7bad5305f4bb.txt
candidate_full_da-18-7_r3,/data/user_data/aydanh/rubric_gen/runs/trace-repair-result20-20260909/candidate/study/biomnibench-da-factorial-r10-e2a0eda2a680/experiments/da-18-7/rep-003/luna/full-red-team-trace/red-team/checkpoint-0001/prompt.txt,72ba45717645dc8d82d9b478ffaae590acef198f32f7da09203ed1222cc8d126,7bad5305f4bbb7cf5858660e670216b2f0bd72b2e98add5a94e1b1e9d914e433,prompts/candidate-7bad5305f4bb.txt
candidate_full_da-19-1_r1,/data/user_data/aydanh/rubric_gen/runs/trace-repair-result20-20260909/candidate/study/biomnibench-da-factorial-r10-e2a0eda2a680/experiments/da-19-1/rep-001/luna/full-red-team-trace/red-team/checkpoint-0001/prompt.txt,1c0672d62b416946b6ce9ea3bedc89ead5070ba8e8a53b1b65c7903e07cabe35,7bad5305f4bbb7cf5858660e670216b2f0bd72b2e98add5a94e1b1e9d914e433,prompts/candidate-7bad5305f4bb.txt
candidate_full_da-19-1_r2,/data/user_data/aydanh/rubric_gen/runs/trace-repair-result20-20260909/candidate/study/biomnibench-da-factorial-r10-e2a0eda2a680/experiments/da-19-1/rep-002/luna/full-red-team-trace/red-team/checkpoint-0001/prompt.txt,1c0672d62b416946b6ce9ea3bedc89ead5070ba8e8a53b1b65c7903e07cabe35,7bad5305f4bbb7cf5858660e670216b2f0bd72b2e98add5a94e1b1e9d914e433,prompts/candidate-7bad5305f4bb.txt
candidate_full_da-19-1_r3,/data/user_data/aydanh/rubric_gen/runs/trace-repair-result20-20260909/candidate/study/biomnibench-da-factorial-r10-e2a0eda2a680/experiments/da-19-1/rep-003/luna/full-red-team-trace/red-team/checkpoint-0001/prompt.txt,1c0672d62b416946b6ce9ea3bedc89ead5070ba8e8a53b1b65c7903e07cabe35,7bad5305f4bbb7cf5858660e670216b2f0bd72b2e98add5a94e1b1e9d914e433,prompts/candidate-7bad5305f4bb.txt
candidate_full_da-19-6_r1,/data/user_data/aydanh/rubric_gen/runs/trace-repair-result20-20260909/candidate/study/biomnibench-da-factorial-r10-e2a0eda2a680/experiments/da-19-6/rep-001/luna/full-red-team-trace/red-team/checkpoint-0001/prompt.txt,0ba2e0d60f5116c50f38b657c1424e959ccf1350469f804dca1aeecc8e70686d,7bad5305f4bbb7cf5858660e670216b2f0bd72b2e98add5a94e1b1e9d914e433,prompts/candidate-7bad5305f4bb.txt
candidate_full_da-19-6_r2,/data/user_data/aydanh/rubric_gen/runs/trace-repair-result20-20260909/candidate/study/biomnibench-da-factorial-r10-e2a0eda2a680/experiments/da-19-6/rep-002/luna/full-red-team-trace/red-team/checkpoint-0001/prompt.txt,0ba2e0d60f5116c50f38b657c1424e959ccf1350469f804dca1aeecc8e70686d,7bad5305f4bbb7cf5858660e670216b2f0bd72b2e98add5a94e1b1e9d914e433,prompts/candidate-7bad5305f4bb.txt
candidate_full_da-19-6_r3,/data/user_data/aydanh/rubric_gen/runs/trace-repair-result20-20260909/candidate/study/biomnibench-da-factorial-r10-e2a0eda2a680/experiments/da-19-6/rep-003/luna/full-red-team-trace/red-team/checkpoint-0001/prompt.txt,0ba2e0d60f5116c50f38b657c1424e959ccf1350469f804dca1aeecc8e70686d,7bad5305f4bbb7cf5858660e670216b2f0bd72b2e98add5a94e1b1e9d914e433,prompts/candidate-7bad5305f4bb.txt
candidate_user_da-10-1_r1,/data/user_data/aydanh/rubric_gen/runs/trace-repair-result20-20260909/candidate/study/biomnibench-da-factorial-r10-e2a0eda2a680/experiments/da-10-1/rep-001/luna/user-simulator-red-team-trace/red-team/checkpoint-0001/prompt.txt,0fa13c807c9c99bdd15ae6e2548083d89374f928d67cfb047f6f0cb32c8dca64,7bad5305f4bbb7cf5858660e670216b2f0bd72b2e98add5a94e1b1e9d914e433,prompts/candidate-7bad5305f4bb.txt
candidate_user_da-10-1_r2,/data/user_data/aydanh/rubric_gen/runs/trace-repair-result20-20260909/candidate/study/biomnibench-da-factorial-r10-e2a0eda2a680/experiments/da-10-1/rep-002/luna/user-simulator-red-team-trace/red-team/checkpoint-0001/prompt.txt,0fa13c807c9c99bdd15ae6e2548083d89374f928d67cfb047f6f0cb32c8dca64,7bad5305f4bbb7cf5858660e670216b2f0bd72b2e98add5a94e1b1e9d914e433,prompts/candidate-7bad5305f4bb.txt
candidate_user_da-10-1_r3,/data/user_data/aydanh/rubric_gen/runs/trace-repair-result20-20260909/candidate/study/biomnibench-da-factorial-r10-e2a0eda2a680/experiments/da-10-1/rep-003/luna/user-simulator-red-team-trace/red-team/checkpoint-0001/prompt.txt,0fa13c807c9c99bdd15ae6e2548083d89374f928d67cfb047f6f0cb32c8dca64,7bad5305f4bbb7cf5858660e670216b2f0bd72b2e98add5a94e1b1e9d914e433,prompts/candidate-7bad5305f4bb.txt
candidate_user_da-10-3_r1,/data/user_data/aydanh/rubric_gen/runs/trace-repair-result20-20260909/candidate/study/biomnibench-da-factorial-r10-e2a0eda2a680/experiments/da-10-3/rep-001/luna/user-simulator-red-team-trace/red-team/checkpoint-0001/prompt.txt,86bcdaeca84c844ba4b5b2daa87651bc52c20c6b2d2ba37d574d54200bedf3ff,7bad5305f4bbb7cf5858660e670216b2f0bd72b2e98add5a94e1b1e9d914e433,prompts/candidate-7bad5305f4bb.txt
candidate_user_da-10-3_r2,/data/user_data/aydanh/rubric_gen/runs/trace-repair-result20-20260909/candidate/study/biomnibench-da-factorial-r10-e2a0eda2a680/experiments/da-10-3/rep-002/luna/user-simulator-red-team-trace/red-team/checkpoint-0001/prompt.txt,86bcdaeca84c844ba4b5b2daa87651bc52c20c6b2d2ba37d574d54200bedf3ff,7bad5305f4bbb7cf5858660e670216b2f0bd72b2e98add5a94e1b1e9d914e433,prompts/candidate-7bad5305f4bb.txt
candidate_user_da-10-3_r3,/data/user_data/aydanh/rubric_gen/runs/trace-repair-result20-20260909/candidate/study/biomnibench-da-factorial-r10-e2a0eda2a680/experiments/da-10-3/rep-003/luna/user-simulator-red-team-trace/red-team/checkpoint-0001/prompt.txt,86bcdaeca84c844ba4b5b2daa87651bc52c20c6b2d2ba37d574d54200bedf3ff,7bad5305f4bbb7cf5858660e670216b2f0bd72b2e98add5a94e1b1e9d914e433,prompts/candidate-7bad5305f4bb.txt
candidate_user_da-12-2_r1,/data/user_data/aydanh/rubric_gen/runs/trace-repair-result20-20260909/candidate/study/biomnibench-da-factorial-r10-e2a0eda2a680/experiments/da-12-2/rep-001/luna/user-simulator-red-team-trace/red-team/checkpoint-0001/prompt.txt,931341279201f3a4620512ddc196e39177bdb2f0a11211b673563ef09c84c9be,7bad5305f4bbb7cf5858660e670216b2f0bd72b2e98add5a94e1b1e9d914e433,prompts/candidate-7bad5305f4bb.txt
candidate_user_da-12-2_r2,/data/user_data/aydanh/rubric_gen/runs/trace-repair-result20-20260909/candidate/study/biomnibench-da-factorial-r10-e2a0eda2a680/experiments/da-12-2/rep-002/luna/user-simulator-red-team-trace/red-team/checkpoint-0001/prompt.txt,931341279201f3a4620512ddc196e39177bdb2f0a11211b673563ef09c84c9be,7bad5305f4bbb7cf5858660e670216b2f0bd72b2e98add5a94e1b1e9d914e433,prompts/candidate-7bad5305f4bb.txt
candidate_user_da-12-2_r3,/data/user_data/aydanh/rubric_gen/runs/trace-repair-result20-20260909/candidate/study/biomnibench-da-factorial-r10-e2a0eda2a680/experiments/da-12-2/rep-003/luna/user-simulator-red-team-trace/red-team/checkpoint-0001/prompt.txt,931341279201f3a4620512ddc196e39177bdb2f0a11211b673563ef09c84c9be,7bad5305f4bbb7cf5858660e670216b2f0bd72b2e98add5a94e1b1e9d914e433,prompts/candidate-7bad5305f4bb.txt
candidate_user_da-12-4_r1,/data/user_data/aydanh/rubric_gen/runs/trace-repair-result20-20260909/candidate/study/biomnibench-da-factorial-r10-e2a0eda2a680/experiments/da-12-4/rep-001/luna/user-simulator-red-team-trace/red-team/checkpoint-0001/prompt.txt,6ddfb31a64762dbd100948fc53697d0fc01f947166232c1d77a5b9f78b5f08be,7bad5305f4bbb7cf5858660e670216b2f0bd72b2e98add5a94e1b1e9d914e433,prompts/candidate-7bad5305f4bb.txt
candidate_user_da-12-4_r2,/data/user_data/aydanh/rubric_gen/runs/trace-repair-result20-20260909/candidate/study/biomnibench-da-factorial-r10-e2a0eda2a680/experiments/da-12-4/rep-002/luna/user-simulator-red-team-trace/red-team/checkpoint-0001/prompt.txt,6ddfb31a64762dbd100948fc53697d0fc01f947166232c1d77a5b9f78b5f08be,7bad5305f4bbb7cf5858660e670216b2f0bd72b2e98add5a94e1b1e9d914e433,prompts/candidate-7bad5305f4bb.txt
candidate_user_da-12-4_r3,/data/user_data/aydanh/rubric_gen/runs/trace-repair-result20-20260909/candidate/study/biomnibench-da-factorial-r10-e2a0eda2a680/experiments/da-12-4/rep-003/luna/user-simulator-red-team-trace/red-team/checkpoint-0001/prompt.txt,6ddfb31a64762dbd100948fc53697d0fc01f947166232c1d77a5b9f78b5f08be,7bad5305f4bbb7cf5858660e670216b2f0bd72b2e98add5a94e1b1e9d914e433,prompts/candidate-7bad5305f4bb.txt
candidate_user_da-13-1_r1,/data/user_data/aydanh/rubric_gen/runs/trace-repair-result20-20260909/candidate/study/biomnibench-da-factorial-r10-e2a0eda2a680/experiments/da-13-1/rep-001/luna/user-simulator-red-team-trace/red-team/checkpoint-0001/prompt.txt,87d8311d7be2df65cdbee19b050c1db55f99372bdea50c694faab6b6e4296ef0,7bad5305f4bbb7cf5858660e670216b2f0bd72b2e98add5a94e1b1e9d914e433,prompts/candidate-7bad5305f4bb.txt
candidate_user_da-13-1_r2,/data/user_data/aydanh/rubric_gen/runs/trace-repair-result20-20260909/candidate/study/biomnibench-da-factorial-r10-e2a0eda2a680/experiments/da-13-1/rep-002/luna/user-simulator-red-team-trace/red-team/checkpoint-0001/prompt.txt,87d8311d7be2df65cdbee19b050c1db55f99372bdea50c694faab6b6e4296ef0,7bad5305f4bbb7cf5858660e670216b2f0bd72b2e98add5a94e1b1e9d914e433,prompts/candidate-7bad5305f4bb.txt
candidate_user_da-13-1_r3,/data/user_data/aydanh/rubric_gen/runs/trace-repair-result20-20260909/candidate/study/biomnibench-da-factorial-r10-e2a0eda2a680/experiments/da-13-1/rep-003/luna/user-simulator-red-team-trace/red-team/checkpoint-0001/prompt.txt,87d8311d7be2df65cdbee19b050c1db55f99372bdea50c694faab6b6e4296ef0,7bad5305f4bbb7cf5858660e670216b2f0bd72b2e98add5a94e1b1e9d914e433,prompts/candidate-7bad5305f4bb.txt
candidate_user_da-13-3_r1,/data/user_data/aydanh/rubric_gen/runs/trace-repair-result20-20260909/candidate/study/biomnibench-da-factorial-r10-e2a0eda2a680/experiments/da-13-3/rep-001/luna/user-simulator-red-team-trace/red-team/checkpoint-0001/prompt.txt,eb7077cbc96836ecc5c9b4fb52cb84874f110190197b821c46f367bbfc9e3d18,7bad5305f4bbb7cf5858660e670216b2f0bd72b2e98add5a94e1b1e9d914e433,prompts/candidate-7bad5305f4bb.txt
candidate_user_da-13-3_r2,/data/user_data/aydanh/rubric_gen/runs/trace-repair-result20-20260909/candidate/study/biomnibench-da-factorial-r10-e2a0eda2a680/experiments/da-13-3/rep-002/luna/user-simulator-red-team-trace/red-team/checkpoint-0001/prompt.txt,eb7077cbc96836ecc5c9b4fb52cb84874f110190197b821c46f367bbfc9e3d18,7bad5305f4bbb7cf5858660e670216b2f0bd72b2e98add5a94e1b1e9d914e433,prompts/candidate-7bad5305f4bb.txt
candidate_user_da-13-3_r3,/data/user_data/aydanh/rubric_gen/runs/trace-repair-result20-20260909/candidate/study/biomnibench-da-factorial-r10-e2a0eda2a680/experiments/da-13-3/rep-003/luna/user-simulator-red-team-trace/red-team/checkpoint-0001/prompt.txt,eb7077cbc96836ecc5c9b4fb52cb84874f110190197b821c46f367bbfc9e3d18,7bad5305f4bbb7cf5858660e670216b2f0bd72b2e98add5a94e1b1e9d914e433,prompts/candidate-7bad5305f4bb.txt
candidate_user_da-13-5_r1,/data/user_data/aydanh/rubric_gen/runs/trace-repair-result20-20260909/candidate/study/biomnibench-da-factorial-r10-e2a0eda2a680/experiments/da-13-5/rep-001/luna/user-simulator-red-team-trace/red-team/checkpoint-0001/prompt.txt,5e7909060f9fb8af5e475b1eebd7abfedd5c4fe18b598318416358eafc4abfb0,7bad5305f4bbb7cf5858660e670216b2f0bd72b2e98add5a94e1b1e9d914e433,prompts/candidate-7bad5305f4bb.txt
candidate_user_da-13-5_r2,/data/user_data/aydanh/rubric_gen/runs/trace-repair-result20-20260909/candidate/study/biomnibench-da-factorial-r10-e2a0eda2a680/experiments/da-13-5/rep-002/luna/user-simulator-red-team-trace/red-team/checkpoint-0001/prompt.txt,5e7909060f9fb8af5e475b1eebd7abfedd5c4fe18b598318416358eafc4abfb0,7bad5305f4bbb7cf5858660e670216b2f0bd72b2e98add5a94e1b1e9d914e433,prompts/candidate-7bad5305f4bb.txt
candidate_user_da-13-5_r3,/data/user_data/aydanh/rubric_gen/runs/trace-repair-result20-20260909/candidate/study/biomnibench-da-factorial-r10-e2a0eda2a680/experiments/da-13-5/rep-003/luna/user-simulator-red-team-trace/red-team/checkpoint-0001/prompt.txt,5e7909060f9fb8af5e475b1eebd7abfedd5c4fe18b598318416358eafc4abfb0,7bad5305f4bbb7cf5858660e670216b2f0bd72b2e98add5a94e1b1e9d914e433,prompts/candidate-7bad5305f4bb.txt
candidate_user_da-13-6_r1,/data/user_data/aydanh/rubric_gen/runs/trace-repair-result20-20260909/candidate/study/biomnibench-da-factorial-r10-e2a0eda2a680/experiments/da-13-6/rep-001/luna/user-simulator-red-team-trace/red-team/checkpoint-0001/prompt.txt,ff09f55ad439b09d3b57ffb6b940e5dd329869c952fb01743ed682336aa9bb72,7bad5305f4bbb7cf5858660e670216b2f0bd72b2e98add5a94e1b1e9d914e433,prompts/candidate-7bad5305f4bb.txt
candidate_user_da-13-6_r2,/data/user_data/aydanh/rubric_gen/runs/trace-repair-result20-20260909/candidate/study/biomnibench-da-factorial-r10-e2a0eda2a680/experiments/da-13-6/rep-002/luna/user-simulator-red-team-trace/red-team/checkpoint-0001/prompt.txt,ff09f55ad439b09d3b57ffb6b940e5dd329869c952fb01743ed682336aa9bb72,7bad5305f4bbb7cf5858660e670216b2f0bd72b2e98add5a94e1b1e9d914e433,prompts/candidate-7bad5305f4bb.txt
candidate_user_da-13-6_r3,/data/user_data/aydanh/rubric_gen/runs/trace-repair-result20-20260909/candidate/study/biomnibench-da-factorial-r10-e2a0eda2a680/experiments/da-13-6/rep-003/luna/user-simulator-red-team-trace/red-team/checkpoint-0001/prompt.txt,ff09f55ad439b09d3b57ffb6b940e5dd329869c952fb01743ed682336aa9bb72,7bad5305f4bbb7cf5858660e670216b2f0bd72b2e98add5a94e1b1e9d914e433,prompts/candidate-7bad5305f4bb.txt
candidate_user_da-14-1_r1,/data/user_data/aydanh/rubric_gen/runs/trace-repair-result20-20260909/candidate/study/biomnibench-da-factorial-r10-e2a0eda2a680/experiments/da-14-1/rep-001/luna/user-simulator-red-team-trace/red-team/checkpoint-0001/prompt.txt,c9c987dd4874f16cfa2f267dd48f6edb6a12ed39a55629822bbd284a923a5172,7bad5305f4bbb7cf5858660e670216b2f0bd72b2e98add5a94e1b1e9d914e433,prompts/candidate-7bad5305f4bb.txt
candidate_user_da-14-1_r2,/data/user_data/aydanh/rubric_gen/runs/trace-repair-result20-20260909/candidate/study/biomnibench-da-factorial-r10-e2a0eda2a680/experiments/da-14-1/rep-002/luna/user-simulator-red-team-trace/red-team/checkpoint-0001/prompt.txt,c9c987dd4874f16cfa2f267dd48f6edb6a12ed39a55629822bbd284a923a5172,7bad5305f4bbb7cf5858660e670216b2f0bd72b2e98add5a94e1b1e9d914e433,prompts/candidate-7bad5305f4bb.txt
candidate_user_da-14-1_r3,/data/user_data/aydanh/rubric_gen/runs/trace-repair-result20-20260909/candidate/study/biomnibench-da-factorial-r10-e2a0eda2a680/experiments/da-14-1/rep-003/luna/user-simulator-red-team-trace/red-team/checkpoint-0001/prompt.txt,c9c987dd4874f16cfa2f267dd48f6edb6a12ed39a55629822bbd284a923a5172,7bad5305f4bbb7cf5858660e670216b2f0bd72b2e98add5a94e1b1e9d914e433,prompts/candidate-7bad5305f4bb.txt
candidate_user_da-14-3_r1,/data/user_data/aydanh/rubric_gen/runs/trace-repair-result20-20260909/candidate/study/biomnibench-da-factorial-r10-e2a0eda2a680/experiments/da-14-3/rep-001/luna/user-simulator-red-team-trace/red-team/checkpoint-0001/prompt.txt,91bdda44e8fb59da892132a01e7fbbb385639355ab840fb41874cef7e713ef89,7bad5305f4bbb7cf5858660e670216b2f0bd72b2e98add5a94e1b1e9d914e433,prompts/candidate-7bad5305f4bb.txt
candidate_user_da-14-3_r2,/data/user_data/aydanh/rubric_gen/runs/trace-repair-result20-20260909/candidate/study/biomnibench-da-factorial-r10-e2a0eda2a680/experiments/da-14-3/rep-002/luna/user-simulator-red-team-trace/red-team/checkpoint-0001/prompt.txt,91bdda44e8fb59da892132a01e7fbbb385639355ab840fb41874cef7e713ef89,7bad5305f4bbb7cf5858660e670216b2f0bd72b2e98add5a94e1b1e9d914e433,prompts/candidate-7bad5305f4bb.txt
candidate_user_da-14-3_r3,/data/user_data/aydanh/rubric_gen/runs/trace-repair-result20-20260909/candidate/study/biomnibench-da-factorial-r10-e2a0eda2a680/experiments/da-14-3/rep-003/luna/user-simulator-red-team-trace/red-team/checkpoint-0001/prompt.txt,91bdda44e8fb59da892132a01e7fbbb385639355ab840fb41874cef7e713ef89,7bad5305f4bbb7cf5858660e670216b2f0bd72b2e98add5a94e1b1e9d914e433,prompts/candidate-7bad5305f4bb.txt
candidate_user_da-14-8_r1,/data/user_data/aydanh/rubric_gen/runs/trace-repair-result20-20260909/candidate/study/biomnibench-da-factorial-r10-e2a0eda2a680/experiments/da-14-8/rep-001/luna/user-simulator-red-team-trace/red-team/checkpoint-0001/prompt.txt,87d6f5aa9abbbe0d07ef37c8e77916d5f86158022a28191f243b95733d2377a1,7bad5305f4bbb7cf5858660e670216b2f0bd72b2e98add5a94e1b1e9d914e433,prompts/candidate-7bad5305f4bb.txt
candidate_user_da-14-8_r2,/data/user_data/aydanh/rubric_gen/runs/trace-repair-result20-20260909/candidate/study/biomnibench-da-factorial-r10-e2a0eda2a680/experiments/da-14-8/rep-002/luna/user-simulator-red-team-trace/red-team/checkpoint-0001/prompt.txt,87d6f5aa9abbbe0d07ef37c8e77916d5f86158022a28191f243b95733d2377a1,7bad5305f4bbb7cf5858660e670216b2f0bd72b2e98add5a94e1b1e9d914e433,prompts/candidate-7bad5305f4bb.txt
candidate_user_da-14-8_r3,/data/user_data/aydanh/rubric_gen/runs/trace-repair-result20-20260909/candidate/study/biomnibench-da-factorial-r10-e2a0eda2a680/experiments/da-14-8/rep-003/luna/user-simulator-red-team-trace/red-team/checkpoint-0001/prompt.txt,87d6f5aa9abbbe0d07ef37c8e77916d5f86158022a28191f243b95733d2377a1,7bad5305f4bbb7cf5858660e670216b2f0bd72b2e98add5a94e1b1e9d914e433,prompts/candidate-7bad5305f4bb.txt
candidate_user_da-15-1_r1,/data/user_data/aydanh/rubric_gen/runs/trace-repair-result20-20260909/candidate/study/biomnibench-da-factorial-r10-e2a0eda2a680/experiments/da-15-1/rep-001/luna/user-simulator-red-team-trace/red-team/checkpoint-0001/prompt.txt,2bbd10328713b02d01d66206f94c9c85d73f293eda555bb8094dcba6e5238831,7bad5305f4bbb7cf5858660e670216b2f0bd72b2e98add5a94e1b1e9d914e433,prompts/candidate-7bad5305f4bb.txt
candidate_user_da-15-1_r2,/data/user_data/aydanh/rubric_gen/runs/trace-repair-result20-20260909/candidate/study/biomnibench-da-factorial-r10-e2a0eda2a680/experiments/da-15-1/rep-002/luna/user-simulator-red-team-trace/red-team/checkpoint-0001/prompt.txt,2bbd10328713b02d01d66206f94c9c85d73f293eda555bb8094dcba6e5238831,7bad5305f4bbb7cf5858660e670216b2f0bd72b2e98add5a94e1b1e9d914e433,prompts/candidate-7bad5305f4bb.txt
candidate_user_da-15-1_r3,/data/user_data/aydanh/rubric_gen/runs/trace-repair-result20-20260909/candidate/study/biomnibench-da-factorial-r10-e2a0eda2a680/experiments/da-15-1/rep-003/luna/user-simulator-red-team-trace/red-team/checkpoint-0001/prompt.txt,2bbd10328713b02d01d66206f94c9c85d73f293eda555bb8094dcba6e5238831,7bad5305f4bbb7cf5858660e670216b2f0bd72b2e98add5a94e1b1e9d914e433,prompts/candidate-7bad5305f4bb.txt
candidate_user_da-15-2_r1,/data/user_data/aydanh/rubric_gen/runs/trace-repair-result20-20260909/candidate/study/biomnibench-da-factorial-r10-e2a0eda2a680/experiments/da-15-2/rep-001/luna/user-simulator-red-team-trace/red-team/checkpoint-0001/prompt.txt,30d8b559f8b8737f096f4f18877420280100db1e408bdee49707c30d931b6350,7bad5305f4bbb7cf5858660e670216b2f0bd72b2e98add5a94e1b1e9d914e433,prompts/candidate-7bad5305f4bb.txt
candidate_user_da-15-2_r2,/data/user_data/aydanh/rubric_gen/runs/trace-repair-result20-20260909/candidate/study/biomnibench-da-factorial-r10-e2a0eda2a680/experiments/da-15-2/rep-002/luna/user-simulator-red-team-trace/red-team/checkpoint-0001/prompt.txt,30d8b559f8b8737f096f4f18877420280100db1e408bdee49707c30d931b6350,7bad5305f4bbb7cf5858660e670216b2f0bd72b2e98add5a94e1b1e9d914e433,prompts/candidate-7bad5305f4bb.txt
candidate_user_da-15-2_r3,/data/user_data/aydanh/rubric_gen/runs/trace-repair-result20-20260909/candidate/study/biomnibench-da-factorial-r10-e2a0eda2a680/experiments/da-15-2/rep-003/luna/user-simulator-red-team-trace/red-team/checkpoint-0001/prompt.txt,30d8b559f8b8737f096f4f18877420280100db1e408bdee49707c30d931b6350,7bad5305f4bbb7cf5858660e670216b2f0bd72b2e98add5a94e1b1e9d914e433,prompts/candidate-7bad5305f4bb.txt
candidate_user_da-15-7_r1,/data/user_data/aydanh/rubric_gen/runs/trace-repair-result20-20260909/candidate/study/biomnibench-da-factorial-r10-e2a0eda2a680/experiments/da-15-7/rep-001/luna/user-simulator-red-team-trace/red-team/checkpoint-0001/prompt.txt,c3de4b9d58aa8f843f3faac4d1df3121538d5ed2943492585e2f344d82c1f330,7bad5305f4bbb7cf5858660e670216b2f0bd72b2e98add5a94e1b1e9d914e433,prompts/candidate-7bad5305f4bb.txt
candidate_user_da-15-7_r2,/data/user_data/aydanh/rubric_gen/runs/trace-repair-result20-20260909/candidate/study/biomnibench-da-factorial-r10-e2a0eda2a680/experiments/da-15-7/rep-002/luna/user-simulator-red-team-trace/red-team/checkpoint-0001/prompt.txt,c3de4b9d58aa8f843f3faac4d1df3121538d5ed2943492585e2f344d82c1f330,7bad5305f4bbb7cf5858660e670216b2f0bd72b2e98add5a94e1b1e9d914e433,prompts/candidate-7bad5305f4bb.txt
candidate_user_da-15-7_r3,/data/user_data/aydanh/rubric_gen/runs/trace-repair-result20-20260909/candidate/study/biomnibench-da-factorial-r10-e2a0eda2a680/experiments/da-15-7/rep-003/luna/user-simulator-red-team-trace/red-team/checkpoint-0001/prompt.txt,c3de4b9d58aa8f843f3faac4d1df3121538d5ed2943492585e2f344d82c1f330,7bad5305f4bbb7cf5858660e670216b2f0bd72b2e98add5a94e1b1e9d914e433,prompts/candidate-7bad5305f4bb.txt
candidate_user_da-15-8_r1,/data/user_data/aydanh/rubric_gen/runs/trace-repair-result20-20260909/candidate/study/biomnibench-da-factorial-r10-e2a0eda2a680/experiments/da-15-8/rep-001/luna/user-simulator-red-team-trace/red-team/checkpoint-0001/prompt.txt,7069ed2d038f9d45432cd5c8cf33da9d6617d880108006f52269e92f54c612fe,7bad5305f4bbb7cf5858660e670216b2f0bd72b2e98add5a94e1b1e9d914e433,prompts/candidate-7bad5305f4bb.txt
candidate_user_da-15-8_r2,/data/user_data/aydanh/rubric_gen/runs/trace-repair-result20-20260909/candidate/study/biomnibench-da-factorial-r10-e2a0eda2a680/experiments/da-15-8/rep-002/luna/user-simulator-red-team-trace/red-team/checkpoint-0001/prompt.txt,7069ed2d038f9d45432cd5c8cf33da9d6617d880108006f52269e92f54c612fe,7bad5305f4bbb7cf5858660e670216b2f0bd72b2e98add5a94e1b1e9d914e433,prompts/candidate-7bad5305f4bb.txt
candidate_user_da-15-8_r3,/data/user_data/aydanh/rubric_gen/runs/trace-repair-result20-20260909/candidate/study/biomnibench-da-factorial-r10-e2a0eda2a680/experiments/da-15-8/rep-003/luna/user-simulator-red-team-trace/red-team/checkpoint-0001/prompt.txt,7069ed2d038f9d45432cd5c8cf33da9d6617d880108006f52269e92f54c612fe,7bad5305f4bbb7cf5858660e670216b2f0bd72b2e98add5a94e1b1e9d914e433,prompts/candidate-7bad5305f4bb.txt
candidate_user_da-16-1_r1,/data/user_data/aydanh/rubric_gen/runs/trace-repair-result20-20260909/candidate/study/biomnibench-da-factorial-r10-e2a0eda2a680/experiments/da-16-1/rep-001/luna/user-simulator-red-team-trace/red-team/checkpoint-0001/prompt.txt,f6219902194c8aac34709e0a3757066c7753f44111967267b8ff2e0c8ef2bdef,7bad5305f4bbb7cf5858660e670216b2f0bd72b2e98add5a94e1b1e9d914e433,prompts/candidate-7bad5305f4bb.txt
candidate_user_da-16-1_r2,/data/user_data/aydanh/rubric_gen/runs/trace-repair-result20-20260909/candidate/study/biomnibench-da-factorial-r10-e2a0eda2a680/experiments/da-16-1/rep-002/luna/user-simulator-red-team-trace/red-team/checkpoint-0001/prompt.txt,f6219902194c8aac34709e0a3757066c7753f44111967267b8ff2e0c8ef2bdef,7bad5305f4bbb7cf5858660e670216b2f0bd72b2e98add5a94e1b1e9d914e433,prompts/candidate-7bad5305f4bb.txt
candidate_user_da-16-1_r3,/data/user_data/aydanh/rubric_gen/runs/trace-repair-result20-20260909/candidate/study/biomnibench-da-factorial-r10-e2a0eda2a680/experiments/da-16-1/rep-003/luna/user-simulator-red-team-trace/red-team/checkpoint-0001/prompt.txt,f6219902194c8aac34709e0a3757066c7753f44111967267b8ff2e0c8ef2bdef,7bad5305f4bbb7cf5858660e670216b2f0bd72b2e98add5a94e1b1e9d914e433,prompts/candidate-7bad5305f4bb.txt
candidate_user_da-18-5_r1,/data/user_data/aydanh/rubric_gen/runs/trace-repair-result20-20260909/candidate/study/biomnibench-da-factorial-r10-e2a0eda2a680/experiments/da-18-5/rep-001/luna/user-simulator-red-team-trace/red-team/checkpoint-0001/prompt.txt,328e0065fc3f8255c6c9b1e21396507686d5b23a50e3943f256b208ee7a51b2e,7bad5305f4bbb7cf5858660e670216b2f0bd72b2e98add5a94e1b1e9d914e433,prompts/candidate-7bad5305f4bb.txt
candidate_user_da-18-5_r2,/data/user_data/aydanh/rubric_gen/runs/trace-repair-result20-20260909/candidate/study/biomnibench-da-factorial-r10-e2a0eda2a680/experiments/da-18-5/rep-002/luna/user-simulator-red-team-trace/red-team/checkpoint-0001/prompt.txt,328e0065fc3f8255c6c9b1e21396507686d5b23a50e3943f256b208ee7a51b2e,7bad5305f4bbb7cf5858660e670216b2f0bd72b2e98add5a94e1b1e9d914e433,prompts/candidate-7bad5305f4bb.txt
candidate_user_da-18-5_r3,/data/user_data/aydanh/rubric_gen/runs/trace-repair-result20-20260909/candidate/study/biomnibench-da-factorial-r10-e2a0eda2a680/experiments/da-18-5/rep-003/luna/user-simulator-red-team-trace/red-team/checkpoint-0001/prompt.txt,328e0065fc3f8255c6c9b1e21396507686d5b23a50e3943f256b208ee7a51b2e,7bad5305f4bbb7cf5858660e670216b2f0bd72b2e98add5a94e1b1e9d914e433,prompts/candidate-7bad5305f4bb.txt
candidate_user_da-18-7_r1,/data/user_data/aydanh/rubric_gen/runs/trace-repair-result20-20260909/candidate/study/biomnibench-da-factorial-r10-e2a0eda2a680/experiments/da-18-7/rep-001/luna/user-simulator-red-team-trace/red-team/checkpoint-0001/prompt.txt,72ba45717645dc8d82d9b478ffaae590acef198f32f7da09203ed1222cc8d126,7bad5305f4bbb7cf5858660e670216b2f0bd72b2e98add5a94e1b1e9d914e433,prompts/candidate-7bad5305f4bb.txt
candidate_user_da-18-7_r2,/data/user_data/aydanh/rubric_gen/runs/trace-repair-result20-20260909/candidate/study/biomnibench-da-factorial-r10-e2a0eda2a680/experiments/da-18-7/rep-002/luna/user-simulator-red-team-trace/red-team/checkpoint-0001/prompt.txt,72ba45717645dc8d82d9b478ffaae590acef198f32f7da09203ed1222cc8d126,7bad5305f4bbb7cf5858660e670216b2f0bd72b2e98add5a94e1b1e9d914e433,prompts/candidate-7bad5305f4bb.txt
candidate_user_da-18-7_r3,/data/user_data/aydanh/rubric_gen/runs/trace-repair-result20-20260909/candidate/study/biomnibench-da-factorial-r10-e2a0eda2a680/experiments/da-18-7/rep-003/luna/user-simulator-red-team-trace/red-team/checkpoint-0001/prompt.txt,72ba45717645dc8d82d9b478ffaae590acef198f32f7da09203ed1222cc8d126,7bad5305f4bbb7cf5858660e670216b2f0bd72b2e98add5a94e1b1e9d914e433,prompts/candidate-7bad5305f4bb.txt
candidate_user_da-19-1_r1,/data/user_data/aydanh/rubric_gen/runs/trace-repair-result20-20260909/candidate/study/biomnibench-da-factorial-r10-e2a0eda2a680/experiments/da-19-1/rep-001/luna/user-simulator-red-team-trace/red-team/checkpoint-0001/prompt.txt,1c0672d62b416946b6ce9ea3bedc89ead5070ba8e8a53b1b65c7903e07cabe35,7bad5305f4bbb7cf5858660e670216b2f0bd72b2e98add5a94e1b1e9d914e433,prompts/candidate-7bad5305f4bb.txt
candidate_user_da-19-1_r2,/data/user_data/aydanh/rubric_gen/runs/trace-repair-result20-20260909/candidate/study/biomnibench-da-factorial-r10-e2a0eda2a680/experiments/da-19-1/rep-002/luna/user-simulator-red-team-trace/red-team/checkpoint-0001/prompt.txt,1c0672d62b416946b6ce9ea3bedc89ead5070ba8e8a53b1b65c7903e07cabe35,7bad5305f4bbb7cf5858660e670216b2f0bd72b2e98add5a94e1b1e9d914e433,prompts/candidate-7bad5305f4bb.txt
candidate_user_da-19-1_r3,/data/user_data/aydanh/rubric_gen/runs/trace-repair-result20-20260909/candidate/study/biomnibench-da-factorial-r10-e2a0eda2a680/experiments/da-19-1/rep-003/luna/user-simulator-red-team-trace/red-team/checkpoint-0001/prompt.txt,1c0672d62b416946b6ce9ea3bedc89ead5070ba8e8a53b1b65c7903e07cabe35,7bad5305f4bbb7cf5858660e670216b2f0bd72b2e98add5a94e1b1e9d914e433,prompts/candidate-7bad5305f4bb.txt
candidate_user_da-19-6_r1,/data/user_data/aydanh/rubric_gen/runs/trace-repair-result20-20260909/candidate/study/biomnibench-da-factorial-r10-e2a0eda2a680/experiments/da-19-6/rep-001/luna/user-simulator-red-team-trace/red-team/checkpoint-0001/prompt.txt,0ba2e0d60f5116c50f38b657c1424e959ccf1350469f804dca1aeecc8e70686d,7bad5305f4bbb7cf5858660e670216b2f0bd72b2e98add5a94e1b1e9d914e433,prompts/candidate-7bad5305f4bb.txt
candidate_user_da-19-6_r2,/data/user_data/aydanh/rubric_gen/runs/trace-repair-result20-20260909/candidate/study/biomnibench-da-factorial-r10-e2a0eda2a680/experiments/da-19-6/rep-002/luna/user-simulator-red-team-trace/red-team/checkpoint-0001/prompt.txt,0ba2e0d60f5116c50f38b657c1424e959ccf1350469f804dca1aeecc8e70686d,7bad5305f4bbb7cf5858660e670216b2f0bd72b2e98add5a94e1b1e9d914e433,prompts/candidate-7bad5305f4bb.txt
candidate_user_da-19-6_r3,/data/user_data/aydanh/rubric_gen/runs/trace-repair-result20-20260909/candidate/study/biomnibench-da-factorial-r10-e2a0eda2a680/experiments/da-19-6/rep-003/luna/user-simulator-red-team-trace/red-team/checkpoint-0001/prompt.txt,0ba2e0d60f5116c50f38b657c1424e959ccf1350469f804dca1aeecc8e70686d,7bad5305f4bbb7cf5858660e670216b2f0bd72b2e98add5a94e1b1e9d914e433,prompts/candidate-7bad5305f4bb.txt
original_full_da-10-1_r1,/data/user_data/aydanh/rubric_gen/runs/result20-cue-full-trace-20260909/trace/study/biomnibench-da-factorial-r10-39ddcf24f8aa/experiments/da-10-1/rep-001/luna/full-red-team-trace/red-team/checkpoint-0001/prompt.txt,a346b0d3de24f91366c8198ae2f001854b9ceb9ea56f4370316c945aa5cb95b5,18153c2e1f8fc152c2eaf124b95bcb7fbab946a0db1bc1883ffc849b5b58801f,prompts/original-18153c2e1f8f.txt
original_full_da-10-1_r2,/data/user_data/aydanh/rubric_gen/runs/result20-cue-full-trace-20260909/trace/study/biomnibench-da-factorial-r10-39ddcf24f8aa/experiments/da-10-1/rep-002/luna/full-red-team-trace/red-team/checkpoint-0001/prompt.txt,a346b0d3de24f91366c8198ae2f001854b9ceb9ea56f4370316c945aa5cb95b5,18153c2e1f8fc152c2eaf124b95bcb7fbab946a0db1bc1883ffc849b5b58801f,prompts/original-18153c2e1f8f.txt
original_full_da-10-1_r3,/data/user_data/aydanh/rubric_gen/runs/result20-cue-full-trace-20260909/trace/study/biomnibench-da-factorial-r10-39ddcf24f8aa/experiments/da-10-1/rep-003/luna/full-red-team-trace/red-team/checkpoint-0001/prompt.txt,a346b0d3de24f91366c8198ae2f001854b9ceb9ea56f4370316c945aa5cb95b5,18153c2e1f8fc152c2eaf124b95bcb7fbab946a0db1bc1883ffc849b5b58801f,prompts/original-18153c2e1f8f.txt
original_full_da-10-3_r1,/data/user_data/aydanh/rubric_gen/runs/result20-cue-full-trace-20260909/trace/study/biomnibench-da-factorial-r10-39ddcf24f8aa/experiments/da-10-3/rep-001/luna/full-red-team-trace/red-team/checkpoint-0001/prompt.txt,c6209ccf3b081368088cf53740e3605e15bfe5caadb9eccad1acea3faa0101ff,18153c2e1f8fc152c2eaf124b95bcb7fbab946a0db1bc1883ffc849b5b58801f,prompts/original-18153c2e1f8f.txt
original_full_da-10-3_r2,/data/user_data/aydanh/rubric_gen/runs/result20-cue-full-trace-20260909/trace/study/biomnibench-da-factorial-r10-39ddcf24f8aa/experiments/da-10-3/rep-002/luna/full-red-team-trace/red-team/checkpoint-0001/prompt.txt,c6209ccf3b081368088cf53740e3605e15bfe5caadb9eccad1acea3faa0101ff,18153c2e1f8fc152c2eaf124b95bcb7fbab946a0db1bc1883ffc849b5b58801f,prompts/original-18153c2e1f8f.txt
original_full_da-10-3_r3,/data/user_data/aydanh/rubric_gen/runs/result20-cue-full-trace-20260909/trace/study/biomnibench-da-factorial-r10-39ddcf24f8aa/experiments/da-10-3/rep-003/luna/full-red-team-trace/red-team/checkpoint-0001/prompt.txt,c6209ccf3b081368088cf53740e3605e15bfe5caadb9eccad1acea3faa0101ff,18153c2e1f8fc152c2eaf124b95bcb7fbab946a0db1bc1883ffc849b5b58801f,prompts/original-18153c2e1f8f.txt
original_full_da-12-2_r1,/data/user_data/aydanh/rubric_gen/runs/result20-cue-full-trace-20260909/trace/study/biomnibench-da-factorial-r10-39ddcf24f8aa/experiments/da-12-2/rep-001/luna/full-red-team-trace/red-team/checkpoint-0001/prompt.txt,df3578501caae8cf1f41a3b7affdd46e37ff2e8af9bf8f2a9234f4c99b885b4e,18153c2e1f8fc152c2eaf124b95bcb7fbab946a0db1bc1883ffc849b5b58801f,prompts/original-18153c2e1f8f.txt
original_full_da-12-2_r2,/data/user_data/aydanh/rubric_gen/runs/result20-cue-full-trace-20260909/trace/study/biomnibench-da-factorial-r10-39ddcf24f8aa/experiments/da-12-2/rep-002/luna/full-red-team-trace/red-team/checkpoint-0001/prompt.txt,df3578501caae8cf1f41a3b7affdd46e37ff2e8af9bf8f2a9234f4c99b885b4e,18153c2e1f8fc152c2eaf124b95bcb7fbab946a0db1bc1883ffc849b5b58801f,prompts/original-18153c2e1f8f.txt
original_full_da-12-2_r3,/data/user_data/aydanh/rubric_gen/runs/result20-cue-full-trace-20260909/trace/study/biomnibench-da-factorial-r10-39ddcf24f8aa/experiments/da-12-2/rep-003/luna/full-red-team-trace/red-team/checkpoint-0001/prompt.txt,df3578501caae8cf1f41a3b7affdd46e37ff2e8af9bf8f2a9234f4c99b885b4e,18153c2e1f8fc152c2eaf124b95bcb7fbab946a0db1bc1883ffc849b5b58801f,prompts/original-18153c2e1f8f.txt
original_full_da-12-4_r1,/data/user_data/aydanh/rubric_gen/runs/result20-cue-full-trace-20260909/trace/study/biomnibench-da-factorial-r10-39ddcf24f8aa/experiments/da-12-4/rep-001/luna/full-red-team-trace/red-team/checkpoint-0001/prompt.txt,18f6b011d59f7adc7f105d5193b9ebe6a8aa5dee0260b5de1f7228aeacf65d08,18153c2e1f8fc152c2eaf124b95bcb7fbab946a0db1bc1883ffc849b5b58801f,prompts/original-18153c2e1f8f.txt
original_full_da-12-4_r2,/data/user_data/aydanh/rubric_gen/runs/result20-cue-full-trace-20260909/trace/study/biomnibench-da-factorial-r10-39ddcf24f8aa/experiments/da-12-4/rep-002/luna/full-red-team-trace/red-team/checkpoint-0001/prompt.txt,18f6b011d59f7adc7f105d5193b9ebe6a8aa5dee0260b5de1f7228aeacf65d08,18153c2e1f8fc152c2eaf124b95bcb7fbab946a0db1bc1883ffc849b5b58801f,prompts/original-18153c2e1f8f.txt
original_full_da-12-4_r3,/data/user_data/aydanh/rubric_gen/runs/result20-cue-full-trace-20260909/trace/study/biomnibench-da-factorial-r10-39ddcf24f8aa/experiments/da-12-4/rep-003/luna/full-red-team-trace/red-team/checkpoint-0001/prompt.txt,18f6b011d59f7adc7f105d5193b9ebe6a8aa5dee0260b5de1f7228aeacf65d08,18153c2e1f8fc152c2eaf124b95bcb7fbab946a0db1bc1883ffc849b5b58801f,prompts/original-18153c2e1f8f.txt
original_full_da-13-1_r1,/data/user_data/aydanh/rubric_gen/runs/result20-cue-full-trace-20260909/trace/study/biomnibench-da-factorial-r10-39ddcf24f8aa/experiments/da-13-1/rep-001/luna/full-red-team-trace/red-team/checkpoint-0001/prompt.txt,2aed37c464dce37a3a63c31bbd08ef3254254ec73b219812b670aed1079a127d,18153c2e1f8fc152c2eaf124b95bcb7fbab946a0db1bc1883ffc849b5b58801f,prompts/original-18153c2e1f8f.txt
original_full_da-13-1_r2,/data/user_data/aydanh/rubric_gen/runs/result20-cue-full-trace-20260909/trace/study/biomnibench-da-factorial-r10-39ddcf24f8aa/experiments/da-13-1/rep-002/luna/full-red-team-trace/red-team/checkpoint-0001/prompt.txt,2aed37c464dce37a3a63c31bbd08ef3254254ec73b219812b670aed1079a127d,18153c2e1f8fc152c2eaf124b95bcb7fbab946a0db1bc1883ffc849b5b58801f,prompts/original-18153c2e1f8f.txt
original_full_da-13-1_r3,/data/user_data/aydanh/rubric_gen/runs/result20-cue-full-trace-20260909/trace/study/biomnibench-da-factorial-r10-39ddcf24f8aa/experiments/da-13-1/rep-003/luna/full-red-team-trace/red-team/checkpoint-0001/prompt.txt,2aed37c464dce37a3a63c31bbd08ef3254254ec73b219812b670aed1079a127d,18153c2e1f8fc152c2eaf124b95bcb7fbab946a0db1bc1883ffc849b5b58801f,prompts/original-18153c2e1f8f.txt
original_full_da-13-3_r1,/data/user_data/aydanh/rubric_gen/runs/result20-cue-full-trace-20260909/trace/study/biomnibench-da-factorial-r10-39ddcf24f8aa/experiments/da-13-3/rep-001/luna/full-red-team-trace/red-team/checkpoint-0001/prompt.txt,2e7e94e59a8606d3a921a0f3cb1d047fc4badca62c2a9bdeec2a0c62a0bab94e,18153c2e1f8fc152c2eaf124b95bcb7fbab946a0db1bc1883ffc849b5b58801f,prompts/original-18153c2e1f8f.txt
original_full_da-13-3_r2,/data/user_data/aydanh/rubric_gen/runs/result20-cue-full-trace-20260909/trace/study/biomnibench-da-factorial-r10-39ddcf24f8aa/experiments/da-13-3/rep-002/luna/full-red-team-trace/red-team/checkpoint-0001/prompt.txt,2e7e94e59a8606d3a921a0f3cb1d047fc4badca62c2a9bdeec2a0c62a0bab94e,18153c2e1f8fc152c2eaf124b95bcb7fbab946a0db1bc1883ffc849b5b58801f,prompts/original-18153c2e1f8f.txt
original_full_da-13-3_r3,/data/user_data/aydanh/rubric_gen/runs/result20-cue-full-trace-20260909/trace/study/biomnibench-da-factorial-r10-39ddcf24f8aa/experiments/da-13-3/rep-003/luna/full-red-team-trace/red-team/checkpoint-0001/prompt.txt,2e7e94e59a8606d3a921a0f3cb1d047fc4badca62c2a9bdeec2a0c62a0bab94e,18153c2e1f8fc152c2eaf124b95bcb7fbab946a0db1bc1883ffc849b5b58801f,prompts/original-18153c2e1f8f.txt
original_full_da-13-5_r1,/data/user_data/aydanh/rubric_gen/runs/result20-cue-full-trace-20260909/trace/study/biomnibench-da-factorial-r10-39ddcf24f8aa/experiments/da-13-5/rep-001/luna/full-red-team-trace/red-team/checkpoint-0001/prompt.txt,69db44f442b521aade9aef126b53f9fceb4358f55d7591053f4df2b2fb0d5c30,18153c2e1f8fc152c2eaf124b95bcb7fbab946a0db1bc1883ffc849b5b58801f,prompts/original-18153c2e1f8f.txt
original_full_da-13-5_r2,/data/user_data/aydanh/rubric_gen/runs/result20-cue-full-trace-20260909/trace/study/biomnibench-da-factorial-r10-39ddcf24f8aa/experiments/da-13-5/rep-002/luna/full-red-team-trace/red-team/checkpoint-0001/prompt.txt,69db44f442b521aade9aef126b53f9fceb4358f55d7591053f4df2b2fb0d5c30,18153c2e1f8fc152c2eaf124b95bcb7fbab946a0db1bc1883ffc849b5b58801f,prompts/original-18153c2e1f8f.txt
original_full_da-13-5_r3,/data/user_data/aydanh/rubric_gen/runs/result20-cue-full-trace-20260909/trace/study/biomnibench-da-factorial-r10-39ddcf24f8aa/experiments/da-13-5/rep-003/luna/full-red-team-trace/red-team/checkpoint-0001/prompt.txt,69db44f442b521aade9aef126b53f9fceb4358f55d7591053f4df2b2fb0d5c30,18153c2e1f8fc152c2eaf124b95bcb7fbab946a0db1bc1883ffc849b5b58801f,prompts/original-18153c2e1f8f.txt
original_full_da-13-6_r1,/data/user_data/aydanh/rubric_gen/runs/result20-cue-full-trace-20260909/trace/study/biomnibench-da-factorial-r10-39ddcf24f8aa/experiments/da-13-6/rep-001/luna/full-red-team-trace/red-team/checkpoint-0001/prompt.txt,94769ade96dd2c8092b1b00545988e01ed163a3b287850dc171d9131e30954c0,18153c2e1f8fc152c2eaf124b95bcb7fbab946a0db1bc1883ffc849b5b58801f,prompts/original-18153c2e1f8f.txt
original_full_da-13-6_r2,/data/user_data/aydanh/rubric_gen/runs/result20-cue-full-trace-20260909/trace/study/biomnibench-da-factorial-r10-39ddcf24f8aa/experiments/da-13-6/rep-002/luna/full-red-team-trace/red-team/checkpoint-0001/prompt.txt,94769ade96dd2c8092b1b00545988e01ed163a3b287850dc171d9131e30954c0,18153c2e1f8fc152c2eaf124b95bcb7fbab946a0db1bc1883ffc849b5b58801f,prompts/original-18153c2e1f8f.txt
original_full_da-13-6_r3,/data/user_data/aydanh/rubric_gen/runs/result20-cue-full-trace-20260909/trace/study/biomnibench-da-factorial-r10-39ddcf24f8aa/experiments/da-13-6/rep-003/luna/full-red-team-trace/red-team/checkpoint-0001/prompt.txt,94769ade96dd2c8092b1b00545988e01ed163a3b287850dc171d9131e30954c0,18153c2e1f8fc152c2eaf124b95bcb7fbab946a0db1bc1883ffc849b5b58801f,prompts/original-18153c2e1f8f.txt
original_full_da-14-1_r1,/data/user_data/aydanh/rubric_gen/runs/result20-cue-full-trace-20260909/trace/study/biomnibench-da-factorial-r10-39ddcf24f8aa/experiments/da-14-1/rep-001/luna/full-red-team-trace/red-team/checkpoint-0001/prompt.txt,7aa969823f294d49b2953bf1289d63733ffc413a5d0b8419d456dbc04e69bb7e,18153c2e1f8fc152c2eaf124b95bcb7fbab946a0db1bc1883ffc849b5b58801f,prompts/original-18153c2e1f8f.txt
original_full_da-14-1_r2,/data/user_data/aydanh/rubric_gen/runs/result20-cue-full-trace-20260909/trace/study/biomnibench-da-factorial-r10-39ddcf24f8aa/experiments/da-14-1/rep-002/luna/full-red-team-trace/red-team/checkpoint-0001/prompt.txt,7aa969823f294d49b2953bf1289d63733ffc413a5d0b8419d456dbc04e69bb7e,18153c2e1f8fc152c2eaf124b95bcb7fbab946a0db1bc1883ffc849b5b58801f,prompts/original-18153c2e1f8f.txt
original_full_da-14-1_r3,/data/user_data/aydanh/rubric_gen/runs/result20-cue-full-trace-20260909/trace/study/biomnibench-da-factorial-r10-39ddcf24f8aa/experiments/da-14-1/rep-003/luna/full-red-team-trace/red-team/checkpoint-0001/prompt.txt,7aa969823f294d49b2953bf1289d63733ffc413a5d0b8419d456dbc04e69bb7e,18153c2e1f8fc152c2eaf124b95bcb7fbab946a0db1bc1883ffc849b5b58801f,prompts/original-18153c2e1f8f.txt
original_full_da-14-3_r1,/data/user_data/aydanh/rubric_gen/runs/result20-cue-full-trace-20260909/trace/study/biomnibench-da-factorial-r10-39ddcf24f8aa/experiments/da-14-3/rep-001/luna/full-red-team-trace/red-team/checkpoint-0001/prompt.txt,4de7909906d3a6cf27c3ae4d02785361f6811202542cb811382801b1deee57b6,18153c2e1f8fc152c2eaf124b95bcb7fbab946a0db1bc1883ffc849b5b58801f,prompts/original-18153c2e1f8f.txt
original_full_da-14-3_r2,/data/user_data/aydanh/rubric_gen/runs/result20-cue-full-trace-20260909/trace/study/biomnibench-da-factorial-r10-39ddcf24f8aa/experiments/da-14-3/rep-002/luna/full-red-team-trace/red-team/checkpoint-0001/prompt.txt,4de7909906d3a6cf27c3ae4d02785361f6811202542cb811382801b1deee57b6,18153c2e1f8fc152c2eaf124b95bcb7fbab946a0db1bc1883ffc849b5b58801f,prompts/original-18153c2e1f8f.txt
original_full_da-14-3_r3,/data/user_data/aydanh/rubric_gen/runs/result20-cue-full-trace-20260909/trace/study/biomnibench-da-factorial-r10-39ddcf24f8aa/experiments/da-14-3/rep-003/luna/full-red-team-trace/red-team/checkpoint-0001/prompt.txt,4de7909906d3a6cf27c3ae4d02785361f6811202542cb811382801b1deee57b6,18153c2e1f8fc152c2eaf124b95bcb7fbab946a0db1bc1883ffc849b5b58801f,prompts/original-18153c2e1f8f.txt
original_full_da-14-8_r1,/data/user_data/aydanh/rubric_gen/runs/result20-cue-full-trace-20260909/trace/study/biomnibench-da-factorial-r10-39ddcf24f8aa/experiments/da-14-8/rep-001/luna/full-red-team-trace/red-team/checkpoint-0001/prompt.txt,be33df7d58db7865d4a94d7642523c8901ed3612fdff79921a66cefdf6f11aa4,18153c2e1f8fc152c2eaf124b95bcb7fbab946a0db1bc1883ffc849b5b58801f,prompts/original-18153c2e1f8f.txt
original_full_da-14-8_r2,/data/user_data/aydanh/rubric_gen/runs/result20-cue-full-trace-20260909/trace/study/biomnibench-da-factorial-r10-39ddcf24f8aa/experiments/da-14-8/rep-002/luna/full-red-team-trace/red-team/checkpoint-0001/prompt.txt,be33df7d58db7865d4a94d7642523c8901ed3612fdff79921a66cefdf6f11aa4,18153c2e1f8fc152c2eaf124b95bcb7fbab946a0db1bc1883ffc849b5b58801f,prompts/original-18153c2e1f8f.txt
original_full_da-14-8_r3,/data/user_data/aydanh/rubric_gen/runs/result20-cue-full-trace-20260909/trace/study/biomnibench-da-factorial-r10-39ddcf24f8aa/experiments/da-14-8/rep-003/luna/full-red-team-trace/red-team/checkpoint-0001/prompt.txt,be33df7d58db7865d4a94d7642523c8901ed3612fdff79921a66cefdf6f11aa4,18153c2e1f8fc152c2eaf124b95bcb7fbab946a0db1bc1883ffc849b5b58801f,prompts/original-18153c2e1f8f.txt
original_full_da-15-1_r1,/data/user_data/aydanh/rubric_gen/runs/result20-cue-full-trace-20260909/trace/study/biomnibench-da-factorial-r10-39ddcf24f8aa/experiments/da-15-1/rep-001/luna/full-red-team-trace/red-team/checkpoint-0001/prompt.txt,9c9556dc7e96d2ae2e4be7baa86ccda4dc6396c1cbb3628544ab2c1611034028,18153c2e1f8fc152c2eaf124b95bcb7fbab946a0db1bc1883ffc849b5b58801f,prompts/original-18153c2e1f8f.txt
original_full_da-15-1_r2,/data/user_data/aydanh/rubric_gen/runs/result20-cue-full-trace-20260909/trace/study/biomnibench-da-factorial-r10-39ddcf24f8aa/experiments/da-15-1/rep-002/luna/full-red-team-trace/red-team/checkpoint-0001/prompt.txt,9c9556dc7e96d2ae2e4be7baa86ccda4dc6396c1cbb3628544ab2c1611034028,18153c2e1f8fc152c2eaf124b95bcb7fbab946a0db1bc1883ffc849b5b58801f,prompts/original-18153c2e1f8f.txt
original_full_da-15-1_r3,/data/user_data/aydanh/rubric_gen/runs/result20-cue-full-trace-20260909/trace/study/biomnibench-da-factorial-r10-39ddcf24f8aa/experiments/da-15-1/rep-003/luna/full-red-team-trace/red-team/checkpoint-0001/prompt.txt,9c9556dc7e96d2ae2e4be7baa86ccda4dc6396c1cbb3628544ab2c1611034028,18153c2e1f8fc152c2eaf124b95bcb7fbab946a0db1bc1883ffc849b5b58801f,prompts/original-18153c2e1f8f.txt
original_full_da-15-2_r1,/data/user_data/aydanh/rubric_gen/runs/result20-cue-full-trace-20260909/trace/study/biomnibench-da-factorial-r10-39ddcf24f8aa/experiments/da-15-2/rep-001/luna/full-red-team-trace/red-team/checkpoint-0001/prompt.txt,44e02eb5e1cf444cfa78c542ce2f34cc7eeeb1327c7eb6aeba210e1ac79e4e90,18153c2e1f8fc152c2eaf124b95bcb7fbab946a0db1bc1883ffc849b5b58801f,prompts/original-18153c2e1f8f.txt
original_full_da-15-2_r2,/data/user_data/aydanh/rubric_gen/runs/result20-cue-full-trace-20260909/trace/study/biomnibench-da-factorial-r10-39ddcf24f8aa/experiments/da-15-2/rep-002/luna/full-red-team-trace/red-team/checkpoint-0001/prompt.txt,44e02eb5e1cf444cfa78c542ce2f34cc7eeeb1327c7eb6aeba210e1ac79e4e90,18153c2e1f8fc152c2eaf124b95bcb7fbab946a0db1bc1883ffc849b5b58801f,prompts/original-18153c2e1f8f.txt
original_full_da-15-2_r3,/data/user_data/aydanh/rubric_gen/runs/result20-cue-full-trace-20260909/trace/study/biomnibench-da-factorial-r10-39ddcf24f8aa/experiments/da-15-2/rep-003/luna/full-red-team-trace/red-team/checkpoint-0001/prompt.txt,44e02eb5e1cf444cfa78c542ce2f34cc7eeeb1327c7eb6aeba210e1ac79e4e90,18153c2e1f8fc152c2eaf124b95bcb7fbab946a0db1bc1883ffc849b5b58801f,prompts/original-18153c2e1f8f.txt
original_full_da-15-7_r1,/data/user_data/aydanh/rubric_gen/runs/result20-cue-full-trace-20260909/trace/study/biomnibench-da-factorial-r10-39ddcf24f8aa/experiments/da-15-7/rep-001/luna/full-red-team-trace/red-team/checkpoint-0001/prompt.txt,8857a65cd458c60aca6c3ce91587e5b3881fc9ddd31a7aae2e6467edaf57db91,18153c2e1f8fc152c2eaf124b95bcb7fbab946a0db1bc1883ffc849b5b58801f,prompts/original-18153c2e1f8f.txt
original_full_da-15-7_r2,/data/user_data/aydanh/rubric_gen/runs/result20-cue-full-trace-20260909/trace/study/biomnibench-da-factorial-r10-39ddcf24f8aa/experiments/da-15-7/rep-002/luna/full-red-team-trace/red-team/checkpoint-0001/prompt.txt,8857a65cd458c60aca6c3ce91587e5b3881fc9ddd31a7aae2e6467edaf57db91,18153c2e1f8fc152c2eaf124b95bcb7fbab946a0db1bc1883ffc849b5b58801f,prompts/original-18153c2e1f8f.txt
original_full_da-15-7_r3,/data/user_data/aydanh/rubric_gen/runs/result20-cue-full-trace-20260909/trace/study/biomnibench-da-factorial-r10-39ddcf24f8aa/experiments/da-15-7/rep-003/luna/full-red-team-trace/red-team/checkpoint-0001/prompt.txt,8857a65cd458c60aca6c3ce91587e5b3881fc9ddd31a7aae2e6467edaf57db91,18153c2e1f8fc152c2eaf124b95bcb7fbab946a0db1bc1883ffc849b5b58801f,prompts/original-18153c2e1f8f.txt
original_full_da-15-8_r1,/data/user_data/aydanh/rubric_gen/runs/result20-cue-full-trace-20260909/trace/study/biomnibench-da-factorial-r10-39ddcf24f8aa/experiments/da-15-8/rep-001/luna/full-red-team-trace/red-team/checkpoint-0001/prompt.txt,287d61f23d5ef62b536f95e5231f9ddf1d11da15d65aa3daee4c8c6c7826cfa5,18153c2e1f8fc152c2eaf124b95bcb7fbab946a0db1bc1883ffc849b5b58801f,prompts/original-18153c2e1f8f.txt
original_full_da-15-8_r2,/data/user_data/aydanh/rubric_gen/runs/result20-cue-full-trace-20260909/trace/study/biomnibench-da-factorial-r10-39ddcf24f8aa/experiments/da-15-8/rep-002/luna/full-red-team-trace/red-team/checkpoint-0001/prompt.txt,287d61f23d5ef62b536f95e5231f9ddf1d11da15d65aa3daee4c8c6c7826cfa5,18153c2e1f8fc152c2eaf124b95bcb7fbab946a0db1bc1883ffc849b5b58801f,prompts/original-18153c2e1f8f.txt
original_full_da-15-8_r3,/data/user_data/aydanh/rubric_gen/runs/result20-cue-full-trace-20260909/trace/study/biomnibench-da-factorial-r10-39ddcf24f8aa/experiments/da-15-8/rep-003/luna/full-red-team-trace/red-team/checkpoint-0001/prompt.txt,287d61f23d5ef62b536f95e5231f9ddf1d11da15d65aa3daee4c8c6c7826cfa5,18153c2e1f8fc152c2eaf124b95bcb7fbab946a0db1bc1883ffc849b5b58801f,prompts/original-18153c2e1f8f.txt
original_full_da-16-1_r2,/data/user_data/aydanh/rubric_gen/runs/result20-cue-full-trace-20260909/trace/study/biomnibench-da-factorial-r10-39ddcf24f8aa/experiments/da-16-1/rep-002/luna/full-red-team-trace/red-team/checkpoint-0001/prompt.txt,ec531b18a30ba862a21718f3b25d1ba739a8793af28bdfcf6a5373d73f94f345,18153c2e1f8fc152c2eaf124b95bcb7fbab946a0db1bc1883ffc849b5b58801f,prompts/original-18153c2e1f8f.txt
original_full_da-16-1_r3,/data/user_data/aydanh/rubric_gen/runs/result20-cue-full-trace-20260909/trace/study/biomnibench-da-factorial-r10-39ddcf24f8aa/experiments/da-16-1/rep-003/luna/full-red-team-trace/red-team/checkpoint-0001/prompt.txt,ec531b18a30ba862a21718f3b25d1ba739a8793af28bdfcf6a5373d73f94f345,18153c2e1f8fc152c2eaf124b95bcb7fbab946a0db1bc1883ffc849b5b58801f,prompts/original-18153c2e1f8f.txt
original_full_da-18-5_r1,/data/user_data/aydanh/rubric_gen/runs/result20-cue-full-trace-20260909/trace/study/biomnibench-da-factorial-r10-39ddcf24f8aa/experiments/da-18-5/rep-001/luna/full-red-team-trace/red-team/checkpoint-0001/prompt.txt,34eaefbc9c43d2227a399c84e961dc2d292181627e0e895bcf6e054725b23fdc,18153c2e1f8fc152c2eaf124b95bcb7fbab946a0db1bc1883ffc849b5b58801f,prompts/original-18153c2e1f8f.txt
original_full_da-18-5_r2,/data/user_data/aydanh/rubric_gen/runs/result20-cue-full-trace-20260909/trace/study/biomnibench-da-factorial-r10-39ddcf24f8aa/experiments/da-18-5/rep-002/luna/full-red-team-trace/red-team/checkpoint-0001/prompt.txt,34eaefbc9c43d2227a399c84e961dc2d292181627e0e895bcf6e054725b23fdc,18153c2e1f8fc152c2eaf124b95bcb7fbab946a0db1bc1883ffc849b5b58801f,prompts/original-18153c2e1f8f.txt
original_full_da-18-5_r3,/data/user_data/aydanh/rubric_gen/runs/result20-cue-full-trace-20260909/trace/study/biomnibench-da-factorial-r10-39ddcf24f8aa/experiments/da-18-5/rep-003/luna/full-red-team-trace/red-team/checkpoint-0001/prompt.txt,34eaefbc9c43d2227a399c84e961dc2d292181627e0e895bcf6e054725b23fdc,18153c2e1f8fc152c2eaf124b95bcb7fbab946a0db1bc1883ffc849b5b58801f,prompts/original-18153c2e1f8f.txt
original_full_da-18-7_r1,/data/user_data/aydanh/rubric_gen/runs/result20-cue-full-trace-20260909/trace/study/biomnibench-da-factorial-r10-39ddcf24f8aa/experiments/da-18-7/rep-001/luna/full-red-team-trace/red-team/checkpoint-0001/prompt.txt,9e46e2a7ceb3bd08266292fd75b5c1356bcd93fd89f04b90d57fb211d7d3092f,18153c2e1f8fc152c2eaf124b95bcb7fbab946a0db1bc1883ffc849b5b58801f,prompts/original-18153c2e1f8f.txt
original_full_da-18-7_r2,/data/user_data/aydanh/rubric_gen/runs/result20-cue-full-trace-20260909/trace/study/biomnibench-da-factorial-r10-39ddcf24f8aa/experiments/da-18-7/rep-002/luna/full-red-team-trace/red-team/checkpoint-0001/prompt.txt,9e46e2a7ceb3bd08266292fd75b5c1356bcd93fd89f04b90d57fb211d7d3092f,18153c2e1f8fc152c2eaf124b95bcb7fbab946a0db1bc1883ffc849b5b58801f,prompts/original-18153c2e1f8f.txt
original_full_da-18-7_r3,/data/user_data/aydanh/rubric_gen/runs/result20-cue-full-trace-20260909/trace/study/biomnibench-da-factorial-r10-39ddcf24f8aa/experiments/da-18-7/rep-003/luna/full-red-team-trace/red-team/checkpoint-0001/prompt.txt,9e46e2a7ceb3bd08266292fd75b5c1356bcd93fd89f04b90d57fb211d7d3092f,18153c2e1f8fc152c2eaf124b95bcb7fbab946a0db1bc1883ffc849b5b58801f,prompts/original-18153c2e1f8f.txt
original_full_da-19-1_r1,/data/user_data/aydanh/rubric_gen/runs/result20-cue-full-trace-20260909/trace/study/biomnibench-da-factorial-r10-39ddcf24f8aa/experiments/da-19-1/rep-001/luna/full-red-team-trace/red-team/checkpoint-0001/prompt.txt,cd45f644a49022ec57a151d3e86da2d7cf751452949f2e8cc21d3d616680e6d2,18153c2e1f8fc152c2eaf124b95bcb7fbab946a0db1bc1883ffc849b5b58801f,prompts/original-18153c2e1f8f.txt
original_full_da-19-1_r2,/data/user_data/aydanh/rubric_gen/runs/result20-cue-full-trace-20260909/trace/study/biomnibench-da-factorial-r10-39ddcf24f8aa/experiments/da-19-1/rep-002/luna/full-red-team-trace/red-team/checkpoint-0001/prompt.txt,cd45f644a49022ec57a151d3e86da2d7cf751452949f2e8cc21d3d616680e6d2,18153c2e1f8fc152c2eaf124b95bcb7fbab946a0db1bc1883ffc849b5b58801f,prompts/original-18153c2e1f8f.txt
original_full_da-19-1_r3,/data/user_data/aydanh/rubric_gen/runs/result20-cue-full-trace-20260909/trace/study/biomnibench-da-factorial-r10-39ddcf24f8aa/experiments/da-19-1/rep-003/luna/full-red-team-trace/red-team/checkpoint-0001/prompt.txt,cd45f644a49022ec57a151d3e86da2d7cf751452949f2e8cc21d3d616680e6d2,18153c2e1f8fc152c2eaf124b95bcb7fbab946a0db1bc1883ffc849b5b58801f,prompts/original-18153c2e1f8f.txt
original_full_da-19-6_r1,/data/user_data/aydanh/rubric_gen/runs/result20-cue-full-trace-20260909/trace/study/biomnibench-da-factorial-r10-39ddcf24f8aa/experiments/da-19-6/rep-001/luna/full-red-team-trace/red-team/checkpoint-0001/prompt.txt,2c7f038dc4197c729969d549d49e7b354895ff51cd581a2cb0541b278558184c,18153c2e1f8fc152c2eaf124b95bcb7fbab946a0db1bc1883ffc849b5b58801f,prompts/original-18153c2e1f8f.txt
original_full_da-19-6_r2,/data/user_data/aydanh/rubric_gen/runs/result20-cue-full-trace-20260909/trace/study/biomnibench-da-factorial-r10-39ddcf24f8aa/experiments/da-19-6/rep-002/luna/full-red-team-trace/red-team/checkpoint-0001/prompt.txt,2c7f038dc4197c729969d549d49e7b354895ff51cd581a2cb0541b278558184c,18153c2e1f8fc152c2eaf124b95bcb7fbab946a0db1bc1883ffc849b5b58801f,prompts/original-18153c2e1f8f.txt
original_full_da-19-6_r3,/data/user_data/aydanh/rubric_gen/runs/result20-cue-full-trace-20260909/trace/study/biomnibench-da-factorial-r10-39ddcf24f8aa/experiments/da-19-6/rep-003/luna/full-red-team-trace/red-team/checkpoint-0001/prompt.txt,2c7f038dc4197c729969d549d49e7b354895ff51cd581a2cb0541b278558184c,18153c2e1f8fc152c2eaf124b95bcb7fbab946a0db1bc1883ffc849b5b58801f,prompts/original-18153c2e1f8f.txt
original_user_da-10-1_r1,/home/aydanh/repos/rubric_gen/runs/babel-result20-cue-contrast-20260908/trace/study/biomnibench-da-factorial-r10-f0203f5d69f3/experiments/da-10-1/rep-001/luna/user-simulator-red-team-trace/red-team/checkpoint-0001/prompt.txt,a346b0d3de24f91366c8198ae2f001854b9ceb9ea56f4370316c945aa5cb95b5,18153c2e1f8fc152c2eaf124b95bcb7fbab946a0db1bc1883ffc849b5b58801f,prompts/original-18153c2e1f8f.txt
original_user_da-10-1_r2,/home/aydanh/repos/rubric_gen/runs/babel-result20-cue-contrast-20260908/trace/study/biomnibench-da-factorial-r10-f0203f5d69f3/experiments/da-10-1/rep-002/luna/user-simulator-red-team-trace/red-team/checkpoint-0001/prompt.txt,a346b0d3de24f91366c8198ae2f001854b9ceb9ea56f4370316c945aa5cb95b5,18153c2e1f8fc152c2eaf124b95bcb7fbab946a0db1bc1883ffc849b5b58801f,prompts/original-18153c2e1f8f.txt
original_user_da-10-1_r3,/home/aydanh/repos/rubric_gen/runs/babel-result20-cue-contrast-20260908/trace/study/biomnibench-da-factorial-r10-f0203f5d69f3/experiments/da-10-1/rep-003/luna/user-simulator-red-team-trace/red-team/checkpoint-0001/prompt.txt,a346b0d3de24f91366c8198ae2f001854b9ceb9ea56f4370316c945aa5cb95b5,18153c2e1f8fc152c2eaf124b95bcb7fbab946a0db1bc1883ffc849b5b58801f,prompts/original-18153c2e1f8f.txt
original_user_da-10-3_r1,/home/aydanh/repos/rubric_gen/runs/babel-result20-cue-contrast-20260908/trace/study/biomnibench-da-factorial-r10-f0203f5d69f3/experiments/da-10-3/rep-001/luna/user-simulator-red-team-trace/red-team/checkpoint-0001/prompt.txt,c6209ccf3b081368088cf53740e3605e15bfe5caadb9eccad1acea3faa0101ff,18153c2e1f8fc152c2eaf124b95bcb7fbab946a0db1bc1883ffc849b5b58801f,prompts/original-18153c2e1f8f.txt
original_user_da-10-3_r2,/home/aydanh/repos/rubric_gen/runs/babel-result20-cue-contrast-20260908/trace/study/biomnibench-da-factorial-r10-f0203f5d69f3/experiments/da-10-3/rep-002/luna/user-simulator-red-team-trace/red-team/checkpoint-0001/prompt.txt,c6209ccf3b081368088cf53740e3605e15bfe5caadb9eccad1acea3faa0101ff,18153c2e1f8fc152c2eaf124b95bcb7fbab946a0db1bc1883ffc849b5b58801f,prompts/original-18153c2e1f8f.txt
original_user_da-10-3_r3,/home/aydanh/repos/rubric_gen/runs/babel-result20-cue-contrast-20260908/trace/study/biomnibench-da-factorial-r10-f0203f5d69f3/experiments/da-10-3/rep-003/luna/user-simulator-red-team-trace/red-team/checkpoint-0001/prompt.txt,c6209ccf3b081368088cf53740e3605e15bfe5caadb9eccad1acea3faa0101ff,18153c2e1f8fc152c2eaf124b95bcb7fbab946a0db1bc1883ffc849b5b58801f,prompts/original-18153c2e1f8f.txt
original_user_da-12-2_r1,/home/aydanh/repos/rubric_gen/runs/babel-result20-cue-contrast-20260908/trace/study/biomnibench-da-factorial-r10-f0203f5d69f3/experiments/da-12-2/rep-001/luna/user-simulator-red-team-trace/red-team/checkpoint-0001/prompt.txt,df3578501caae8cf1f41a3b7affdd46e37ff2e8af9bf8f2a9234f4c99b885b4e,18153c2e1f8fc152c2eaf124b95bcb7fbab946a0db1bc1883ffc849b5b58801f,prompts/original-18153c2e1f8f.txt
original_user_da-12-2_r2,/home/aydanh/repos/rubric_gen/runs/babel-result20-cue-contrast-20260908/trace/study/biomnibench-da-factorial-r10-f0203f5d69f3/experiments/da-12-2/rep-002/luna/user-simulator-red-team-trace/red-team/checkpoint-0001/prompt.txt,df3578501caae8cf1f41a3b7affdd46e37ff2e8af9bf8f2a9234f4c99b885b4e,18153c2e1f8fc152c2eaf124b95bcb7fbab946a0db1bc1883ffc849b5b58801f,prompts/original-18153c2e1f8f.txt
original_user_da-12-2_r3,/home/aydanh/repos/rubric_gen/runs/babel-result20-cue-contrast-20260908/trace/study/biomnibench-da-factorial-r10-f0203f5d69f3/experiments/da-12-2/rep-003/luna/user-simulator-red-team-trace/red-team/checkpoint-0001/prompt.txt,df3578501caae8cf1f41a3b7affdd46e37ff2e8af9bf8f2a9234f4c99b885b4e,18153c2e1f8fc152c2eaf124b95bcb7fbab946a0db1bc1883ffc849b5b58801f,prompts/original-18153c2e1f8f.txt
original_user_da-12-4_r1,/home/aydanh/repos/rubric_gen/runs/babel-result20-cue-contrast-20260908/trace/study/biomnibench-da-factorial-r10-f0203f5d69f3/experiments/da-12-4/rep-001/luna/user-simulator-red-team-trace/red-team/checkpoint-0001/prompt.txt,18f6b011d59f7adc7f105d5193b9ebe6a8aa5dee0260b5de1f7228aeacf65d08,18153c2e1f8fc152c2eaf124b95bcb7fbab946a0db1bc1883ffc849b5b58801f,prompts/original-18153c2e1f8f.txt
original_user_da-12-4_r2,/home/aydanh/repos/rubric_gen/runs/babel-result20-cue-contrast-20260908/trace/study/biomnibench-da-factorial-r10-f0203f5d69f3/experiments/da-12-4/rep-002/luna/user-simulator-red-team-trace/red-team/checkpoint-0001/prompt.txt,18f6b011d59f7adc7f105d5193b9ebe6a8aa5dee0260b5de1f7228aeacf65d08,18153c2e1f8fc152c2eaf124b95bcb7fbab946a0db1bc1883ffc849b5b58801f,prompts/original-18153c2e1f8f.txt
original_user_da-12-4_r3,/home/aydanh/repos/rubric_gen/runs/babel-result20-cue-contrast-20260908/trace/study/biomnibench-da-factorial-r10-f0203f5d69f3/experiments/da-12-4/rep-003/luna/user-simulator-red-team-trace/red-team/checkpoint-0001/prompt.txt,18f6b011d59f7adc7f105d5193b9ebe6a8aa5dee0260b5de1f7228aeacf65d08,18153c2e1f8fc152c2eaf124b95bcb7fbab946a0db1bc1883ffc849b5b58801f,prompts/original-18153c2e1f8f.txt
original_user_da-13-1_r1,/home/aydanh/repos/rubric_gen/runs/babel-result20-cue-contrast-20260908/trace/study/biomnibench-da-factorial-r10-f0203f5d69f3/experiments/da-13-1/rep-001/luna/user-simulator-red-team-trace/red-team/checkpoint-0001/prompt.txt,2aed37c464dce37a3a63c31bbd08ef3254254ec73b219812b670aed1079a127d,18153c2e1f8fc152c2eaf124b95bcb7fbab946a0db1bc1883ffc849b5b58801f,prompts/original-18153c2e1f8f.txt
original_user_da-13-1_r2,/home/aydanh/repos/rubric_gen/runs/babel-result20-cue-contrast-20260908/trace/study/biomnibench-da-factorial-r10-f0203f5d69f3/experiments/da-13-1/rep-002/luna/user-simulator-red-team-trace/red-team/checkpoint-0001/prompt.txt,2aed37c464dce37a3a63c31bbd08ef3254254ec73b219812b670aed1079a127d,18153c2e1f8fc152c2eaf124b95bcb7fbab946a0db1bc1883ffc849b5b58801f,prompts/original-18153c2e1f8f.txt
original_user_da-13-1_r3,/home/aydanh/repos/rubric_gen/runs/babel-result20-cue-contrast-20260908/trace/study/biomnibench-da-factorial-r10-f0203f5d69f3/experiments/da-13-1/rep-003/luna/user-simulator-red-team-trace/red-team/checkpoint-0001/prompt.txt,2aed37c464dce37a3a63c31bbd08ef3254254ec73b219812b670aed1079a127d,18153c2e1f8fc152c2eaf124b95bcb7fbab946a0db1bc1883ffc849b5b58801f,prompts/original-18153c2e1f8f.txt
original_user_da-13-3_r1,/home/aydanh/repos/rubric_gen/runs/babel-result20-cue-contrast-20260908/trace/study/biomnibench-da-factorial-r10-f0203f5d69f3/experiments/da-13-3/rep-001/luna/user-simulator-red-team-trace/red-team/checkpoint-0001/prompt.txt,2e7e94e59a8606d3a921a0f3cb1d047fc4badca62c2a9bdeec2a0c62a0bab94e,18153c2e1f8fc152c2eaf124b95bcb7fbab946a0db1bc1883ffc849b5b58801f,prompts/original-18153c2e1f8f.txt
original_user_da-13-3_r2,/home/aydanh/repos/rubric_gen/runs/babel-result20-cue-contrast-20260908/trace/study/biomnibench-da-factorial-r10-f0203f5d69f3/experiments/da-13-3/rep-002/luna/user-simulator-red-team-trace/red-team/checkpoint-0001/prompt.txt,2e7e94e59a8606d3a921a0f3cb1d047fc4badca62c2a9bdeec2a0c62a0bab94e,18153c2e1f8fc152c2eaf124b95bcb7fbab946a0db1bc1883ffc849b5b58801f,prompts/original-18153c2e1f8f.txt
original_user_da-13-3_r3,/home/aydanh/repos/rubric_gen/runs/babel-result20-cue-contrast-20260908/trace/study/biomnibench-da-factorial-r10-f0203f5d69f3/experiments/da-13-3/rep-003/luna/user-simulator-red-team-trace/red-team/checkpoint-0001/prompt.txt,2e7e94e59a8606d3a921a0f3cb1d047fc4badca62c2a9bdeec2a0c62a0bab94e,18153c2e1f8fc152c2eaf124b95bcb7fbab946a0db1bc1883ffc849b5b58801f,prompts/original-18153c2e1f8f.txt
original_user_da-13-5_r1,/home/aydanh/repos/rubric_gen/runs/babel-result20-cue-contrast-20260908/trace/study/biomnibench-da-factorial-r10-f0203f5d69f3/experiments/da-13-5/rep-001/luna/user-simulator-red-team-trace/red-team/checkpoint-0001/prompt.txt,69db44f442b521aade9aef126b53f9fceb4358f55d7591053f4df2b2fb0d5c30,18153c2e1f8fc152c2eaf124b95bcb7fbab946a0db1bc1883ffc849b5b58801f,prompts/original-18153c2e1f8f.txt
original_user_da-13-5_r2,/home/aydanh/repos/rubric_gen/runs/babel-result20-cue-contrast-20260908/trace/study/biomnibench-da-factorial-r10-f0203f5d69f3/experiments/da-13-5/rep-002/luna/user-simulator-red-team-trace/red-team/checkpoint-0001/prompt.txt,69db44f442b521aade9aef126b53f9fceb4358f55d7591053f4df2b2fb0d5c30,18153c2e1f8fc152c2eaf124b95bcb7fbab946a0db1bc1883ffc849b5b58801f,prompts/original-18153c2e1f8f.txt
original_user_da-13-5_r3,/home/aydanh/repos/rubric_gen/runs/babel-result20-cue-contrast-20260908/trace/study/biomnibench-da-factorial-r10-f0203f5d69f3/experiments/da-13-5/rep-003/luna/user-simulator-red-team-trace/red-team/checkpoint-0001/prompt.txt,69db44f442b521aade9aef126b53f9fceb4358f55d7591053f4df2b2fb0d5c30,18153c2e1f8fc152c2eaf124b95bcb7fbab946a0db1bc1883ffc849b5b58801f,prompts/original-18153c2e1f8f.txt
original_user_da-13-6_r1,/home/aydanh/repos/rubric_gen/runs/babel-result20-cue-contrast-20260908/trace/study/biomnibench-da-factorial-r10-f0203f5d69f3/experiments/da-13-6/rep-001/luna/user-simulator-red-team-trace/red-team/checkpoint-0001/prompt.txt,94769ade96dd2c8092b1b00545988e01ed163a3b287850dc171d9131e30954c0,18153c2e1f8fc152c2eaf124b95bcb7fbab946a0db1bc1883ffc849b5b58801f,prompts/original-18153c2e1f8f.txt
original_user_da-13-6_r2,/home/aydanh/repos/rubric_gen/runs/babel-result20-cue-contrast-20260908/trace/study/biomnibench-da-factorial-r10-f0203f5d69f3/experiments/da-13-6/rep-002/luna/user-simulator-red-team-trace/red-team/checkpoint-0001/prompt.txt,94769ade96dd2c8092b1b00545988e01ed163a3b287850dc171d9131e30954c0,18153c2e1f8fc152c2eaf124b95bcb7fbab946a0db1bc1883ffc849b5b58801f,prompts/original-18153c2e1f8f.txt
original_user_da-13-6_r3,/home/aydanh/repos/rubric_gen/runs/babel-result20-cue-contrast-20260908/trace/study/biomnibench-da-factorial-r10-f0203f5d69f3/experiments/da-13-6/rep-003/luna/user-simulator-red-team-trace/red-team/checkpoint-0001/prompt.txt,94769ade96dd2c8092b1b00545988e01ed163a3b287850dc171d9131e30954c0,18153c2e1f8fc152c2eaf124b95bcb7fbab946a0db1bc1883ffc849b5b58801f,prompts/original-18153c2e1f8f.txt
original_user_da-14-1_r1,/home/aydanh/repos/rubric_gen/runs/babel-result20-cue-contrast-20260908/trace/study/biomnibench-da-factorial-r10-f0203f5d69f3/experiments/da-14-1/rep-001/luna/user-simulator-red-team-trace/red-team/checkpoint-0001/prompt.txt,7aa969823f294d49b2953bf1289d63733ffc413a5d0b8419d456dbc04e69bb7e,18153c2e1f8fc152c2eaf124b95bcb7fbab946a0db1bc1883ffc849b5b58801f,prompts/original-18153c2e1f8f.txt
original_user_da-14-1_r2,/home/aydanh/repos/rubric_gen/runs/babel-result20-cue-contrast-20260908/trace/study/biomnibench-da-factorial-r10-f0203f5d69f3/experiments/da-14-1/rep-002/luna/user-simulator-red-team-trace/red-team/checkpoint-0001/prompt.txt,7aa969823f294d49b2953bf1289d63733ffc413a5d0b8419d456dbc04e69bb7e,18153c2e1f8fc152c2eaf124b95bcb7fbab946a0db1bc1883ffc849b5b58801f,prompts/original-18153c2e1f8f.txt
original_user_da-14-1_r3,/home/aydanh/repos/rubric_gen/runs/babel-result20-cue-contrast-20260908/trace/study/biomnibench-da-factorial-r10-f0203f5d69f3/experiments/da-14-1/rep-003/luna/user-simulator-red-team-trace/red-team/checkpoint-0001/prompt.txt,7aa969823f294d49b2953bf1289d63733ffc413a5d0b8419d456dbc04e69bb7e,18153c2e1f8fc152c2eaf124b95bcb7fbab946a0db1bc1883ffc849b5b58801f,prompts/original-18153c2e1f8f.txt
original_user_da-14-3_r1,/home/aydanh/repos/rubric_gen/runs/babel-result20-cue-contrast-20260908/trace/study/biomnibench-da-factorial-r10-f0203f5d69f3/experiments/da-14-3/rep-001/luna/user-simulator-red-team-trace/red-team/checkpoint-0001/prompt.txt,4de7909906d3a6cf27c3ae4d02785361f6811202542cb811382801b1deee57b6,18153c2e1f8fc152c2eaf124b95bcb7fbab946a0db1bc1883ffc849b5b58801f,prompts/original-18153c2e1f8f.txt
original_user_da-14-3_r2,/home/aydanh/repos/rubric_gen/runs/babel-result20-cue-contrast-20260908/trace/study/biomnibench-da-factorial-r10-f0203f5d69f3/experiments/da-14-3/rep-002/luna/user-simulator-red-team-trace/red-team/checkpoint-0001/prompt.txt,4de7909906d3a6cf27c3ae4d02785361f6811202542cb811382801b1deee57b6,18153c2e1f8fc152c2eaf124b95bcb7fbab946a0db1bc1883ffc849b5b58801f,prompts/original-18153c2e1f8f.txt
original_user_da-14-3_r3,/home/aydanh/repos/rubric_gen/runs/babel-result20-cue-contrast-20260908/trace/study/biomnibench-da-factorial-r10-f0203f5d69f3/experiments/da-14-3/rep-003/luna/user-simulator-red-team-trace/red-team/checkpoint-0001/prompt.txt,4de7909906d3a6cf27c3ae4d02785361f6811202542cb811382801b1deee57b6,18153c2e1f8fc152c2eaf124b95bcb7fbab946a0db1bc1883ffc849b5b58801f,prompts/original-18153c2e1f8f.txt
original_user_da-14-8_r1,/home/aydanh/repos/rubric_gen/runs/babel-result20-cue-contrast-20260908/trace/study/biomnibench-da-factorial-r10-f0203f5d69f3/experiments/da-14-8/rep-001/luna/user-simulator-red-team-trace/red-team/checkpoint-0001/prompt.txt,be33df7d58db7865d4a94d7642523c8901ed3612fdff79921a66cefdf6f11aa4,18153c2e1f8fc152c2eaf124b95bcb7fbab946a0db1bc1883ffc849b5b58801f,prompts/original-18153c2e1f8f.txt
original_user_da-14-8_r2,/home/aydanh/repos/rubric_gen/runs/babel-result20-cue-contrast-20260908/trace/study/biomnibench-da-factorial-r10-f0203f5d69f3/experiments/da-14-8/rep-002/luna/user-simulator-red-team-trace/red-team/checkpoint-0001/prompt.txt,be33df7d58db7865d4a94d7642523c8901ed3612fdff79921a66cefdf6f11aa4,18153c2e1f8fc152c2eaf124b95bcb7fbab946a0db1bc1883ffc849b5b58801f,prompts/original-18153c2e1f8f.txt
original_user_da-14-8_r3,/home/aydanh/repos/rubric_gen/runs/babel-result20-cue-contrast-20260908/trace/study/biomnibench-da-factorial-r10-f0203f5d69f3/experiments/da-14-8/rep-003/luna/user-simulator-red-team-trace/red-team/checkpoint-0001/prompt.txt,be33df7d58db7865d4a94d7642523c8901ed3612fdff79921a66cefdf6f11aa4,18153c2e1f8fc152c2eaf124b95bcb7fbab946a0db1bc1883ffc849b5b58801f,prompts/original-18153c2e1f8f.txt
original_user_da-15-1_r1,/home/aydanh/repos/rubric_gen/runs/babel-result20-cue-contrast-20260908/trace/study/biomnibench-da-factorial-r10-f0203f5d69f3/experiments/da-15-1/rep-001/luna/user-simulator-red-team-trace/red-team/checkpoint-0001/prompt.txt,9c9556dc7e96d2ae2e4be7baa86ccda4dc6396c1cbb3628544ab2c1611034028,18153c2e1f8fc152c2eaf124b95bcb7fbab946a0db1bc1883ffc849b5b58801f,prompts/original-18153c2e1f8f.txt
original_user_da-15-1_r2,/home/aydanh/repos/rubric_gen/runs/babel-result20-cue-contrast-20260908/trace/study/biomnibench-da-factorial-r10-f0203f5d69f3/experiments/da-15-1/rep-002/luna/user-simulator-red-team-trace/red-team/checkpoint-0001/prompt.txt,9c9556dc7e96d2ae2e4be7baa86ccda4dc6396c1cbb3628544ab2c1611034028,18153c2e1f8fc152c2eaf124b95bcb7fbab946a0db1bc1883ffc849b5b58801f,prompts/original-18153c2e1f8f.txt
original_user_da-15-1_r3,/home/aydanh/repos/rubric_gen/runs/babel-result20-cue-contrast-20260908/trace/study/biomnibench-da-factorial-r10-f0203f5d69f3/experiments/da-15-1/rep-003/luna/user-simulator-red-team-trace/red-team/checkpoint-0001/prompt.txt,9c9556dc7e96d2ae2e4be7baa86ccda4dc6396c1cbb3628544ab2c1611034028,18153c2e1f8fc152c2eaf124b95bcb7fbab946a0db1bc1883ffc849b5b58801f,prompts/original-18153c2e1f8f.txt
original_user_da-15-2_r1,/home/aydanh/repos/rubric_gen/runs/babel-result20-cue-contrast-20260908/trace/study/biomnibench-da-factorial-r10-f0203f5d69f3/experiments/da-15-2/rep-001/luna/user-simulator-red-team-trace/red-team/checkpoint-0001/prompt.txt,44e02eb5e1cf444cfa78c542ce2f34cc7eeeb1327c7eb6aeba210e1ac79e4e90,18153c2e1f8fc152c2eaf124b95bcb7fbab946a0db1bc1883ffc849b5b58801f,prompts/original-18153c2e1f8f.txt
original_user_da-15-2_r2,/home/aydanh/repos/rubric_gen/runs/babel-result20-cue-contrast-20260908/trace/study/biomnibench-da-factorial-r10-f0203f5d69f3/experiments/da-15-2/rep-002/luna/user-simulator-red-team-trace/red-team/checkpoint-0001/prompt.txt,44e02eb5e1cf444cfa78c542ce2f34cc7eeeb1327c7eb6aeba210e1ac79e4e90,18153c2e1f8fc152c2eaf124b95bcb7fbab946a0db1bc1883ffc849b5b58801f,prompts/original-18153c2e1f8f.txt
original_user_da-15-2_r3,/home/aydanh/repos/rubric_gen/runs/babel-result20-cue-contrast-20260908/trace/study/biomnibench-da-factorial-r10-f0203f5d69f3/experiments/da-15-2/rep-003/luna/user-simulator-red-team-trace/red-team/checkpoint-0001/prompt.txt,44e02eb5e1cf444cfa78c542ce2f34cc7eeeb1327c7eb6aeba210e1ac79e4e90,18153c2e1f8fc152c2eaf124b95bcb7fbab946a0db1bc1883ffc849b5b58801f,prompts/original-18153c2e1f8f.txt
original_user_da-15-7_r1,/home/aydanh/repos/rubric_gen/runs/babel-result20-cue-contrast-20260908/trace/study/biomnibench-da-factorial-r10-f0203f5d69f3/experiments/da-15-7/rep-001/luna/user-simulator-red-team-trace/red-team/checkpoint-0001/prompt.txt,8857a65cd458c60aca6c3ce91587e5b3881fc9ddd31a7aae2e6467edaf57db91,18153c2e1f8fc152c2eaf124b95bcb7fbab946a0db1bc1883ffc849b5b58801f,prompts/original-18153c2e1f8f.txt
original_user_da-15-7_r2,/home/aydanh/repos/rubric_gen/runs/babel-result20-cue-contrast-20260908/trace/study/biomnibench-da-factorial-r10-f0203f5d69f3/experiments/da-15-7/rep-002/luna/user-simulator-red-team-trace/red-team/checkpoint-0001/prompt.txt,8857a65cd458c60aca6c3ce91587e5b3881fc9ddd31a7aae2e6467edaf57db91,18153c2e1f8fc152c2eaf124b95bcb7fbab946a0db1bc1883ffc849b5b58801f,prompts/original-18153c2e1f8f.txt
original_user_da-15-7_r3,/home/aydanh/repos/rubric_gen/runs/babel-result20-cue-contrast-20260908/trace/study/biomnibench-da-factorial-r10-f0203f5d69f3/experiments/da-15-7/rep-003/luna/user-simulator-red-team-trace/red-team/checkpoint-0001/prompt.txt,8857a65cd458c60aca6c3ce91587e5b3881fc9ddd31a7aae2e6467edaf57db91,18153c2e1f8fc152c2eaf124b95bcb7fbab946a0db1bc1883ffc849b5b58801f,prompts/original-18153c2e1f8f.txt
original_user_da-15-8_r1,/home/aydanh/repos/rubric_gen/runs/babel-result20-cue-contrast-20260908/trace/study/biomnibench-da-factorial-r10-f0203f5d69f3/experiments/da-15-8/rep-001/luna/user-simulator-red-team-trace/red-team/checkpoint-0001/prompt.txt,287d61f23d5ef62b536f95e5231f9ddf1d11da15d65aa3daee4c8c6c7826cfa5,18153c2e1f8fc152c2eaf124b95bcb7fbab946a0db1bc1883ffc849b5b58801f,prompts/original-18153c2e1f8f.txt
original_user_da-15-8_r2,/home/aydanh/repos/rubric_gen/runs/babel-result20-cue-contrast-20260908/trace/study/biomnibench-da-factorial-r10-f0203f5d69f3/experiments/da-15-8/rep-002/luna/user-simulator-red-team-trace/red-team/checkpoint-0001/prompt.txt,287d61f23d5ef62b536f95e5231f9ddf1d11da15d65aa3daee4c8c6c7826cfa5,18153c2e1f8fc152c2eaf124b95bcb7fbab946a0db1bc1883ffc849b5b58801f,prompts/original-18153c2e1f8f.txt
original_user_da-15-8_r3,/home/aydanh/repos/rubric_gen/runs/babel-result20-cue-contrast-20260908/trace/study/biomnibench-da-factorial-r10-f0203f5d69f3/experiments/da-15-8/rep-003/luna/user-simulator-red-team-trace/red-team/checkpoint-0001/prompt.txt,287d61f23d5ef62b536f95e5231f9ddf1d11da15d65aa3daee4c8c6c7826cfa5,18153c2e1f8fc152c2eaf124b95bcb7fbab946a0db1bc1883ffc849b5b58801f,prompts/original-18153c2e1f8f.txt
original_user_da-16-1_r1,/home/aydanh/repos/rubric_gen/runs/babel-result20-cue-contrast-20260908/trace/study/biomnibench-da-factorial-r10-f0203f5d69f3/experiments/da-16-1/rep-001/luna/user-simulator-red-team-trace/red-team/checkpoint-0001/prompt.txt,ec531b18a30ba862a21718f3b25d1ba739a8793af28bdfcf6a5373d73f94f345,18153c2e1f8fc152c2eaf124b95bcb7fbab946a0db1bc1883ffc849b5b58801f,prompts/original-18153c2e1f8f.txt
original_user_da-16-1_r2,/home/aydanh/repos/rubric_gen/runs/babel-result20-cue-contrast-20260908/trace/study/biomnibench-da-factorial-r10-f0203f5d69f3/experiments/da-16-1/rep-002/luna/user-simulator-red-team-trace/red-team/checkpoint-0001/prompt.txt,ec531b18a30ba862a21718f3b25d1ba739a8793af28bdfcf6a5373d73f94f345,18153c2e1f8fc152c2eaf124b95bcb7fbab946a0db1bc1883ffc849b5b58801f,prompts/original-18153c2e1f8f.txt
original_user_da-16-1_r3,/home/aydanh/repos/rubric_gen/runs/babel-result20-cue-contrast-20260908/trace/study/biomnibench-da-factorial-r10-f0203f5d69f3/experiments/da-16-1/rep-003/luna/user-simulator-red-team-trace/red-team/checkpoint-0001/prompt.txt,ec531b18a30ba862a21718f3b25d1ba739a8793af28bdfcf6a5373d73f94f345,18153c2e1f8fc152c2eaf124b95bcb7fbab946a0db1bc1883ffc849b5b58801f,prompts/original-18153c2e1f8f.txt
original_user_da-18-5_r1,/home/aydanh/repos/rubric_gen/runs/babel-result20-cue-contrast-20260908/trace/study/biomnibench-da-factorial-r10-f0203f5d69f3/experiments/da-18-5/rep-001/luna/user-simulator-red-team-trace/red-team/checkpoint-0001/prompt.txt,34eaefbc9c43d2227a399c84e961dc2d292181627e0e895bcf6e054725b23fdc,18153c2e1f8fc152c2eaf124b95bcb7fbab946a0db1bc1883ffc849b5b58801f,prompts/original-18153c2e1f8f.txt
original_user_da-18-5_r2,/home/aydanh/repos/rubric_gen/runs/babel-result20-cue-contrast-20260908/trace/study/biomnibench-da-factorial-r10-f0203f5d69f3/experiments/da-18-5/rep-002/luna/user-simulator-red-team-trace/red-team/checkpoint-0001/prompt.txt,34eaefbc9c43d2227a399c84e961dc2d292181627e0e895bcf6e054725b23fdc,18153c2e1f8fc152c2eaf124b95bcb7fbab946a0db1bc1883ffc849b5b58801f,prompts/original-18153c2e1f8f.txt
original_user_da-18-5_r3,/home/aydanh/repos/rubric_gen/runs/babel-result20-cue-contrast-20260908/trace/study/biomnibench-da-factorial-r10-f0203f5d69f3/experiments/da-18-5/rep-003/luna/user-simulator-red-team-trace/red-team/checkpoint-0001/prompt.txt,34eaefbc9c43d2227a399c84e961dc2d292181627e0e895bcf6e054725b23fdc,18153c2e1f8fc152c2eaf124b95bcb7fbab946a0db1bc1883ffc849b5b58801f,prompts/original-18153c2e1f8f.txt
original_user_da-18-7_r1,/home/aydanh/repos/rubric_gen/runs/babel-result20-cue-contrast-20260908/trace/study/biomnibench-da-factorial-r10-f0203f5d69f3/experiments/da-18-7/rep-001/luna/user-simulator-red-team-trace/red-team/checkpoint-0001/prompt.txt,9e46e2a7ceb3bd08266292fd75b5c1356bcd93fd89f04b90d57fb211d7d3092f,18153c2e1f8fc152c2eaf124b95bcb7fbab946a0db1bc1883ffc849b5b58801f,prompts/original-18153c2e1f8f.txt
original_user_da-18-7_r2,/home/aydanh/repos/rubric_gen/runs/babel-result20-cue-contrast-20260908/trace/study/biomnibench-da-factorial-r10-f0203f5d69f3/experiments/da-18-7/rep-002/luna/user-simulator-red-team-trace/red-team/checkpoint-0001/prompt.txt,9e46e2a7ceb3bd08266292fd75b5c1356bcd93fd89f04b90d57fb211d7d3092f,18153c2e1f8fc152c2eaf124b95bcb7fbab946a0db1bc1883ffc849b5b58801f,prompts/original-18153c2e1f8f.txt
original_user_da-18-7_r3,/home/aydanh/repos/rubric_gen/runs/babel-result20-cue-contrast-20260908/trace/study/biomnibench-da-factorial-r10-f0203f5d69f3/experiments/da-18-7/rep-003/luna/user-simulator-red-team-trace/red-team/checkpoint-0001/prompt.txt,9e46e2a7ceb3bd08266292fd75b5c1356bcd93fd89f04b90d57fb211d7d3092f,18153c2e1f8fc152c2eaf124b95bcb7fbab946a0db1bc1883ffc849b5b58801f,prompts/original-18153c2e1f8f.txt
original_user_da-19-1_r1,/home/aydanh/repos/rubric_gen/runs/babel-result20-cue-contrast-20260908/trace/study/biomnibench-da-factorial-r10-f0203f5d69f3/experiments/da-19-1/rep-001/luna/user-simulator-red-team-trace/red-team/checkpoint-0001/prompt.txt,cd45f644a49022ec57a151d3e86da2d7cf751452949f2e8cc21d3d616680e6d2,18153c2e1f8fc152c2eaf124b95bcb7fbab946a0db1bc1883ffc849b5b58801f,prompts/original-18153c2e1f8f.txt
original_user_da-19-1_r2,/home/aydanh/repos/rubric_gen/runs/babel-result20-cue-contrast-20260908/trace/study/biomnibench-da-factorial-r10-f0203f5d69f3/experiments/da-19-1/rep-002/luna/user-simulator-red-team-trace/red-team/checkpoint-0001/prompt.txt,cd45f644a49022ec57a151d3e86da2d7cf751452949f2e8cc21d3d616680e6d2,18153c2e1f8fc152c2eaf124b95bcb7fbab946a0db1bc1883ffc849b5b58801f,prompts/original-18153c2e1f8f.txt
original_user_da-19-1_r3,/home/aydanh/repos/rubric_gen/runs/babel-result20-cue-contrast-20260908/trace/study/biomnibench-da-factorial-r10-f0203f5d69f3/experiments/da-19-1/rep-003/luna/user-simulator-red-team-trace/red-team/checkpoint-0001/prompt.txt,cd45f644a49022ec57a151d3e86da2d7cf751452949f2e8cc21d3d616680e6d2,18153c2e1f8fc152c2eaf124b95bcb7fbab946a0db1bc1883ffc849b5b58801f,prompts/original-18153c2e1f8f.txt
original_user_da-19-6_r1,/home/aydanh/repos/rubric_gen/runs/babel-result20-cue-contrast-20260908/trace/study/biomnibench-da-factorial-r10-f0203f5d69f3/experiments/da-19-6/rep-001/luna/user-simulator-red-team-trace/red-team/checkpoint-0001/prompt.txt,2c7f038dc4197c729969d549d49e7b354895ff51cd581a2cb0541b278558184c,18153c2e1f8fc152c2eaf124b95bcb7fbab946a0db1bc1883ffc849b5b58801f,prompts/original-18153c2e1f8f.txt
original_user_da-19-6_r2,/home/aydanh/repos/rubric_gen/runs/babel-result20-cue-contrast-20260908/trace/study/biomnibench-da-factorial-r10-f0203f5d69f3/experiments/da-19-6/rep-002/luna/user-simulator-red-team-trace/red-team/checkpoint-0001/prompt.txt,2c7f038dc4197c729969d549d49e7b354895ff51cd581a2cb0541b278558184c,18153c2e1f8fc152c2eaf124b95bcb7fbab946a0db1bc1883ffc849b5b58801f,prompts/original-18153c2e1f8f.txt
original_user_da-19-6_r3,/home/aydanh/repos/rubric_gen/runs/babel-result20-cue-contrast-20260908/trace/study/biomnibench-da-factorial-r10-f0203f5d69f3/experiments/da-19-6/rep-003/luna/user-simulator-red-team-trace/red-team/checkpoint-0001/prompt.txt,2c7f038dc4197c729969d549d49e7b354895ff51cd581a2cb0541b278558184c,18153c2e1f8fc152c2eaf124b95bcb7fbab946a0db1bc1883ffc849b5b58801f,prompts/original-18153c2e1f8f.txt
