assignment_id,task_id,replicate,condition_id,feedback_type,rubric_type,initial_weak_score,initial_gpt_score,initial_claude_score,initial_strong_score,initial_weak_minus_strong,final_weak_score,final_gpt_score,final_claude_score,final_strong_score,final_weak_minus_strong,gap_change
da-10-1--rep-001--full-offline-rubric,da-10-1,1,full-offline-rubric,full,offline_elicitation,17.4,19.0,13.8,16.4,1.0,100.0,82.2,93.2,87.7,12.299999999999997,11.299999999999997
da-10-1--rep-001--full-online-rubric,da-10-1,1,full-online-rubric,full,online_elicitation,17.8,17.4,20.0,18.7,-0.8999999999999986,100.0,89.6,98.4,94.0,6.0,6.899999999999999
da-10-1--rep-001--score-only-online-rubric,da-10-1,1,score-only-online-rubric,score_only,online_elicitation,11.0,17.0,19.2,18.1,-7.100000000000001,33.8,31.8,31.0,31.4,2.3999999999999986,9.5
da-10-1--rep-001--score-only-static,da-10-1,1,score-only-static,score_only,fixed,21.0,21.0,21.0,21.0,0.0,45.0,33.0,39.0,36.0,9.0,9.0
da-10-1--rep-001--semi-online-rubric,da-10-1,1,semi-online-rubric,semi,online_elicitation,10.6,17.0,7.6,12.3,-1.700000000000001,85.0,56.2,98.8,77.5,7.5,9.200000000000001
da-10-1--rep-001--semi-static,da-10-1,1,semi-static,semi,fixed,21.0,21.0,21.0,21.0,0.0,81.8,72.6,90.8,81.69999999999999,0.10000000000000853,0.10000000000000853
da-10-1--rep-002--full-online-rubric,da-10-1,2,full-online-rubric,full,online_elicitation,29.0,23.0,16.6,19.8,9.2,91.6,72.4,75.4,73.9,17.69999999999999,8.49999999999999
da-10-1--rep-002--full-static,da-10-1,2,full-static,full,fixed,31.2,27.0,18.8,22.9,8.3,88.0,85.0,81.8,83.4,4.599999999999994,-3.7000000000000064
da-10-1--rep-002--score-only-static,da-10-1,2,score-only-static,score_only,fixed,31.2,27.0,18.8,22.9,8.3,46.6,37.0,35.2,36.1,10.5,2.1999999999999993
da-10-1--rep-002--semi-online-rubric,da-10-1,2,semi-online-rubric,semi,online_elicitation,36.0,25.4,18.4,21.9,14.100000000000001,56.6,44.0,46.0,45.0,11.600000000000001,-2.5
da-10-1--rep-002--semi-static,da-10-1,2,semi-static,semi,fixed,31.2,27.0,18.8,22.9,8.3,85.4,54.6,56.0,55.3,30.10000000000001,21.800000000000008
da-10-1--rep-002--user-simulator-offline-rubric,da-10-1,2,user-simulator-offline-rubric,user_simulator,offline_elicitation,33.4,25.0,20.0,22.5,10.899999999999999,31.8,29.4,21.4,25.4,6.400000000000002,-4.4999999999999964
da-10-1--rep-002--user-simulator-online-rubric,da-10-1,2,user-simulator-online-rubric,user_simulator,online_elicitation,26.6,21.0,16.4,18.7,7.900000000000002,33.0,31.0,16.6,23.8,9.2,1.2999999999999972
da-10-1--rep-002--user-simulator-static,da-10-1,2,user-simulator-static,user_simulator,fixed,31.2,27.0,18.8,22.9,8.3,27.6,27.0,17.2,22.1,5.5,-2.8000000000000007
da-10-1--rep-003--full-offline-rubric,da-10-1,3,full-offline-rubric,full,offline_elicitation,50.8,34.6,35.8,35.2,15.599999999999994,100.0,97.0,78.0,87.5,12.5,-3.0999999999999943
da-10-1--rep-003--full-online-rubric,da-10-1,3,full-online-rubric,full,online_elicitation,50.8,31.0,39.0,35.0,15.799999999999997,86.0,82.6,90.4,86.5,-0.5,-16.299999999999997
da-10-1--rep-003--full-static,da-10-1,3,full-static,full,fixed,43.2,35.8,34.4,35.099999999999994,8.100000000000009,80.0,72.0,84.6,78.3,1.7000000000000028,-6.400000000000006
da-10-1--rep-003--score-only-offline-rubric,da-10-1,3,score-only-offline-rubric,score_only,offline_elicitation,49.2,33.8,34.8,34.3,14.900000000000006,44.2,31.8,24.8,28.3,15.900000000000002,0.9999999999999964
da-10-1--rep-003--score-only-online-rubric,da-10-1,3,score-only-online-rubric,score_only,online_elicitation,46.8,28.2,32.8,30.5,16.299999999999997,52.4,45.0,31.4,38.2,14.199999999999996,-2.1000000000000014
da-10-1--rep-003--score-only-static,da-10-1,3,score-only-static,score_only,fixed,43.2,35.8,34.4,35.099999999999994,8.100000000000009,40.6,30.6,34.0,32.3,8.300000000000004,0.19999999999999574
da-10-1--rep-003--semi-offline-rubric,da-10-1,3,semi-offline-rubric,semi,offline_elicitation,48.4,31.4,33.6,32.5,15.899999999999999,73.4,52.4,93.2,72.8,0.6000000000000085,-15.29999999999999
da-10-1--rep-003--semi-online-rubric,da-10-1,3,semi-online-rubric,semi,online_elicitation,49.2,31.8,28.6,30.200000000000003,19.0,66.6,48.8,65.4,57.1,9.499999999999993,-9.500000000000007
da-10-1--rep-003--semi-static,da-10-1,3,semi-static,semi,fixed,43.2,35.8,34.4,35.099999999999994,8.100000000000009,70.2,60.4,60.8,60.599999999999994,9.600000000000009,1.5
da-10-1--rep-003--user-simulator-offline-rubric,da-10-1,3,user-simulator-offline-rubric,user_simulator,offline_elicitation,55.6,29.0,32.6,30.8,24.8,47.0,38.6,44.2,41.400000000000006,5.599999999999994,-19.200000000000006
da-10-3--rep-001--full-offline-rubric,da-10-3,1,full-offline-rubric,full,offline_elicitation,79.0,56.0,54.0,55.0,24.0,100.0,100.0,100.0,100.0,0.0,-24.0
da-10-3--rep-001--full-online-rubric,da-10-3,1,full-online-rubric,full,online_elicitation,74.6,56.0,52.8,54.4,20.199999999999996,100.0,97.2,99.2,98.2,1.7999999999999972,-18.4
da-10-3--rep-001--full-static,da-10-3,1,full-static,full,fixed,65.0,58.0,58.0,58.0,7.0,100.0,86.0,100.0,93.0,7.0,0.0
da-10-3--rep-001--score-only-offline-rubric,da-10-3,1,score-only-offline-rubric,score_only,offline_elicitation,68.6,56.0,56.0,56.0,12.599999999999994,67.2,63.6,60.4,62.0,5.200000000000003,-7.3999999999999915
da-10-3--rep-001--score-only-online-rubric,da-10-3,1,score-only-online-rubric,score_only,online_elicitation,72.2,56.0,54.8,55.4,16.800000000000004,69.0,53.8,61.4,57.599999999999994,11.400000000000006,-5.399999999999999
da-10-3--rep-001--semi-offline-rubric,da-10-3,1,semi-offline-rubric,semi,offline_elicitation,79.0,56.0,56.0,56.0,23.0,100.0,89.0,90.2,89.6,10.400000000000006,-12.599999999999994
da-10-3--rep-001--semi-online-rubric,da-10-3,1,semi-online-rubric,semi,online_elicitation,79.0,56.0,54.0,55.0,24.0,86.2,89.2,86.8,88.0,-1.7999999999999972,-25.799999999999997
da-10-3--rep-001--semi-static,da-10-3,1,semi-static,semi,fixed,65.0,58.0,58.0,58.0,7.0,97.8,100.0,100.0,100.0,-2.200000000000003,-9.200000000000003
da-10-3--rep-001--user-simulator-offline-rubric,da-10-3,1,user-simulator-offline-rubric,user_simulator,offline_elicitation,78.6,56.0,57.6,56.8,21.799999999999997,75.6,51.6,48.4,50.0,25.599999999999994,3.799999999999997
da-10-3--rep-001--user-simulator-static,da-10-3,1,user-simulator-static,user_simulator,fixed,65.0,58.0,58.0,58.0,7.0,62.2,60.2,59.4,59.8,2.4000000000000057,-4.599999999999994
da-10-3--rep-002--full-offline-rubric,da-10-3,2,full-offline-rubric,full,offline_elicitation,44.6,33.0,33.0,33.0,11.600000000000001,100.0,100.0,95.2,97.6,2.4000000000000057,-9.199999999999996
da-10-3--rep-002--full-static,da-10-3,2,full-static,full,fixed,48.2,35.0,32.2,33.6,14.600000000000001,100.0,100.0,90.0,95.0,5.0,-9.600000000000001
da-10-3--rep-002--score-only-online-rubric,da-10-3,2,score-only-online-rubric,score_only,online_elicitation,53.8,32.6,29.2,30.9,22.9,79.0,72.6,35.4,54.0,25.0,2.1000000000000014
da-10-3--rep-002--score-only-static,da-10-3,2,score-only-static,score_only,fixed,48.2,35.0,32.2,33.6,14.600000000000001,83.4,65.2,63.8,64.5,18.900000000000006,4.300000000000004
da-10-3--rep-002--semi-online-rubric,da-10-3,2,semi-online-rubric,semi,online_elicitation,45.6,33.0,33.6,33.3,12.300000000000004,76.0,65.0,96.0,80.5,-4.5,-16.800000000000004
da-10-3--rep-002--user-simulator-static,da-10-3,2,user-simulator-static,user_simulator,fixed,48.2,35.0,32.2,33.6,14.600000000000001,76.0,53.0,62.4,57.7,18.299999999999997,3.6999999999999957
da-10-3--rep-003--full-online-rubric,da-10-3,3,full-online-rubric,full,online_elicitation,56.4,45.6,48.0,46.8,9.600000000000001,99.6,97.2,93.0,95.1,4.5,-5.100000000000001
da-10-3--rep-003--full-static,da-10-3,3,full-static,full,fixed,53.8,56.2,47.6,51.900000000000006,1.8999999999999915,100.0,100.0,93.0,96.5,3.5,1.6000000000000085
da-10-3--rep-003--score-only-offline-rubric,da-10-3,3,score-only-offline-rubric,score_only,offline_elicitation,58.0,58.0,56.6,57.3,0.7000000000000028,87.0,93.0,100.0,96.5,-9.5,-10.200000000000003
da-10-3--rep-003--score-only-online-rubric,da-10-3,3,score-only-online-rubric,score_only,online_elicitation,55.0,50.2,55.6,52.900000000000006,2.0999999999999943,75.6,78.0,88.8,83.4,-7.800000000000011,-9.900000000000006
da-10-3--rep-003--score-only-static,da-10-3,3,score-only-static,score_only,fixed,53.8,56.2,47.6,51.900000000000006,1.8999999999999915,76.2,58.0,59.2,58.6,17.6,15.70000000000001
da-10-3--rep-003--semi-offline-rubric,da-10-3,3,semi-offline-rubric,semi,offline_elicitation,50.6,56.0,53.2,54.6,-4.0,73.8,59.4,83.6,71.5,2.299999999999997,6.299999999999997
da-10-3--rep-003--user-simulator-static,da-10-3,3,user-simulator-static,user_simulator,fixed,53.8,56.2,47.6,51.900000000000006,1.8999999999999915,65.0,53.0,46.8,49.9,15.100000000000001,13.20000000000001
da-12-2--rep-001--full-offline-rubric,da-12-2,1,full-offline-rubric,full,offline_elicitation,63.0,40.0,54.2,47.1,15.899999999999999,70.0,60.0,56.8,58.4,11.600000000000001,-4.299999999999997
da-12-2--rep-001--full-static,da-12-2,1,full-static,full,fixed,63.0,43.0,54.4,48.7,14.299999999999997,96.0,80.0,38.0,59.0,37.0,22.700000000000003
da-12-2--rep-001--score-only-offline-rubric,da-12-2,1,score-only-offline-rubric,score_only,offline_elicitation,59.8,40.2,59.4,49.8,10.0,66.8,50.2,59.4,54.8,12.0,2.0
da-12-2--rep-001--score-only-static,da-12-2,1,score-only-static,score_only,fixed,63.0,43.0,54.4,48.7,14.299999999999997,65.2,49.8,48.0,48.9,16.300000000000004,2.000000000000007
da-12-2--rep-001--semi-online-rubric,da-12-2,1,semi-online-rubric,semi,online_elicitation,63.0,44.0,62.8,53.4,9.600000000000001,63.6,67.0,68.4,67.7,-4.100000000000001,-13.700000000000003
da-12-2--rep-001--user-simulator-offline-rubric,da-12-2,1,user-simulator-offline-rubric,user_simulator,offline_elicitation,63.0,43.0,54.4,48.7,14.299999999999997,62.4,45.4,44.0,44.7,17.699999999999996,3.3999999999999986
da-12-2--rep-001--user-simulator-online-rubric,da-12-2,1,user-simulator-online-rubric,user_simulator,online_elicitation,58.4,36.0,64.6,50.3,8.100000000000001,61.0,36.0,50.2,43.1,17.9,9.799999999999997
da-12-2--rep-001--user-simulator-static,da-12-2,1,user-simulator-static,user_simulator,fixed,63.0,43.0,54.4,48.7,14.299999999999997,65.0,48.0,48.0,48.0,17.0,2.700000000000003
da-12-2--rep-002--full-offline-rubric,da-12-2,2,full-offline-rubric,full,offline_elicitation,60.4,43.0,56.0,49.5,10.899999999999999,83.6,89.0,87.2,88.1,-4.5,-15.399999999999999
da-12-2--rep-002--full-online-rubric,da-12-2,2,full-online-rubric,full,online_elicitation,51.2,43.0,52.8,47.9,3.3000000000000043,75.0,85.0,84.0,84.5,-9.5,-12.800000000000004
da-12-2--rep-002--full-static,da-12-2,2,full-static,full,fixed,54.0,47.0,60.0,53.5,0.5,86.0,62.4,68.8,65.6,20.400000000000006,19.900000000000006
da-12-2--rep-002--score-only-offline-rubric,da-12-2,2,score-only-offline-rubric,score_only,offline_elicitation,55.2,47.0,52.8,49.9,5.300000000000004,66.4,55.6,80.6,68.1,-1.6999999999999886,-6.999999999999993
da-12-2--rep-002--semi-offline-rubric,da-12-2,2,semi-offline-rubric,semi,offline_elicitation,54.0,47.0,60.0,53.5,0.5,75.0,70.0,61.6,65.8,9.200000000000003,8.700000000000003
da-12-2--rep-002--semi-static,da-12-2,2,semi-static,semi,fixed,54.0,47.0,60.0,53.5,0.5,75.0,65.0,65.0,65.0,10.0,9.5
da-12-2--rep-002--user-simulator-offline-rubric,da-12-2,2,user-simulator-offline-rubric,user_simulator,offline_elicitation,58.0,47.0,60.0,53.5,4.5,62.0,47.0,55.2,51.1,10.899999999999999,6.399999999999999
da-12-2--rep-002--user-simulator-online-rubric,da-12-2,2,user-simulator-online-rubric,user_simulator,online_elicitation,52.0,47.0,56.8,51.9,0.10000000000000142,52.4,47.0,56.8,51.9,0.5,0.3999999999999986
da-12-2--rep-002--user-simulator-static,da-12-2,2,user-simulator-static,user_simulator,fixed,54.0,47.0,60.0,53.5,0.5,58.0,47.0,58.4,52.7,5.299999999999997,4.799999999999997
da-12-2--rep-003--full-offline-rubric,da-12-2,3,full-offline-rubric,full,offline_elicitation,52.0,47.0,53.6,50.3,1.7000000000000028,96.0,75.0,83.0,79.0,17.0,15.299999999999997
da-12-2--rep-003--full-static,da-12-2,3,full-static,full,fixed,52.0,47.0,53.6,50.3,1.7000000000000028,100.0,80.0,50.0,65.0,35.0,33.3
da-12-2--rep-003--score-only-offline-rubric,da-12-2,3,score-only-offline-rubric,score_only,offline_elicitation,52.0,46.6,49.2,47.900000000000006,4.099999999999994,72.8,52.0,63.0,57.5,15.299999999999997,11.200000000000003
da-12-2--rep-003--score-only-static,da-12-2,3,score-only-static,score_only,fixed,52.0,47.0,53.6,50.3,1.7000000000000028,58.0,52.0,52.0,52.0,6.0,4.299999999999997
da-12-2--rep-003--semi-offline-rubric,da-12-2,3,semi-offline-rubric,semi,offline_elicitation,52.0,47.0,53.6,50.3,1.7000000000000028,66.4,58.2,68.0,63.1,3.3000000000000043,1.6000000000000014
da-12-2--rep-003--semi-online-rubric,da-12-2,3,semi-online-rubric,semi,online_elicitation,50.0,45.0,48.0,46.5,3.5,75.0,60.0,73.4,66.7,8.299999999999997,4.799999999999997
da-12-2--rep-003--semi-static,da-12-2,3,semi-static,semi,fixed,52.0,47.0,53.6,50.3,1.7000000000000028,75.0,64.0,71.0,67.5,7.5,5.799999999999997
da-12-2--rep-003--user-simulator-offline-rubric,da-12-2,3,user-simulator-offline-rubric,user_simulator,offline_elicitation,52.0,47.0,53.6,50.3,1.7000000000000028,52.0,47.0,51.2,49.1,2.8999999999999986,1.1999999999999957
da-12-2--rep-003--user-simulator-online-rubric,da-12-2,3,user-simulator-online-rubric,user_simulator,online_elicitation,52.0,47.0,43.6,45.3,6.700000000000003,54.8,47.0,53.6,50.3,4.5,-2.200000000000003
da-12-2--rep-003--user-simulator-static,da-12-2,3,user-simulator-static,user_simulator,fixed,52.0,47.0,53.6,50.3,1.7000000000000028,50.6,47.0,56.8,51.9,-1.2999999999999972,-3.0
da-12-4--rep-001--full-offline-rubric,da-12-4,1,full-offline-rubric,full,offline_elicitation,64.8,53.2,51.8,52.5,12.299999999999997,100.0,98.8,98.0,98.4,1.5999999999999943,-10.700000000000003
da-12-4--rep-001--full-online-rubric,da-12-4,1,full-online-rubric,full,online_elicitation,58.4,47.0,46.6,46.8,11.600000000000001,96.0,96.0,85.2,90.6,5.400000000000006,-6.199999999999996
da-12-4--rep-001--full-static,da-12-4,1,full-static,full,fixed,66.0,57.0,53.0,55.0,11.0,100.0,100.0,100.0,100.0,0.0,-11.0
da-12-4--rep-001--score-only-offline-rubric,da-12-4,1,score-only-offline-rubric,score_only,offline_elicitation,66.0,45.8,55.0,50.4,15.600000000000001,66.0,53.0,53.6,53.3,12.700000000000003,-2.8999999999999986
da-12-4--rep-001--score-only-online-rubric,da-12-4,1,score-only-online-rubric,score_only,online_elicitation,62.8,43.4,46.4,44.9,17.9,77.0,79.0,79.0,79.0,-2.0,-19.9
da-12-4--rep-001--semi-offline-rubric,da-12-4,1,semi-offline-rubric,semi,offline_elicitation,65.6,53.0,52.4,52.7,12.899999999999991,70.4,73.0,66.6,69.8,0.6000000000000085,-12.299999999999983
da-12-4--rep-001--semi-online-rubric,da-12-4,1,semi-online-rubric,semi,online_elicitation,64.0,45.4,47.8,46.599999999999994,17.400000000000006,83.0,79.0,80.0,79.5,3.5,-13.900000000000006
da-12-4--rep-001--user-simulator-static,da-12-4,1,user-simulator-static,user_simulator,fixed,66.0,57.0,53.0,55.0,11.0,71.6,57.0,57.0,57.0,14.599999999999994,3.5999999999999943
da-12-4--rep-002--full-offline-rubric,da-12-4,2,full-offline-rubric,full,offline_elicitation,73.0,55.0,55.0,55.0,18.0,100.0,98.0,98.0,98.0,2.0,-16.0
da-12-4--rep-002--full-online-rubric,da-12-4,2,full-online-rubric,full,online_elicitation,73.0,57.0,56.6,56.8,16.200000000000003,100.0,100.0,100.0,100.0,0.0,-16.200000000000003
da-12-4--rep-002--full-static,da-12-4,2,full-static,full,fixed,64.0,57.0,58.4,57.7,6.299999999999997,100.0,100.0,100.0,100.0,0.0,-6.299999999999997
da-12-4--rep-002--score-only-static,da-12-4,2,score-only-static,score_only,fixed,64.0,57.0,58.4,57.7,6.299999999999997,81.0,87.4,81.8,84.6,-3.5999999999999943,-9.899999999999991
da-12-4--rep-002--semi-offline-rubric,da-12-4,2,semi-offline-rubric,semi,offline_elicitation,71.2,55.0,56.6,55.8,15.400000000000006,96.2,90.2,79.0,84.6,11.600000000000009,-3.799999999999997
da-12-4--rep-002--semi-static,da-12-4,2,semi-static,semi,fixed,64.0,57.0,58.4,57.7,6.299999999999997,86.0,84.6,83.2,83.9,2.0999999999999943,-4.200000000000003
da-12-4--rep-002--user-simulator-offline-rubric,da-12-4,2,user-simulator-offline-rubric,user_simulator,offline_elicitation,73.0,57.0,59.8,58.4,14.600000000000001,73.0,58.8,58.4,58.599999999999994,14.400000000000006,-0.19999999999999574
da-12-4--rep-002--user-simulator-online-rubric,da-12-4,2,user-simulator-online-rubric,user_simulator,online_elicitation,73.0,57.0,55.0,56.0,17.0,77.0,77.0,76.2,76.6,0.4000000000000057,-16.599999999999994
da-12-4--rep-002--user-simulator-static,da-12-4,2,user-simulator-static,user_simulator,fixed,64.0,57.0,58.4,57.7,6.299999999999997,73.0,57.0,57.0,57.0,16.0,9.700000000000003
da-12-4--rep-003--full-offline-rubric,da-12-4,3,full-offline-rubric,full,offline_elicitation,96.8,93.0,100.0,96.5,0.29999999999999716,100.0,94.4,99.2,96.80000000000001,3.1999999999999886,2.8999999999999915
da-12-4--rep-003--full-static,da-12-4,3,full-static,full,fixed,98.0,93.0,100.0,96.5,1.5,100.0,100.0,100.0,100.0,0.0,-1.5
da-12-4--rep-003--score-only-static,da-12-4,3,score-only-static,score_only,fixed,98.0,93.0,100.0,96.5,1.5,97.0,94.4,100.0,97.2,-0.20000000000000284,-1.7000000000000028
da-12-4--rep-003--semi-online-rubric,da-12-4,3,semi-online-rubric,semi,online_elicitation,96.0,96.6,100.0,98.3,-2.299999999999997,100.0,95.8,96.0,95.9,4.099999999999994,6.3999999999999915
da-12-4--rep-003--semi-static,da-12-4,3,semi-static,semi,fixed,98.0,93.0,100.0,96.5,1.5,98.0,93.0,100.0,96.5,1.5,0.0
da-12-4--rep-003--user-simulator-offline-rubric,da-12-4,3,user-simulator-offline-rubric,user_simulator,offline_elicitation,95.0,95.8,100.0,97.9,-2.9000000000000057,100.0,97.2,100.0,98.6,1.4000000000000057,4.300000000000011
da-12-4--rep-003--user-simulator-online-rubric,da-12-4,3,user-simulator-online-rubric,user_simulator,online_elicitation,95.0,93.0,100.0,96.5,-1.5,98.0,99.6,99.6,99.6,-1.5999999999999943,-0.09999999999999432
da-12-4--rep-003--user-simulator-static,da-12-4,3,user-simulator-static,user_simulator,fixed,98.0,93.0,100.0,96.5,1.5,100.0,95.8,99.0,97.4,2.5999999999999943,1.0999999999999943
da-13-1--rep-001--full-offline-rubric,da-13-1,1,full-offline-rubric,full,offline_elicitation,26.0,10.0,24.0,17.0,9.0,90.6,91.0,89.8,90.4,0.19999999999998863,-8.800000000000011
da-13-1--rep-001--full-online-rubric,da-13-1,1,full-online-rubric,full,online_elicitation,24.2,10.0,10.4,10.2,14.0,97.6,91.0,92.8,91.9,5.699999999999989,-8.300000000000011
da-13-1--rep-001--full-static,da-13-1,1,full-static,full,fixed,28.0,10.0,17.2,13.6,14.4,100.0,82.0,64.0,73.0,27.0,12.6
da-13-1--rep-001--score-only-offline-rubric,da-13-1,1,score-only-offline-rubric,score_only,offline_elicitation,33.8,10.0,12.0,11.0,22.799999999999997,67.4,54.0,50.2,52.1,15.300000000000004,-7.499999999999993
da-13-1--rep-001--score-only-online-rubric,da-13-1,1,score-only-online-rubric,score_only,online_elicitation,29.6,8.0,11.6,9.8,19.8,51.6,66.0,50.6,58.3,-6.699999999999996,-26.499999999999996
da-13-1--rep-001--score-only-static,da-13-1,1,score-only-static,score_only,fixed,28.0,10.0,17.2,13.6,14.4,61.0,54.0,54.8,54.4,6.600000000000001,-7.799999999999999
da-13-1--rep-001--semi-online-rubric,da-13-1,1,semi-online-rubric,semi,online_elicitation,25.4,10.0,17.2,13.6,11.799999999999999,91.0,72.0,61.4,66.7,24.299999999999997,12.499999999999998
da-13-1--rep-001--semi-static,da-13-1,1,semi-static,semi,fixed,28.0,10.0,17.2,13.6,14.4,70.8,67.0,62.8,64.9,5.8999999999999915,-8.500000000000009
da-13-1--rep-001--user-simulator-online-rubric,da-13-1,1,user-simulator-online-rubric,user_simulator,online_elicitation,29.0,10.0,16.4,13.2,15.8,81.0,50.0,53.2,51.6,29.4,13.599999999999998
da-13-1--rep-001--user-simulator-static,da-13-1,1,user-simulator-static,user_simulator,fixed,28.0,10.0,17.2,13.6,14.4,81.0,60.0,52.0,56.0,25.0,10.6
da-13-1--rep-002--full-static,da-13-1,2,full-static,full,fixed,54.0,55.0,53.0,54.0,0.0,100.0,100.0,100.0,100.0,0.0,0.0
da-13-1--rep-002--score-only-offline-rubric,da-13-1,2,score-only-offline-rubric,score_only,offline_elicitation,56.2,47.2,45.0,46.1,10.100000000000001,76.2,62.0,51.8,56.9,19.300000000000004,9.200000000000003
da-13-1--rep-002--score-only-online-rubric,da-13-1,2,score-only-online-rubric,score_only,online_elicitation,47.2,45.8,45.4,45.599999999999994,1.6000000000000085,78.6,72.0,58.4,65.2,13.399999999999991,11.799999999999983
da-13-1--rep-002--score-only-static,da-13-1,2,score-only-static,score_only,fixed,54.0,55.0,53.0,54.0,0.0,78.8,72.0,56.6,64.3,14.5,14.5
da-13-1--rep-002--semi-offline-rubric,da-13-1,2,semi-offline-rubric,semi,offline_elicitation,56.0,49.4,46.4,47.9,8.100000000000001,94.6,88.0,86.6,87.3,7.299999999999997,-0.8000000000000043
da-13-1--rep-002--semi-online-rubric,da-13-1,2,semi-online-rubric,semi,online_elicitation,48.6,51.4,40.6,46.0,2.6000000000000014,92.8,75.0,81.6,78.3,14.5,11.899999999999999
da-13-1--rep-002--semi-static,da-13-1,2,semi-static,semi,fixed,54.0,55.0,53.0,54.0,0.0,91.0,70.0,91.0,80.5,10.5,10.5
da-13-1--rep-002--user-simulator-offline-rubric,da-13-1,2,user-simulator-offline-rubric,user_simulator,offline_elicitation,57.6,53.0,39.6,46.3,11.300000000000004,51.0,50.0,43.0,46.5,4.5,-6.800000000000004
da-13-1--rep-002--user-simulator-online-rubric,da-13-1,2,user-simulator-online-rubric,user_simulator,online_elicitation,44.0,45.4,34.0,39.7,4.299999999999997,47.0,51.6,40.8,46.2,0.7999999999999972,-3.5
da-13-1--rep-002--user-simulator-static,da-13-1,2,user-simulator-static,user_simulator,fixed,54.0,55.0,53.0,54.0,0.0,69.0,69.0,60.6,64.8,4.200000000000003,4.200000000000003
da-13-1--rep-003--full-offline-rubric,da-13-1,3,full-offline-rubric,full,offline_elicitation,49.0,42.2,39.2,40.7,8.299999999999997,96.4,91.0,91.0,91.0,5.400000000000006,-2.8999999999999915
da-13-1--rep-003--full-online-rubric,da-13-1,3,full-online-rubric,full,online_elicitation,66.0,37.2,33.2,35.2,30.799999999999997,94.4,76.0,80.2,78.1,16.30000000000001,-14.499999999999986
da-13-1--rep-003--full-static,da-13-1,3,full-static,full,fixed,49.2,44.0,37.4,40.7,8.5,100.0,81.0,94.2,87.6,12.400000000000006,3.9000000000000057
da-13-1--rep-003--score-only-offline-rubric,da-13-1,3,score-only-offline-rubric,score_only,offline_elicitation,62.8,38.0,36.6,37.3,25.5,66.2,39.2,31.6,35.400000000000006,30.799999999999997,5.299999999999997
da-13-1--rep-003--semi-online-rubric,da-13-1,3,semi-online-rubric,semi,online_elicitation,62.4,37.2,28.8,33.0,29.4,90.6,72.0,81.2,76.6,14.0,-15.399999999999999
da-13-1--rep-003--user-simulator-offline-rubric,da-13-1,3,user-simulator-offline-rubric,user_simulator,offline_elicitation,49.0,39.2,35.8,37.5,11.5,64.8,52.0,32.2,42.1,22.699999999999996,11.199999999999996
da-13-1--rep-003--user-simulator-online-rubric,da-13-1,3,user-simulator-online-rubric,user_simulator,online_elicitation,55.0,41.6,38.2,39.900000000000006,15.099999999999994,58.6,64.0,45.2,54.6,4.0,-11.099999999999994
da-13-1--rep-003--user-simulator-static,da-13-1,3,user-simulator-static,user_simulator,fixed,49.2,44.0,37.4,40.7,8.5,49.0,61.0,36.0,48.5,0.5,-8.0
da-13-3--rep-001--full-offline-rubric,da-13-3,1,full-offline-rubric,full,offline_elicitation,63.6,48.0,52.0,50.0,13.600000000000001,100.0,100.0,100.0,100.0,0.0,-13.600000000000001
da-13-3--rep-001--score-only-offline-rubric,da-13-3,1,score-only-offline-rubric,score_only,offline_elicitation,46.0,46.2,49.8,48.0,-2.0,57.8,47.0,61.0,54.0,3.799999999999997,5.799999999999997
da-13-3--rep-001--score-only-online-rubric,da-13-3,1,score-only-online-rubric,score_only,online_elicitation,50.0,47.0,51.2,49.1,0.8999999999999986,48.8,47.0,36.0,41.5,7.299999999999997,6.399999999999999
da-13-3--rep-001--score-only-static,da-13-3,1,score-only-static,score_only,fixed,63.6,48.0,52.0,50.0,13.600000000000001,61.6,52.0,59.2,55.6,6.0,-7.600000000000001
da-13-3--rep-001--semi-offline-rubric,da-13-3,1,semi-offline-rubric,semi,offline_elicitation,44.2,50.0,57.2,53.6,-9.399999999999999,99.0,100.0,77.0,88.5,10.5,19.9
da-13-3--rep-001--semi-static,da-13-3,1,semi-static,semi,fixed,63.6,48.0,52.0,50.0,13.600000000000001,78.8,77.0,72.0,74.5,4.299999999999997,-9.300000000000004
da-13-3--rep-001--user-simulator-online-rubric,da-13-3,1,user-simulator-online-rubric,user_simulator,online_elicitation,49.0,49.0,51.6,50.3,-1.2999999999999972,53.0,52.0,41.0,46.5,6.5,7.799999999999997
da-13-3--rep-001--user-simulator-static,da-13-3,1,user-simulator-static,user_simulator,fixed,63.6,48.0,52.0,50.0,13.600000000000001,51.8,52.0,54.6,53.3,-1.5,-15.100000000000001
da-13-3--rep-002--full-offline-rubric,da-13-3,2,full-offline-rubric,full,offline_elicitation,72.0,59.0,74.4,66.7,5.299999999999997,100.0,100.0,100.0,100.0,0.0,-5.299999999999997
da-13-3--rep-002--full-online-rubric,da-13-3,2,full-online-rubric,full,online_elicitation,72.0,57.0,77.0,67.0,5.0,100.0,100.0,100.0,100.0,0.0,-5.0
da-13-3--rep-002--full-static,da-13-3,2,full-static,full,fixed,72.0,59.0,74.4,66.7,5.299999999999997,100.0,100.0,100.0,100.0,0.0,-5.299999999999997
da-13-3--rep-002--score-only-online-rubric,da-13-3,2,score-only-online-rubric,score_only,online_elicitation,66.8,53.0,65.2,59.1,7.699999999999996,71.6,57.0,75.8,66.4,5.199999999999989,-2.500000000000007
da-13-3--rep-002--score-only-static,da-13-3,2,score-only-static,score_only,fixed,72.0,59.0,74.4,66.7,5.299999999999997,68.6,62.0,51.6,56.8,11.799999999999997,6.5
da-13-3--rep-002--semi-offline-rubric,da-13-3,2,semi-offline-rubric,semi,offline_elicitation,72.0,57.4,77.0,67.2,4.799999999999997,92.6,100.0,95.4,97.7,-5.1000000000000085,-9.900000000000006
da-13-3--rep-002--semi-online-rubric,da-13-3,2,semi-online-rubric,semi,online_elicitation,70.4,59.0,72.8,65.9,4.5,88.2,88.2,74.4,81.30000000000001,6.8999999999999915,2.3999999999999915
da-13-3--rep-002--user-simulator-offline-rubric,da-13-3,2,user-simulator-offline-rubric,user_simulator,offline_elicitation,71.2,57.0,73.8,65.4,5.799999999999997,59.0,59.0,47.4,53.2,5.799999999999997,0.0
da-13-3--rep-002--user-simulator-online-rubric,da-13-3,2,user-simulator-online-rubric,user_simulator,online_elicitation,70.0,57.0,75.4,66.2,3.799999999999997,59.0,59.0,53.6,56.3,2.700000000000003,-1.0999999999999943
da-13-3--rep-003--full-static,da-13-3,3,full-static,full,fixed,48.0,52.0,59.0,55.5,-7.5,100.0,100.0,91.6,95.8,4.200000000000003,11.700000000000003
da-13-3--rep-003--score-only-offline-rubric,da-13-3,3,score-only-offline-rubric,score_only,offline_elicitation,44.2,45.0,51.8,48.4,-4.199999999999996,60.8,51.8,58.8,55.3,5.5,9.699999999999996
da-13-3--rep-003--score-only-online-rubric,da-13-3,3,score-only-online-rubric,score_only,online_elicitation,43.0,46.2,42.0,44.1,-1.1000000000000014,51.8,47.0,46.4,46.7,5.099999999999994,6.199999999999996
da-13-3--rep-003--score-only-static,da-13-3,3,score-only-static,score_only,fixed,48.0,52.0,59.0,55.5,-7.5,57.6,59.2,54.4,56.8,0.8000000000000043,8.300000000000004
da-13-3--rep-003--semi-online-rubric,da-13-3,3,semi-online-rubric,semi,online_elicitation,58.4,50.0,48.8,49.4,9.0,77.2,64.0,62.8,63.4,13.800000000000004,4.800000000000004
da-13-3--rep-003--semi-static,da-13-3,3,semi-static,semi,fixed,48.0,52.0,59.0,55.5,-7.5,86.0,72.0,77.0,74.5,11.5,19.0
da-13-3--rep-003--user-simulator-static,da-13-3,3,user-simulator-static,user_simulator,fixed,48.0,52.0,59.0,55.5,-7.5,49.0,52.0,52.0,52.0,-3.0,4.5
da-13-5--rep-001--full-online-rubric,da-13-5,1,full-online-rubric,full,online_elicitation,39.8,21.0,21.8,21.4,18.4,100.0,88.0,100.0,94.0,6.0,-12.399999999999999
da-13-5--rep-001--full-static,da-13-5,1,full-static,full,fixed,39.0,25.0,26.0,25.5,13.5,100.0,89.0,91.0,90.0,10.0,-3.5
da-13-5--rep-001--score-only-online-rubric,da-13-5,1,score-only-online-rubric,score_only,online_elicitation,37.0,23.0,22.8,22.9,14.100000000000001,53.2,38.0,31.2,34.6,18.6,4.5
da-13-5--rep-001--score-only-static,da-13-5,1,score-only-static,score_only,fixed,39.0,25.0,26.0,25.5,13.5,60.0,40.0,46.0,43.0,17.0,3.5
da-13-5--rep-001--semi-online-rubric,da-13-5,1,semi-online-rubric,semi,online_elicitation,39.8,25.0,24.6,24.8,14.999999999999996,99.0,65.0,70.0,67.5,31.5,16.500000000000004
da-13-5--rep-001--semi-static,da-13-5,1,semi-static,semi,fixed,39.0,25.0,26.0,25.5,13.5,79.0,63.0,77.0,70.0,9.0,-4.5
da-13-5--rep-001--user-simulator-offline-rubric,da-13-5,1,user-simulator-offline-rubric,user_simulator,offline_elicitation,39.0,25.0,26.0,25.5,13.5,44.0,38.0,30.0,34.0,10.0,-3.5
da-13-5--rep-001--user-simulator-online-rubric,da-13-5,1,user-simulator-online-rubric,user_simulator,online_elicitation,41.0,25.0,27.2,26.1,14.899999999999999,35.0,35.0,25.0,30.0,5.0,-9.899999999999999
da-13-5--rep-001--user-simulator-static,da-13-5,1,user-simulator-static,user_simulator,fixed,39.0,25.0,26.0,25.5,13.5,40.0,38.0,25.0,31.5,8.5,-5.0
da-13-5--rep-002--full-online-rubric,da-13-5,2,full-online-rubric,full,online_elicitation,36.4,34.0,23.4,28.7,7.699999999999999,100.0,90.0,84.0,87.0,13.0,5.300000000000001
da-13-5--rep-002--full-static,da-13-5,2,full-static,full,fixed,40.0,40.0,28.0,34.0,6.0,98.0,87.0,90.0,88.5,9.5,3.5
da-13-5--rep-002--score-only-offline-rubric,da-13-5,2,score-only-offline-rubric,score_only,offline_elicitation,40.0,36.0,25.2,30.6,9.399999999999999,49.0,40.0,42.0,41.0,8.0,-1.3999999999999986
da-13-5--rep-002--score-only-static,da-13-5,2,score-only-static,score_only,fixed,40.0,40.0,28.0,34.0,6.0,43.0,40.0,40.0,40.0,3.0,-3.0
da-13-5--rep-002--semi-online-rubric,da-13-5,2,semi-online-rubric,semi,online_elicitation,40.0,38.0,32.2,35.1,4.899999999999999,100.0,80.0,74.0,77.0,23.0,18.1
da-13-5--rep-002--semi-static,da-13-5,2,semi-static,semi,fixed,40.0,40.0,28.0,34.0,6.0,80.0,74.0,64.0,69.0,11.0,5.0
da-13-5--rep-002--user-simulator-offline-rubric,da-13-5,2,user-simulator-offline-rubric,user_simulator,offline_elicitation,39.2,34.4,30.0,32.2,7.0,40.0,40.0,31.0,35.5,4.5,-2.5
da-13-5--rep-002--user-simulator-static,da-13-5,2,user-simulator-static,user_simulator,fixed,40.0,40.0,28.0,34.0,6.0,48.0,36.0,30.0,33.0,15.0,9.0
da-13-5--rep-003--full-offline-rubric,da-13-5,3,full-offline-rubric,full,offline_elicitation,31.0,28.0,24.8,26.4,4.600000000000001,100.0,100.0,91.0,95.5,4.5,-0.10000000000000142
da-13-5--rep-003--full-online-rubric,da-13-5,3,full-online-rubric,full,online_elicitation,31.8,27.0,23.0,25.0,6.800000000000001,100.0,100.0,100.0,100.0,0.0,-6.800000000000001
da-13-5--rep-003--full-static,da-13-5,3,full-static,full,fixed,40.0,29.0,23.0,26.0,14.0,100.0,85.0,67.0,76.0,24.0,10.0
da-13-5--rep-003--score-only-offline-rubric,da-13-5,3,score-only-offline-rubric,score_only,offline_elicitation,44.0,29.0,21.4,25.2,18.8,41.0,39.0,32.6,35.8,5.200000000000003,-13.599999999999998
da-13-5--rep-003--score-only-online-rubric,da-13-5,3,score-only-online-rubric,score_only,online_elicitation,38.0,24.0,21.0,22.5,15.5,38.6,36.0,25.8,30.9,7.700000000000003,-7.799999999999997
da-13-5--rep-003--score-only-static,da-13-5,3,score-only-static,score_only,fixed,40.0,29.0,23.0,26.0,14.0,50.0,38.0,33.0,35.5,14.5,0.5
da-13-5--rep-003--semi-online-rubric,da-13-5,3,semi-online-rubric,semi,online_elicitation,38.0,28.0,24.6,26.3,11.7,90.0,67.0,60.8,63.9,26.1,14.400000000000002
da-13-5--rep-003--semi-static,da-13-5,3,semi-static,semi,fixed,40.0,29.0,23.0,26.0,14.0,62.0,45.0,54.0,49.5,12.5,-1.5
da-13-5--rep-003--user-simulator-offline-rubric,da-13-5,3,user-simulator-offline-rubric,user_simulator,offline_elicitation,40.0,27.6,23.0,25.3,14.7,40.0,30.0,36.0,33.0,7.0,-7.699999999999999
da-13-5--rep-003--user-simulator-static,da-13-5,3,user-simulator-static,user_simulator,fixed,40.0,29.0,23.0,26.0,14.0,40.0,25.0,27.0,26.0,14.0,0.0
da-13-6--rep-001--full-offline-rubric,da-13-6,1,full-offline-rubric,full,offline_elicitation,58.0,39.0,48.0,43.5,14.5,100.0,80.0,70.0,75.0,25.0,10.5
da-13-6--rep-001--full-static,da-13-6,1,full-static,full,fixed,58.0,39.0,48.0,43.5,14.5,100.0,100.0,100.0,100.0,0.0,-14.5
da-13-6--rep-001--score-only-offline-rubric,da-13-6,1,score-only-offline-rubric,score_only,offline_elicitation,58.0,39.0,48.0,43.5,14.5,60.0,60.0,52.0,56.0,4.0,-10.5
da-13-6--rep-001--score-only-static,da-13-6,1,score-only-static,score_only,fixed,58.0,39.0,48.0,43.5,14.5,68.0,49.0,46.0,47.5,20.5,6.0
da-13-6--rep-001--semi-offline-rubric,da-13-6,1,semi-offline-rubric,semi,offline_elicitation,68.0,40.0,50.0,45.0,23.0,85.0,85.0,68.0,76.5,8.5,-14.5
da-13-6--rep-001--semi-static,da-13-6,1,semi-static,semi,fixed,58.0,39.0,48.0,43.5,14.5,80.0,75.0,67.0,71.0,9.0,-5.5
da-13-6--rep-001--user-simulator-offline-rubric,da-13-6,1,user-simulator-offline-rubric,user_simulator,offline_elicitation,64.0,39.0,45.8,42.4,21.6,50.0,40.0,43.6,41.8,8.200000000000003,-13.399999999999999
da-13-6--rep-001--user-simulator-static,da-13-6,1,user-simulator-static,user_simulator,fixed,58.0,39.0,48.0,43.5,14.5,58.0,41.0,50.0,45.5,12.5,-2.0
da-13-6--rep-002--full-offline-rubric,da-13-6,2,full-offline-rubric,full,offline_elicitation,80.0,35.0,40.8,37.9,42.1,100.0,100.0,99.6,99.8,0.20000000000000284,-41.9
da-13-6--rep-002--full-online-rubric,da-13-6,2,full-online-rubric,full,online_elicitation,65.0,31.0,31.4,31.2,33.8,100.0,98.0,100.0,99.0,1.0,-32.8
da-13-6--rep-002--full-static,da-13-6,2,full-static,full,fixed,74.0,35.0,46.0,40.5,33.5,100.0,100.0,98.0,99.0,1.0,-32.5
da-13-6--rep-002--score-only-online-rubric,da-13-6,2,score-only-online-rubric,score_only,online_elicitation,74.4,33.0,38.6,35.8,38.60000000000001,88.0,55.0,41.6,48.3,39.7,1.0999999999999943
da-13-6--rep-002--score-only-static,da-13-6,2,score-only-static,score_only,fixed,74.0,35.0,46.0,40.5,33.5,90.0,81.0,62.0,71.5,18.5,-15.0
da-13-6--rep-002--semi-online-rubric,da-13-6,2,semi-online-rubric,semi,online_elicitation,75.0,28.2,37.4,32.8,42.2,93.6,77.6,53.2,65.4,28.19999999999999,-14.000000000000014
da-13-6--rep-002--semi-static,da-13-6,2,semi-static,semi,fixed,74.0,35.0,46.0,40.5,33.5,79.0,57.0,50.0,53.5,25.5,-8.0
da-13-6--rep-002--user-simulator-offline-rubric,da-13-6,2,user-simulator-offline-rubric,user_simulator,offline_elicitation,74.0,35.0,46.0,40.5,33.5,74.0,45.0,52.0,48.5,25.5,-8.0
da-13-6--rep-002--user-simulator-online-rubric,da-13-6,2,user-simulator-online-rubric,user_simulator,online_elicitation,63.6,33.0,37.6,35.3,28.300000000000004,46.0,50.0,46.0,48.0,-2.0,-30.300000000000004
da-13-6--rep-002--user-simulator-static,da-13-6,2,user-simulator-static,user_simulator,fixed,74.0,35.0,46.0,40.5,33.5,62.0,40.0,42.0,41.0,21.0,-12.5
da-13-6--rep-003--full-static,da-13-6,3,full-static,full,fixed,70.0,55.0,46.0,50.5,19.5,100.0,100.0,92.0,96.0,4.0,-15.5
da-13-6--rep-003--score-only-offline-rubric,da-13-6,3,score-only-offline-rubric,score_only,offline_elicitation,60.0,53.0,40.8,46.9,13.100000000000001,60.0,37.4,45.6,41.5,18.5,5.399999999999999
da-13-6--rep-003--score-only-online-rubric,da-13-6,3,score-only-online-rubric,score_only,online_elicitation,64.0,47.0,42.2,44.6,19.4,82.0,44.0,44.0,44.0,38.0,18.6
da-13-6--rep-003--score-only-static,da-13-6,3,score-only-static,score_only,fixed,70.0,55.0,46.0,50.5,19.5,84.0,47.0,48.0,47.5,36.5,17.0
da-13-6--rep-003--semi-online-rubric,da-13-6,3,semi-online-rubric,semi,online_elicitation,59.6,45.4,31.0,38.2,21.4,88.0,68.0,62.0,65.0,23.0,1.6000000000000014
da-13-6--rep-003--user-simulator-online-rubric,da-13-6,3,user-simulator-online-rubric,user_simulator,online_elicitation,71.8,40.0,41.0,40.5,31.299999999999997,54.0,36.0,42.0,39.0,15.0,-16.299999999999997
da-13-6--rep-003--user-simulator-static,da-13-6,3,user-simulator-static,user_simulator,fixed,70.0,55.0,46.0,50.5,19.5,54.0,46.0,42.0,44.0,10.0,-9.5
da-14-1--rep-001--full-online-rubric,da-14-1,1,full-online-rubric,full,online_elicitation,63.6,49.8,78.0,63.9,-0.29999999999999716,89.0,100.0,99.6,99.8,-10.799999999999997,-10.5
da-14-1--rep-001--full-static,da-14-1,1,full-static,full,fixed,78.6,57.0,77.0,67.0,11.599999999999994,86.4,62.0,68.0,65.0,21.400000000000006,9.800000000000011
da-14-1--rep-001--score-only-static,da-14-1,1,score-only-static,score_only,fixed,78.6,57.0,77.0,67.0,11.599999999999994,75.0,71.0,79.6,75.3,-0.29999999999999716,-11.899999999999991
da-14-1--rep-001--semi-offline-rubric,da-14-1,1,semi-offline-rubric,semi,offline_elicitation,69.8,55.0,67.2,61.1,8.699999999999996,80.0,53.2,64.4,58.800000000000004,21.199999999999996,12.5
da-14-1--rep-001--semi-static,da-14-1,1,semi-static,semi,fixed,78.6,57.0,77.0,67.0,11.599999999999994,66.4,57.0,77.0,67.0,-0.5999999999999943,-12.199999999999989
da-14-1--rep-001--user-simulator-offline-rubric,da-14-1,1,user-simulator-offline-rubric,user_simulator,offline_elicitation,65.2,53.8,65.8,59.8,5.400000000000006,71.0,54.0,67.6,60.8,10.200000000000003,4.799999999999997
da-14-1--rep-001--user-simulator-online-rubric,da-14-1,1,user-simulator-online-rubric,user_simulator,online_elicitation,62.2,55.4,72.6,64.0,-1.7999999999999972,73.8,45.8,66.8,56.3,17.5,19.299999999999997
da-14-1--rep-001--user-simulator-static,da-14-1,1,user-simulator-static,user_simulator,fixed,78.6,57.0,77.0,67.0,11.599999999999994,78.0,64.6,79.0,71.8,6.200000000000003,-5.3999999999999915
da-14-1--rep-002--full-offline-rubric,da-14-1,2,full-offline-rubric,full,offline_elicitation,96.0,75.0,68.6,71.8,24.200000000000003,100.0,80.6,79.4,80.0,20.0,-4.200000000000003
da-14-1--rep-002--full-online-rubric,da-14-1,2,full-online-rubric,full,online_elicitation,96.0,79.0,81.4,80.2,15.799999999999997,100.0,100.0,100.0,100.0,0.0,-15.799999999999997
da-14-1--rep-002--semi-offline-rubric,da-14-1,2,semi-offline-rubric,semi,offline_elicitation,84.2,79.0,72.4,75.7,8.5,100.0,81.6,80.0,80.8,19.200000000000003,10.700000000000003
da-14-1--rep-002--semi-static,da-14-1,2,semi-static,semi,fixed,84.2,79.0,72.4,75.7,8.5,96.6,83.0,92.8,87.9,8.699999999999989,0.19999999999998863
da-14-1--rep-003--full-online-rubric,da-14-1,3,full-online-rubric,full,online_elicitation,78.2,62.0,68.2,65.1,13.100000000000009,100.0,83.0,93.8,88.4,11.599999999999994,-1.5000000000000142
da-14-1--rep-003--score-only-offline-rubric,da-14-1,3,score-only-offline-rubric,score_only,offline_elicitation,80.4,70.0,72.0,71.0,9.400000000000006,98.6,76.0,78.8,77.4,21.19999999999999,11.799999999999983
da-14-1--rep-003--score-only-online-rubric,da-14-1,3,score-only-online-rubric,score_only,online_elicitation,90.6,66.0,71.6,68.8,21.799999999999997,85.4,70.0,86.6,78.3,7.1000000000000085,-14.699999999999989
da-14-1--rep-003--score-only-static,da-14-1,3,score-only-static,score_only,fixed,88.8,65.2,73.8,69.5,19.299999999999997,82.8,77.8,74.4,76.1,6.700000000000003,-12.599999999999994
da-14-1--rep-003--semi-offline-rubric,da-14-1,3,semi-offline-rubric,semi,offline_elicitation,76.0,76.0,73.8,74.9,1.0999999999999943,94.4,74.8,80.8,77.8,16.60000000000001,15.500000000000014
da-14-1--rep-003--semi-static,da-14-1,3,semi-static,semi,fixed,88.8,65.2,73.8,69.5,19.299999999999997,92.2,74.6,78.6,76.6,15.600000000000009,-3.6999999999999886
da-14-1--rep-003--user-simulator-static,da-14-1,3,user-simulator-static,user_simulator,fixed,88.8,65.2,73.8,69.5,19.299999999999997,89.8,78.0,78.8,78.4,11.399999999999991,-7.900000000000006
da-14-3--rep-001--full-online-rubric,da-14-3,1,full-online-rubric,full,online_elicitation,63.6,32.8,36.8,34.8,28.800000000000004,95.0,100.0,99.0,99.5,-4.5,-33.300000000000004
da-14-3--rep-001--full-static,da-14-3,1,full-static,full,fixed,59.4,34.0,44.4,39.2,20.199999999999996,99.0,100.0,100.0,100.0,-1.0,-21.199999999999996
da-14-3--rep-001--score-only-static,da-14-3,1,score-only-static,score_only,fixed,59.4,34.0,44.4,39.2,20.199999999999996,60.0,17.0,6.6,11.8,48.2,28.000000000000007
da-14-3--rep-001--semi-offline-rubric,da-14-3,1,semi-offline-rubric,semi,offline_elicitation,54.4,34.0,37.0,35.5,18.9,80.0,80.6,97.8,89.19999999999999,-9.199999999999989,-28.099999999999987
da-14-3--rep-001--semi-online-rubric,da-14-3,1,semi-online-rubric,semi,online_elicitation,55.0,34.0,41.0,37.5,17.5,74.2,74.0,77.8,75.9,-1.7000000000000028,-19.200000000000003
da-14-3--rep-001--semi-static,da-14-3,1,semi-static,semi,fixed,59.4,34.0,44.4,39.2,20.199999999999996,80.0,85.0,100.0,92.5,-12.5,-32.699999999999996
da-14-3--rep-001--user-simulator-offline-rubric,da-14-3,1,user-simulator-offline-rubric,user_simulator,offline_elicitation,57.0,36.2,33.2,34.7,22.299999999999997,43.6,37.6,46.2,41.900000000000006,1.6999999999999957,-20.6
da-14-3--rep-001--user-simulator-online-rubric,da-14-3,1,user-simulator-online-rubric,user_simulator,online_elicitation,60.8,31.0,34.0,32.5,28.299999999999997,45.6,35.8,32.8,34.3,11.300000000000004,-16.999999999999993
da-14-3--rep-001--user-simulator-static,da-14-3,1,user-simulator-static,user_simulator,fixed,59.4,34.0,44.4,39.2,20.199999999999996,30.8,33.0,39.0,36.0,-5.199999999999999,-25.399999999999995
da-14-3--rep-002--full-online-rubric,da-14-3,2,full-online-rubric,full,online_elicitation,43.8,34.0,30.2,32.1,11.699999999999996,100.0,100.0,97.6,98.8,1.2000000000000028,-10.499999999999993
da-14-3--rep-002--full-static,da-14-3,2,full-static,full,fixed,45.0,36.8,46.0,41.4,3.6000000000000014,100.0,100.0,100.0,100.0,0.0,-3.6000000000000014
da-14-3--rep-002--score-only-offline-rubric,da-14-3,2,score-only-offline-rubric,score_only,offline_elicitation,45.2,34.0,40.2,37.1,8.100000000000001,47.0,43.0,37.2,40.1,6.899999999999999,-1.2000000000000028
da-14-3--rep-002--score-only-static,da-14-3,2,score-only-static,score_only,fixed,45.0,36.8,46.0,41.4,3.6000000000000014,50.0,34.0,38.4,36.2,13.799999999999997,10.199999999999996
da-14-3--rep-002--semi-offline-rubric,da-14-3,2,semi-offline-rubric,semi,offline_elicitation,42.6,35.8,46.2,41.0,1.6000000000000014,89.0,74.0,79.2,76.6,12.400000000000006,10.800000000000004
da-14-3--rep-002--semi-static,da-14-3,2,semi-static,semi,fixed,45.0,36.8,46.0,41.4,3.6000000000000014,74.0,74.0,73.4,73.7,0.29999999999999716,-3.3000000000000043
da-14-3--rep-002--user-simulator-offline-rubric,da-14-3,2,user-simulator-offline-rubric,user_simulator,offline_elicitation,45.2,34.0,37.0,35.5,9.700000000000003,42.0,41.2,40.2,40.7,1.2999999999999972,-8.400000000000006
da-14-3--rep-002--user-simulator-online-rubric,da-14-3,2,user-simulator-online-rubric,user_simulator,online_elicitation,52.4,32.4,42.8,37.599999999999994,14.800000000000004,64.0,51.4,63.4,57.4,6.600000000000001,-8.200000000000003
da-14-3--rep-002--user-simulator-static,da-14-3,2,user-simulator-static,user_simulator,fixed,45.0,36.8,46.0,41.4,3.6000000000000014,64.0,57.8,67.2,62.5,1.5,-2.1000000000000014
da-14-3--rep-003--full-online-rubric,da-14-3,3,full-online-rubric,full,online_elicitation,59.0,38.8,32.8,35.8,23.200000000000003,100.0,100.0,100.0,100.0,0.0,-23.200000000000003
da-14-3--rep-003--full-static,da-14-3,3,full-static,full,fixed,53.2,30.0,40.6,35.3,17.900000000000006,100.0,100.0,100.0,100.0,0.0,-17.900000000000006
da-14-3--rep-003--score-only-offline-rubric,da-14-3,3,score-only-offline-rubric,score_only,offline_elicitation,71.0,37.6,38.0,37.8,33.2,48.8,34.0,47.8,40.9,7.899999999999999,-25.300000000000004
da-14-3--rep-003--score-only-online-rubric,da-14-3,3,score-only-online-rubric,score_only,online_elicitation,63.6,36.2,48.8,42.5,21.1,55.0,34.0,33.8,33.9,21.1,0.0
da-14-3--rep-003--score-only-static,da-14-3,3,score-only-static,score_only,fixed,53.2,30.0,40.6,35.3,17.900000000000006,50.4,40.6,48.4,44.5,5.899999999999999,-12.000000000000007
da-14-3--rep-003--semi-offline-rubric,da-14-3,3,semi-offline-rubric,semi,offline_elicitation,50.0,34.0,40.4,37.2,12.799999999999997,85.0,80.8,93.4,87.1,-2.0999999999999943,-14.899999999999991
da-14-3--rep-003--semi-online-rubric,da-14-3,3,semi-online-rubric,semi,online_elicitation,60.0,32.2,37.0,34.6,25.4,100.0,58.0,70.8,64.4,35.599999999999994,10.199999999999996
da-14-3--rep-003--semi-static,da-14-3,3,semi-static,semi,fixed,53.2,30.0,40.6,35.3,17.900000000000006,94.0,60.4,92.6,76.5,17.5,-0.4000000000000057
da-14-8--rep-001--full-offline-rubric,da-14-8,1,full-offline-rubric,full,offline_elicitation,44.0,43.0,42.6,42.8,1.2000000000000028,100.0,100.0,100.0,100.0,0.0,-1.2000000000000028
da-14-8--rep-001--full-online-rubric,da-14-8,1,full-online-rubric,full,online_elicitation,43.0,43.0,43.0,43.0,0.0,100.0,87.0,83.6,85.3,14.700000000000003,14.700000000000003
da-14-8--rep-001--full-static,da-14-8,1,full-static,full,fixed,53.8,43.0,43.0,43.0,10.799999999999997,93.0,91.0,89.6,90.3,2.700000000000003,-8.099999999999994
da-14-8--rep-001--score-only-offline-rubric,da-14-8,1,score-only-offline-rubric,score_only,offline_elicitation,42.0,43.0,40.2,41.6,0.3999999999999986,53.0,42.0,38.2,40.1,12.899999999999999,12.5
da-14-8--rep-001--score-only-online-rubric,da-14-8,1,score-only-online-rubric,score_only,online_elicitation,43.0,40.6,41.4,41.0,2.0,40.2,37.0,38.2,37.6,2.6000000000000014,0.6000000000000014
da-14-8--rep-001--score-only-static,da-14-8,1,score-only-static,score_only,fixed,53.8,43.0,43.0,43.0,10.799999999999997,52.0,53.0,52.2,52.6,-0.6000000000000014,-11.399999999999999
da-14-8--rep-001--semi-online-rubric,da-14-8,1,semi-online-rubric,semi,online_elicitation,46.6,43.0,41.0,42.0,4.600000000000001,72.0,70.6,55.4,63.0,9.0,4.399999999999999
da-14-8--rep-001--semi-static,da-14-8,1,semi-static,semi,fixed,53.8,43.0,43.0,43.0,10.799999999999997,84.0,80.0,56.4,68.2,15.799999999999997,5.0
da-14-8--rep-001--user-simulator-static,da-14-8,1,user-simulator-static,user_simulator,fixed,53.8,43.0,43.0,43.0,10.799999999999997,57.4,51.0,43.0,47.0,10.399999999999999,-0.3999999999999986
da-14-8--rep-002--full-offline-rubric,da-14-8,2,full-offline-rubric,full,offline_elicitation,53.0,45.0,42.6,43.8,9.200000000000003,98.4,94.6,89.0,91.8,6.6000000000000085,-2.5999999999999943
da-14-8--rep-002--full-online-rubric,da-14-8,2,full-online-rubric,full,online_elicitation,32.0,41.0,42.0,41.5,-9.5,98.0,83.6,89.8,86.69999999999999,11.300000000000011,20.80000000000001
da-14-8--rep-002--score-only-offline-rubric,da-14-8,2,score-only-offline-rubric,score_only,offline_elicitation,55.4,49.0,41.8,45.4,10.0,60.6,43.0,40.2,41.6,19.0,9.0
da-14-8--rep-002--score-only-static,da-14-8,2,score-only-static,score_only,fixed,43.0,43.0,43.0,43.0,0.0,60.2,45.0,53.0,49.0,11.200000000000003,11.200000000000003
da-14-8--rep-002--semi-online-rubric,da-14-8,2,semi-online-rubric,semi,online_elicitation,46.4,41.0,43.2,42.1,4.299999999999997,62.4,64.4,46.6,55.5,6.899999999999999,2.6000000000000014
da-14-8--rep-002--user-simulator-offline-rubric,da-14-8,2,user-simulator-offline-rubric,user_simulator,offline_elicitation,52.0,51.0,45.0,48.0,4.0,56.0,28.0,34.0,31.0,25.0,21.0
da-14-8--rep-002--user-simulator-online-rubric,da-14-8,2,user-simulator-online-rubric,user_simulator,online_elicitation,50.0,49.0,39.0,44.0,6.0,50.0,55.0,41.8,48.4,1.6000000000000014,-4.399999999999999
da-14-8--rep-002--user-simulator-static,da-14-8,2,user-simulator-static,user_simulator,fixed,43.0,43.0,43.0,43.0,0.0,49.4,53.0,43.0,48.0,1.3999999999999986,1.3999999999999986
da-14-8--rep-003--full-offline-rubric,da-14-8,3,full-offline-rubric,full,offline_elicitation,60.4,49.0,40.4,44.7,15.699999999999996,93.0,83.0,85.8,84.4,8.599999999999994,-7.100000000000001
da-14-8--rep-003--full-online-rubric,da-14-8,3,full-online-rubric,full,online_elicitation,66.6,51.0,44.2,47.6,18.999999999999993,87.0,93.0,97.2,95.1,-8.099999999999994,-27.099999999999987
da-14-8--rep-003--score-only-offline-rubric,da-14-8,3,score-only-offline-rubric,score_only,offline_elicitation,61.4,53.0,48.0,50.5,10.899999999999999,68.0,53.0,63.0,58.0,10.0,-0.8999999999999986
da-14-8--rep-003--score-only-online-rubric,da-14-8,3,score-only-online-rubric,score_only,online_elicitation,67.0,53.0,50.0,51.5,15.5,61.0,61.0,54.4,57.7,3.299999999999997,-12.200000000000003
da-14-8--rep-003--score-only-static,da-14-8,3,score-only-static,score_only,fixed,64.0,53.0,46.0,49.5,14.5,67.0,62.0,61.0,61.5,5.5,-9.0
da-14-8--rep-003--semi-online-rubric,da-14-8,3,semi-online-rubric,semi,online_elicitation,66.0,52.0,44.4,48.2,17.799999999999997,78.8,74.0,60.2,67.1,11.700000000000003,-6.099999999999994
da-14-8--rep-003--semi-static,da-14-8,3,semi-static,semi,fixed,64.0,53.0,46.0,49.5,14.5,76.0,90.2,64.8,77.5,-1.5,-16.0
da-14-8--rep-003--user-simulator-online-rubric,da-14-8,3,user-simulator-online-rubric,user_simulator,online_elicitation,62.0,46.8,38.6,42.7,19.299999999999997,66.0,57.0,46.0,51.5,14.5,-4.799999999999997
da-15-1--rep-001--full-offline-rubric,da-15-1,1,full-offline-rubric,full,offline_elicitation,77.0,65.0,77.0,71.0,6.0,79.8,75.0,87.0,81.0,-1.2000000000000028,-7.200000000000003
da-15-1--rep-001--score-only-online-rubric,da-15-1,1,score-only-online-rubric,score_only,online_elicitation,75.0,63.0,75.0,69.0,6.0,77.0,69.6,75.0,72.3,4.700000000000003,-1.2999999999999972
da-15-1--rep-001--score-only-static,da-15-1,1,score-only-static,score_only,fixed,74.6,65.0,77.0,71.0,3.5999999999999943,87.0,77.0,87.0,82.0,5.0,1.4000000000000057
da-15-1--rep-001--semi-offline-rubric,da-15-1,1,semi-offline-rubric,semi,offline_elicitation,72.6,63.0,74.0,68.5,4.099999999999994,85.2,87.0,87.0,87.0,-1.7999999999999972,-5.8999999999999915
da-15-1--rep-001--semi-online-rubric,da-15-1,1,semi-online-rubric,semi,online_elicitation,76.2,63.0,75.0,69.0,7.200000000000003,87.0,87.0,94.8,90.9,-3.9000000000000057,-11.100000000000009
da-15-1--rep-001--user-simulator-offline-rubric,da-15-1,1,user-simulator-offline-rubric,user_simulator,offline_elicitation,76.6,63.4,75.0,69.2,7.3999999999999915,77.0,75.0,76.2,75.6,1.4000000000000057,-5.999999999999986
da-15-1--rep-001--user-simulator-online-rubric,da-15-1,1,user-simulator-online-rubric,user_simulator,online_elicitation,73.0,61.0,72.0,66.5,6.5,75.0,72.6,75.0,73.8,1.2000000000000028,-5.299999999999997
da-15-1--rep-002--full-offline-rubric,da-15-1,2,full-offline-rubric,full,offline_elicitation,53.0,50.0,45.4,47.7,5.299999999999997,100.0,100.0,99.2,99.6,0.4000000000000057,-4.8999999999999915
da-15-1--rep-002--full-static,da-15-1,2,full-static,full,fixed,56.0,52.0,46.0,49.0,7.0,87.0,80.0,76.0,78.0,9.0,2.0
da-15-1--rep-002--score-only-offline-rubric,da-15-1,2,score-only-offline-rubric,score_only,offline_elicitation,53.4,48.8,42.4,45.599999999999994,7.800000000000004,74.0,72.0,75.0,73.5,0.5,-7.300000000000004
da-15-1--rep-002--score-only-online-rubric,da-15-1,2,score-only-online-rubric,score_only,online_elicitation,57.0,48.0,39.2,43.6,13.399999999999999,74.0,72.0,76.0,74.0,0.0,-13.399999999999999
da-15-1--rep-002--semi-static,da-15-1,2,semi-static,semi,fixed,56.0,52.0,46.0,49.0,7.0,84.0,96.0,100.0,98.0,-14.0,-21.0
da-15-1--rep-002--user-simulator-offline-rubric,da-15-1,2,user-simulator-offline-rubric,user_simulator,offline_elicitation,53.0,52.0,44.2,48.1,4.899999999999999,67.0,67.0,67.0,67.0,0.0,-4.899999999999999
da-15-1--rep-002--user-simulator-online-rubric,da-15-1,2,user-simulator-online-rubric,user_simulator,online_elicitation,57.0,50.0,44.4,47.2,9.799999999999997,67.0,62.0,77.0,69.5,-2.5,-12.299999999999997
da-15-1--rep-002--user-simulator-static,da-15-1,2,user-simulator-static,user_simulator,fixed,56.0,52.0,46.0,49.0,7.0,64.0,72.4,71.0,71.7,-7.700000000000003,-14.700000000000003
da-15-1--rep-003--full-offline-rubric,da-15-1,3,full-offline-rubric,full,offline_elicitation,70.8,52.4,77.0,64.7,6.099999999999994,87.0,87.0,86.6,86.8,0.20000000000000284,-5.8999999999999915
da-15-1--rep-003--full-online-rubric,da-15-1,3,full-online-rubric,full,online_elicitation,63.4,58.0,76.0,67.0,-3.6000000000000014,87.0,87.0,85.8,86.4,0.5999999999999943,4.199999999999996
da-15-1--rep-003--full-static,da-15-1,3,full-static,full,fixed,67.0,56.4,75.0,65.7,1.2999999999999972,87.0,87.0,89.6,88.3,-1.2999999999999972,-2.5999999999999943
da-15-1--rep-003--score-only-online-rubric,da-15-1,3,score-only-online-rubric,score_only,online_elicitation,68.6,72.0,73.4,72.7,-4.1000000000000085,77.0,77.0,81.0,79.0,-2.0,2.1000000000000085
da-15-1--rep-003--semi-online-rubric,da-15-1,3,semi-online-rubric,semi,online_elicitation,67.0,64.8,75.0,69.9,-2.9000000000000057,74.0,72.0,83.0,77.5,-3.5,-0.5999999999999943
da-15-1--rep-003--user-simulator-offline-rubric,da-15-1,3,user-simulator-offline-rubric,user_simulator,offline_elicitation,64.0,63.2,79.0,71.1,-7.099999999999994,71.2,66.0,74.8,70.4,0.7999999999999972,7.8999999999999915
da-15-1--rep-003--user-simulator-online-rubric,da-15-1,3,user-simulator-online-rubric,user_simulator,online_elicitation,71.0,70.0,71.0,70.5,0.5,71.8,77.0,83.0,80.0,-8.200000000000003,-8.700000000000003
da-15-1--rep-003--user-simulator-static,da-15-1,3,user-simulator-static,user_simulator,fixed,67.0,56.4,75.0,65.7,1.2999999999999972,57.0,65.0,77.0,71.0,-14.0,-15.299999999999997
da-15-2--rep-001--full-offline-rubric,da-15-2,1,full-offline-rubric,full,offline_elicitation,24.6,15.0,4.0,9.5,15.100000000000001,83.0,83.0,68.6,75.8,7.200000000000003,-7.899999999999999
da-15-2--rep-001--full-online-rubric,da-15-2,1,full-online-rubric,full,online_elicitation,26.6,8.0,0.0,4.0,22.6,74.0,77.8,71.4,74.6,-0.5999999999999943,-23.199999999999996
da-15-2--rep-001--full-static,da-15-2,1,full-static,full,fixed,31.0,5.0,3.0,4.0,27.0,73.0,79.8,58.4,69.1,3.9000000000000057,-23.099999999999994
da-15-2--rep-001--score-only-offline-rubric,da-15-2,1,score-only-offline-rubric,score_only,offline_elicitation,31.0,12.0,1.6,6.8,24.2,42.0,38.0,26.4,32.2,9.799999999999997,-14.400000000000002
da-15-2--rep-001--score-only-online-rubric,da-15-2,1,score-only-online-rubric,score_only,online_elicitation,30.2,11.0,0.6,5.8,24.4,55.8,51.0,12.8,31.9,23.9,-0.5
da-15-2--rep-001--score-only-static,da-15-2,1,score-only-static,score_only,fixed,31.0,5.0,3.0,4.0,27.0,51.0,37.0,22.2,29.6,21.4,-5.600000000000001
da-15-2--rep-001--semi-offline-rubric,da-15-2,1,semi-offline-rubric,semi,offline_elicitation,31.0,9.0,1.0,5.0,26.0,73.0,68.0,70.8,69.4,3.5999999999999943,-22.400000000000006
da-15-2--rep-001--semi-online-rubric,da-15-2,1,semi-online-rubric,semi,online_elicitation,29.8,13.0,0.4,6.7,23.1,71.4,72.2,69.4,70.80000000000001,0.5999999999999943,-22.500000000000007
da-15-2--rep-001--user-simulator-static,da-15-2,1,user-simulator-static,user_simulator,fixed,31.0,5.0,3.0,4.0,27.0,5.0,5.0,4.0,4.5,0.5,-26.5
da-15-2--rep-002--full-offline-rubric,da-15-2,2,full-offline-rubric,full,offline_elicitation,1.8,0.0,0.0,0.0,1.8,81.0,83.0,79.0,81.0,0.0,-1.8
da-15-2--rep-002--full-static,da-15-2,2,full-static,full,fixed,8.8,0.0,1.0,0.5,8.3,96.6,67.0,73.8,70.4,26.19999999999999,17.899999999999988
da-15-2--rep-002--score-only-offline-rubric,da-15-2,2,score-only-offline-rubric,score_only,offline_elicitation,7.0,0.0,0.0,0.0,7.0,14.2,6.0,9.0,7.5,6.699999999999999,-0.3000000000000007
da-15-2--rep-002--score-only-online-rubric,da-15-2,2,score-only-online-rubric,score_only,online_elicitation,0.0,0.0,0.0,0.0,0.0,9.0,0.0,0.0,0.0,9.0,9.0
da-15-2--rep-002--score-only-static,da-15-2,2,score-only-static,score_only,fixed,8.8,0.0,1.0,0.5,8.3,32.4,0.0,2.0,1.0,31.4,23.099999999999998
da-15-2--rep-002--semi-online-rubric,da-15-2,2,semi-online-rubric,semi,online_elicitation,0.0,0.0,0.2,0.1,-0.1,71.0,56.8,30.6,43.7,27.299999999999997,27.4
da-15-2--rep-002--semi-static,da-15-2,2,semi-static,semi,fixed,8.8,0.0,1.0,0.5,8.3,73.0,68.0,60.0,64.0,9.0,0.6999999999999993
da-15-2--rep-002--user-simulator-offline-rubric,da-15-2,2,user-simulator-offline-rubric,user_simulator,offline_elicitation,7.0,0.0,0.0,0.0,7.0,15.0,15.0,5.0,10.0,5.0,-2.0
da-15-2--rep-002--user-simulator-online-rubric,da-15-2,2,user-simulator-online-rubric,user_simulator,online_elicitation,0.6,0.0,0.2,0.1,0.5,4.8,0.0,0.2,0.1,4.7,4.2
da-15-2--rep-003--full-offline-rubric,da-15-2,3,full-offline-rubric,full,offline_elicitation,15.0,0.0,5.0,2.5,12.5,73.0,44.0,62.8,53.4,19.6,7.100000000000001
da-15-2--rep-003--full-online-rubric,da-15-2,3,full-online-rubric,full,online_elicitation,12.2,0.0,0.0,0.0,12.2,73.0,65.8,60.8,63.3,9.700000000000003,-2.4999999999999964
da-15-2--rep-003--full-static,da-15-2,3,full-static,full,fixed,15.0,0.0,5.0,2.5,12.5,83.0,67.0,75.0,71.0,12.0,-0.5
da-15-2--rep-003--score-only-offline-rubric,da-15-2,3,score-only-offline-rubric,score_only,offline_elicitation,12.6,0.0,1.4,0.7,11.9,25.6,21.0,20.8,20.9,4.700000000000003,-7.1999999999999975
da-15-2--rep-003--score-only-online-rubric,da-15-2,3,score-only-online-rubric,score_only,online_elicitation,11.0,0.0,1.6,0.8,10.2,22.6,0.0,7.6,3.8,18.8,8.600000000000001
da-15-2--rep-003--score-only-static,da-15-2,3,score-only-static,score_only,fixed,15.0,0.0,5.0,2.5,12.5,7.0,1.0,4.0,2.5,4.5,-8.0
da-15-2--rep-003--semi-offline-rubric,da-15-2,3,semi-offline-rubric,semi,offline_elicitation,15.0,0.0,4.6,2.3,12.7,53.2,52.0,47.8,49.9,3.3000000000000043,-9.399999999999995
da-15-2--rep-003--semi-online-rubric,da-15-2,3,semi-online-rubric,semi,online_elicitation,21.4,0.0,1.8,0.9,20.5,67.0,54.4,55.8,55.099999999999994,11.900000000000006,-8.599999999999994
da-15-2--rep-003--user-simulator-offline-rubric,da-15-2,3,user-simulator-offline-rubric,user_simulator,offline_elicitation,14.2,0.0,5.0,2.5,11.7,13.4,0.0,5.0,2.5,10.9,-0.7999999999999989
da-15-2--rep-003--user-simulator-static,da-15-2,3,user-simulator-static,user_simulator,fixed,15.0,0.0,5.0,2.5,12.5,31.0,21.0,10.4,15.7,15.3,2.8000000000000007
da-15-7--rep-001--full-online-rubric,da-15-7,1,full-online-rubric,full,online_elicitation,50.0,46.0,46.4,46.2,3.799999999999997,82.0,72.0,95.6,83.8,-1.7999999999999972,-5.599999999999994
da-15-7--rep-001--full-static,da-15-7,1,full-static,full,fixed,52.0,50.0,43.0,46.5,5.5,82.2,71.0,85.0,78.0,4.200000000000003,-1.2999999999999972
da-15-7--rep-001--score-only-offline-rubric,da-15-7,1,score-only-offline-rubric,score_only,offline_elicitation,53.0,46.0,47.0,46.5,6.5,57.0,47.0,48.0,47.5,9.5,3.0
da-15-7--rep-001--score-only-online-rubric,da-15-7,1,score-only-online-rubric,score_only,online_elicitation,50.2,44.0,44.4,44.2,6.0,57.0,39.8,40.6,40.2,16.799999999999997,10.799999999999997
da-15-7--rep-001--semi-offline-rubric,da-15-7,1,semi-offline-rubric,semi,offline_elicitation,56.0,48.0,40.8,44.4,11.600000000000001,67.0,60.0,61.2,60.6,6.399999999999999,-5.200000000000003
da-15-7--rep-001--semi-online-rubric,da-15-7,1,semi-online-rubric,semi,online_elicitation,53.4,40.6,38.0,39.3,14.100000000000001,67.0,43.8,57.6,50.7,16.299999999999997,2.1999999999999957
da-15-7--rep-001--user-simulator-offline-rubric,da-15-7,1,user-simulator-offline-rubric,user_simulator,offline_elicitation,57.0,45.0,45.8,45.4,11.600000000000001,57.0,41.2,50.0,45.6,11.399999999999999,-0.20000000000000284
da-15-7--rep-001--user-simulator-online-rubric,da-15-7,1,user-simulator-online-rubric,user_simulator,online_elicitation,51.2,45.0,44.0,44.5,6.700000000000003,49.2,37.8,47.0,42.4,6.800000000000004,0.10000000000000142
da-15-7--rep-001--user-simulator-static,da-15-7,1,user-simulator-static,user_simulator,fixed,52.0,50.0,43.0,46.5,5.5,55.0,46.0,48.0,47.0,8.0,2.5
da-15-7--rep-002--full-online-rubric,da-15-7,2,full-online-rubric,full,online_elicitation,65.0,34.4,33.2,33.8,31.200000000000003,77.0,75.0,71.6,73.3,3.700000000000003,-27.5
da-15-7--rep-002--full-static,da-15-7,2,full-static,full,fixed,67.0,38.0,39.6,38.8,28.200000000000003,73.0,41.0,65.0,53.0,20.0,-8.200000000000003
da-15-7--rep-002--score-only-online-rubric,da-15-7,2,score-only-online-rubric,score_only,online_elicitation,64.2,28.0,37.2,32.6,31.6,52.0,26.0,40.0,33.0,19.0,-12.600000000000001
da-15-7--rep-002--semi-online-rubric,da-15-7,2,semi-online-rubric,semi,online_elicitation,65.8,36.0,49.2,42.6,23.199999999999996,67.0,55.6,56.2,55.900000000000006,11.099999999999994,-12.100000000000001
da-15-7--rep-002--user-simulator-offline-rubric,da-15-7,2,user-simulator-offline-rubric,user_simulator,offline_elicitation,65.4,36.0,41.8,38.9,26.500000000000007,52.0,23.0,46.0,34.5,17.5,-9.000000000000007
da-15-7--rep-002--user-simulator-online-rubric,da-15-7,2,user-simulator-online-rubric,user_simulator,online_elicitation,61.0,36.0,44.0,40.0,21.0,61.0,27.0,48.0,37.5,23.5,2.5
da-15-7--rep-003--full-static,da-15-7,3,full-static,full,fixed,32.8,33.0,28.0,30.5,2.299999999999997,77.0,77.0,75.0,76.0,1.0,-1.2999999999999972
da-15-7--rep-003--semi-offline-rubric,da-15-7,3,semi-offline-rubric,semi,offline_elicitation,28.0,33.0,22.0,27.5,0.5,67.0,57.0,59.0,58.0,9.0,8.5
da-15-7--rep-003--semi-online-rubric,da-15-7,3,semi-online-rubric,semi,online_elicitation,27.0,31.4,21.8,26.6,0.3999999999999986,59.0,57.0,53.0,55.0,4.0,3.6000000000000014
da-15-7--rep-003--semi-static,da-15-7,3,semi-static,semi,fixed,32.8,33.0,28.0,30.5,2.299999999999997,57.0,57.0,57.0,57.0,0.0,-2.299999999999997
da-15-7--rep-003--user-simulator-offline-rubric,da-15-7,3,user-simulator-offline-rubric,user_simulator,offline_elicitation,34.8,33.0,23.0,28.0,6.799999999999997,47.0,35.8,42.4,39.099999999999994,7.900000000000006,1.1000000000000085
da-15-7--rep-003--user-simulator-static,da-15-7,3,user-simulator-static,user_simulator,fixed,32.8,33.0,28.0,30.5,2.299999999999997,55.0,27.4,36.0,31.7,23.3,21.000000000000004
da-15-8--rep-001--full-offline-rubric,da-15-8,1,full-offline-rubric,full,offline_elicitation,54.0,58.0,41.0,49.5,4.5,94.0,81.4,82.4,81.9,12.099999999999994,7.599999999999994
da-15-8--rep-001--score-only-offline-rubric,da-15-8,1,score-only-offline-rubric,score_only,offline_elicitation,55.0,52.4,39.0,45.7,9.299999999999997,56.0,47.0,45.8,46.4,9.600000000000001,0.30000000000000426
da-15-8--rep-001--score-only-online-rubric,da-15-8,1,score-only-online-rubric,score_only,online_elicitation,53.0,44.0,33.0,38.5,14.5,56.0,52.0,49.8,50.9,5.100000000000001,-9.399999999999999
da-15-8--rep-001--semi-offline-rubric,da-15-8,1,semi-offline-rubric,semi,offline_elicitation,47.8,54.0,46.0,50.0,-2.200000000000003,58.0,67.0,70.0,68.5,-10.5,-8.299999999999997
da-15-8--rep-001--semi-online-rubric,da-15-8,1,semi-online-rubric,semi,online_elicitation,57.0,53.0,41.0,47.0,10.0,64.2,63.4,65.8,64.6,-0.3999999999999915,-10.399999999999991
da-15-8--rep-001--semi-static,da-15-8,1,semi-static,semi,fixed,58.0,50.0,41.4,45.7,12.299999999999997,70.0,63.0,63.0,63.0,7.0,-5.299999999999997
da-15-8--rep-001--user-simulator-offline-rubric,da-15-8,1,user-simulator-offline-rubric,user_simulator,offline_elicitation,58.0,54.0,39.4,46.7,11.299999999999997,40.0,49.0,34.0,41.5,-1.5,-12.799999999999997
da-15-8--rep-002--full-offline-rubric,da-15-8,2,full-offline-rubric,full,offline_elicitation,54.4,53.0,42.0,47.5,6.899999999999999,100.0,90.0,90.0,90.0,10.0,3.1000000000000014
da-15-8--rep-002--full-static,da-15-8,2,full-static,full,fixed,60.0,53.0,42.0,47.5,12.5,93.0,93.0,91.0,92.0,1.0,-11.5
da-15-8--rep-002--score-only-offline-rubric,da-15-8,2,score-only-offline-rubric,score_only,offline_elicitation,60.0,53.0,42.0,47.5,12.5,60.0,53.0,40.0,46.5,13.5,1.0
da-15-8--rep-002--score-only-online-rubric,da-15-8,2,score-only-online-rubric,score_only,online_elicitation,58.0,50.6,37.6,44.1,13.899999999999999,55.4,53.0,40.0,46.5,8.899999999999999,-5.0
da-15-8--rep-002--semi-online-rubric,da-15-8,2,semi-online-rubric,semi,online_elicitation,51.4,47.0,36.0,41.5,9.899999999999999,64.0,59.8,51.0,55.4,8.600000000000001,-1.2999999999999972
da-15-8--rep-002--semi-static,da-15-8,2,semi-static,semi,fixed,60.0,53.0,42.0,47.5,12.5,78.0,63.0,58.6,60.8,17.200000000000003,4.700000000000003
da-15-8--rep-002--user-simulator-offline-rubric,da-15-8,2,user-simulator-offline-rubric,user_simulator,offline_elicitation,58.0,50.6,42.0,46.3,11.700000000000003,50.4,51.0,42.6,46.8,3.6000000000000014,-8.100000000000001
da-15-8--rep-002--user-simulator-online-rubric,da-15-8,2,user-simulator-online-rubric,user_simulator,online_elicitation,56.0,51.0,40.0,45.5,10.5,60.0,43.0,32.0,37.5,22.5,12.0
da-15-8--rep-003--full-offline-rubric,da-15-8,3,full-offline-rubric,full,offline_elicitation,60.0,53.0,40.0,46.5,13.5,100.0,100.0,100.0,100.0,0.0,-13.5
da-15-8--rep-003--full-online-rubric,da-15-8,3,full-online-rubric,full,online_elicitation,60.0,47.8,40.0,43.9,16.1,100.0,90.0,94.4,92.2,7.799999999999997,-8.300000000000004
da-15-8--rep-003--score-only-offline-rubric,da-15-8,3,score-only-offline-rubric,score_only,offline_elicitation,59.6,51.0,38.8,44.9,14.700000000000003,60.0,51.0,40.0,45.5,14.5,-0.20000000000000284
da-15-8--rep-003--score-only-online-rubric,da-15-8,3,score-only-online-rubric,score_only,online_elicitation,57.2,36.0,38.0,37.0,20.200000000000003,52.8,52.0,39.2,45.6,7.199999999999996,-13.000000000000007
da-15-8--rep-003--semi-offline-rubric,da-15-8,3,semi-offline-rubric,semi,offline_elicitation,60.0,51.0,38.4,44.7,15.299999999999997,80.0,63.0,50.6,56.8,23.200000000000003,7.900000000000006
da-15-8--rep-003--semi-online-rubric,da-15-8,3,semi-online-rubric,semi,online_elicitation,58.0,48.4,34.8,41.599999999999994,16.400000000000006,74.0,61.8,54.2,58.0,16.0,-0.4000000000000057
da-15-8--rep-003--semi-static,da-15-8,3,semi-static,semi,fixed,60.0,47.8,40.0,43.9,16.1,73.0,50.0,51.6,50.8,22.200000000000003,6.100000000000001
da-15-8--rep-003--user-simulator-offline-rubric,da-15-8,3,user-simulator-offline-rubric,user_simulator,offline_elicitation,60.0,53.0,40.0,46.5,13.5,58.0,53.0,42.6,47.8,10.200000000000003,-3.299999999999997
da-16-1--rep-001--full-online-rubric,da-16-1,1,full-online-rubric,full,online_elicitation,78.6,67.6,65.0,66.3,12.299999999999997,94.0,83.0,81.8,82.4,11.599999999999994,-0.7000000000000028
da-16-1--rep-001--full-static,da-16-1,1,full-static,full,fixed,85.0,69.0,68.2,68.6,16.400000000000006,92.0,79.2,73.4,76.30000000000001,15.699999999999989,-0.700000000000017
da-16-1--rep-001--score-only-online-rubric,da-16-1,1,score-only-online-rubric,score_only,online_elicitation,73.0,63.0,64.2,63.6,9.399999999999999,87.0,73.0,74.0,73.5,13.5,4.100000000000001
da-16-1--rep-001--score-only-static,da-16-1,1,score-only-static,score_only,fixed,85.0,69.0,68.2,68.6,16.400000000000006,89.0,76.0,77.8,76.9,12.099999999999994,-4.300000000000011
da-16-1--rep-001--semi-online-rubric,da-16-1,1,semi-online-rubric,semi,online_elicitation,78.0,72.0,68.8,70.4,7.599999999999994,100.0,87.0,86.0,86.5,13.5,5.900000000000006
da-16-1--rep-001--user-simulator-static,da-16-1,1,user-simulator-static,user_simulator,fixed,85.0,69.0,68.2,68.6,16.400000000000006,84.0,69.6,64.8,67.19999999999999,16.80000000000001,0.4000000000000057
da-16-1--rep-002--full-online-rubric,da-16-1,2,full-online-rubric,full,online_elicitation,73.0,56.0,46.4,51.2,21.799999999999997,92.8,86.4,83.2,84.80000000000001,7.999999999999986,-13.800000000000011
da-16-1--rep-002--full-static,da-16-1,2,full-static,full,fixed,79.4,60.0,59.6,59.8,19.60000000000001,100.0,97.0,97.4,97.2,2.799999999999997,-16.80000000000001
da-16-1--rep-002--score-only-offline-rubric,da-16-1,2,score-only-offline-rubric,score_only,offline_elicitation,73.0,57.2,52.8,55.0,18.0,96.2,80.0,84.8,82.4,13.799999999999997,-4.200000000000003
da-16-1--rep-002--score-only-online-rubric,da-16-1,2,score-only-online-rubric,score_only,online_elicitation,80.0,58.0,61.0,59.5,20.5,94.2,77.0,83.8,80.4,13.799999999999997,-6.700000000000003
da-16-1--rep-002--score-only-static,da-16-1,2,score-only-static,score_only,fixed,79.4,60.0,59.6,59.8,19.60000000000001,98.0,86.4,87.0,86.7,11.299999999999997,-8.300000000000011
da-16-1--rep-002--semi-offline-rubric,da-16-1,2,semi-offline-rubric,semi,offline_elicitation,79.4,60.0,59.6,59.8,19.60000000000001,97.0,98.0,81.2,89.6,7.400000000000006,-12.200000000000003
da-16-1--rep-002--semi-online-rubric,da-16-1,2,semi-online-rubric,semi,online_elicitation,77.6,56.0,52.0,54.0,23.599999999999994,92.0,90.0,78.4,84.2,7.799999999999997,-15.799999999999997
da-16-1--rep-002--semi-static,da-16-1,2,semi-static,semi,fixed,79.4,60.0,59.6,59.8,19.60000000000001,98.4,94.0,85.8,89.9,8.5,-11.100000000000009
da-16-1--rep-002--user-simulator-offline-rubric,da-16-1,2,user-simulator-offline-rubric,user_simulator,offline_elicitation,75.0,60.0,54.2,57.1,17.9,84.0,80.0,73.4,76.7,7.299999999999997,-10.600000000000001
da-16-1--rep-002--user-simulator-online-rubric,da-16-1,2,user-simulator-online-rubric,user_simulator,online_elicitation,73.0,57.6,48.8,53.2,19.799999999999997,80.0,80.0,72.0,76.0,4.0,-15.799999999999997
da-16-1--rep-002--user-simulator-static,da-16-1,2,user-simulator-static,user_simulator,fixed,79.4,60.0,59.6,59.8,19.60000000000001,84.0,69.6,71.4,70.5,13.5,-6.1000000000000085
da-16-1--rep-003--full-offline-rubric,da-16-1,3,full-offline-rubric,full,offline_elicitation,77.0,78.4,69.2,73.80000000000001,3.1999999999999886,100.0,100.0,91.8,95.9,4.099999999999994,0.9000000000000057
da-16-1--rep-003--full-static,da-16-1,3,full-static,full,fixed,77.0,78.4,69.2,73.80000000000001,3.1999999999999886,100.0,99.0,84.4,91.7,8.299999999999997,5.1000000000000085
da-16-1--rep-003--score-only-static,da-16-1,3,score-only-static,score_only,fixed,77.0,78.4,69.2,73.80000000000001,3.1999999999999886,90.0,90.8,79.8,85.3,4.700000000000003,1.5000000000000142
da-16-1--rep-003--semi-offline-rubric,da-16-1,3,semi-offline-rubric,semi,offline_elicitation,82.0,82.8,69.4,76.1,5.900000000000006,100.0,100.0,88.8,94.4,5.599999999999994,-0.30000000000001137
da-16-1--rep-003--user-simulator-offline-rubric,da-16-1,3,user-simulator-offline-rubric,user_simulator,offline_elicitation,77.0,78.4,69.2,73.80000000000001,3.1999999999999886,85.0,77.0,69.4,73.2,11.799999999999997,8.600000000000009
da-16-1--rep-003--user-simulator-online-rubric,da-16-1,3,user-simulator-online-rubric,user_simulator,online_elicitation,80.2,83.0,71.0,77.0,3.200000000000003,78.8,65.0,60.8,62.9,15.899999999999999,12.699999999999996
da-16-1--rep-003--user-simulator-static,da-16-1,3,user-simulator-static,user_simulator,fixed,77.0,78.4,69.2,73.80000000000001,3.1999999999999886,80.2,66.0,56.6,61.3,18.900000000000006,15.700000000000017
da-18-5--rep-001--full-offline-rubric,da-18-5,1,full-offline-rubric,full,offline_elicitation,32.4,13.4,4.4,8.9,23.5,100.0,100.0,100.0,100.0,0.0,-23.5
da-18-5--rep-001--full-online-rubric,da-18-5,1,full-online-rubric,full,online_elicitation,29.0,7.8,6.2,7.0,22.0,100.0,98.4,98.8,98.6,1.4000000000000057,-20.599999999999994
da-18-5--rep-001--full-static,da-18-5,1,full-static,full,fixed,26.2,16.0,10.8,13.4,12.799999999999999,100.0,100.0,98.0,99.0,1.0,-11.799999999999999
da-18-5--rep-001--score-only-offline-rubric,da-18-5,1,score-only-offline-rubric,score_only,offline_elicitation,33.8,13.6,7.0,10.3,23.499999999999996,30.6,13.6,9.6,11.6,19.0,-4.4999999999999964
da-18-5--rep-001--score-only-static,da-18-5,1,score-only-static,score_only,fixed,26.2,16.0,10.8,13.4,12.799999999999999,35.0,14.0,10.0,12.0,23.0,10.200000000000001
da-18-5--rep-001--semi-online-rubric,da-18-5,1,semi-online-rubric,semi,online_elicitation,30.6,6.6,5.0,5.8,24.8,49.0,32.6,35.6,34.1,14.899999999999999,-9.900000000000002
da-18-5--rep-001--semi-static,da-18-5,1,semi-static,semi,fixed,26.2,16.0,10.8,13.4,12.799999999999999,36.0,19.4,26.6,23.0,13.0,0.20000000000000107
da-18-5--rep-001--user-simulator-offline-rubric,da-18-5,1,user-simulator-offline-rubric,user_simulator,offline_elicitation,26.2,16.0,10.8,13.4,12.799999999999999,29.4,9.8,8.4,9.100000000000001,20.299999999999997,7.499999999999998
da-18-5--rep-001--user-simulator-online-rubric,da-18-5,1,user-simulator-online-rubric,user_simulator,online_elicitation,27.6,5.8,3.0,4.4,23.200000000000003,17.6,2.0,10.0,6.0,11.600000000000001,-11.600000000000001
da-18-5--rep-002--full-offline-rubric,da-18-5,2,full-offline-rubric,full,offline_elicitation,32.4,24.0,9.4,16.7,15.7,100.0,100.0,98.0,99.0,1.0,-14.7
da-18-5--rep-002--full-online-rubric,da-18-5,2,full-online-rubric,full,online_elicitation,28.0,15.8,8.8,12.3,15.7,95.2,73.0,74.0,73.5,21.700000000000003,6.0000000000000036
da-18-5--rep-002--full-static,da-18-5,2,full-static,full,fixed,30.4,15.0,7.6,11.3,19.099999999999998,100.0,100.0,100.0,100.0,0.0,-19.099999999999998
da-18-5--rep-002--score-only-offline-rubric,da-18-5,2,score-only-offline-rubric,score_only,offline_elicitation,27.8,13.2,3.4,8.299999999999999,19.5,26.0,2.8,6.0,4.4,21.6,2.1000000000000014
da-18-5--rep-002--score-only-static,da-18-5,2,score-only-static,score_only,fixed,30.4,15.0,7.6,11.3,19.099999999999998,24.6,22.0,9.0,15.5,9.100000000000001,-9.999999999999996
da-18-5--rep-002--semi-static,da-18-5,2,semi-static,semi,fixed,30.4,15.0,7.6,11.3,19.099999999999998,39.2,26.4,34.6,30.5,8.700000000000003,-10.399999999999995
da-18-5--rep-002--user-simulator-offline-rubric,da-18-5,2,user-simulator-offline-rubric,user_simulator,offline_elicitation,30.4,15.0,7.6,11.3,19.099999999999998,17.4,17.6,9.0,13.3,4.099999999999998,-15.0
da-18-5--rep-002--user-simulator-online-rubric,da-18-5,2,user-simulator-online-rubric,user_simulator,online_elicitation,26.4,20.0,11.6,15.8,10.599999999999998,19.0,10.6,9.0,9.8,9.2,-1.3999999999999986
da-18-5--rep-002--user-simulator-static,da-18-5,2,user-simulator-static,user_simulator,fixed,30.4,15.0,7.6,11.3,19.099999999999998,14.0,14.2,10.4,12.3,1.6999999999999993,-17.4
da-18-5--rep-003--full-offline-rubric,da-18-5,3,full-offline-rubric,full,offline_elicitation,20.0,1.2,9.8,5.5,14.5,100.0,98.0,90.0,94.0,6.0,-8.5
da-18-5--rep-003--full-static,da-18-5,3,full-static,full,fixed,24.4,7.6,8.8,8.2,16.2,100.0,88.2,67.2,77.7,22.299999999999997,6.099999999999998
da-18-5--rep-003--score-only-offline-rubric,da-18-5,3,score-only-offline-rubric,score_only,offline_elicitation,14.0,2.6,10.8,6.7,7.3,13.4,3.6,9.8,6.7,6.7,-0.5999999999999996
da-18-5--rep-003--score-only-static,da-18-5,3,score-only-static,score_only,fixed,24.4,7.6,8.8,8.2,16.2,29.6,11.2,6.4,8.8,20.8,4.600000000000001
da-18-5--rep-003--semi-online-rubric,da-18-5,3,semi-online-rubric,semi,online_elicitation,23.8,3.4,8.6,6.0,17.8,37.2,22.8,24.6,23.700000000000003,13.5,-4.300000000000001
da-18-5--rep-003--semi-static,da-18-5,3,semi-static,semi,fixed,24.4,7.6,8.8,8.2,16.2,44.6,19.6,26.0,22.8,21.8,5.600000000000001
da-18-5--rep-003--user-simulator-static,da-18-5,3,user-simulator-static,user_simulator,fixed,24.4,7.6,8.8,8.2,16.2,14.8,5.0,8.4,6.7,8.100000000000001,-8.099999999999998
da-18-7--rep-001--full-online-rubric,da-18-7,1,full-online-rubric,full,online_elicitation,46.6,45.0,54.0,49.5,-2.8999999999999986,100.0,94.0,99.6,96.8,3.200000000000003,6.100000000000001
da-18-7--rep-001--score-only-offline-rubric,da-18-7,1,score-only-offline-rubric,score_only,offline_elicitation,47.0,45.4,49.6,47.5,-0.5,47.0,43.8,52.2,48.0,-1.0,-0.5
da-18-7--rep-001--score-only-online-rubric,da-18-7,1,score-only-online-rubric,score_only,online_elicitation,47.4,44.2,55.4,49.8,-2.3999999999999986,59.8,45.4,60.2,52.8,7.0,9.399999999999999
da-18-7--rep-001--score-only-static,da-18-7,1,score-only-static,score_only,fixed,47.0,43.0,51.6,47.3,-0.29999999999999716,35.0,38.8,42.0,40.4,-5.399999999999999,-5.100000000000001
da-18-7--rep-001--semi-online-rubric,da-18-7,1,semi-online-rubric,semi,online_elicitation,51.4,45.0,45.8,45.4,6.0,67.4,57.0,72.2,64.6,2.8000000000000114,-3.1999999999999886
da-18-7--rep-001--semi-static,da-18-7,1,semi-static,semi,fixed,47.0,43.0,51.6,47.3,-0.29999999999999716,66.0,57.0,65.0,61.0,5.0,5.299999999999997
da-18-7--rep-001--user-simulator-offline-rubric,da-18-7,1,user-simulator-offline-rubric,user_simulator,offline_elicitation,53.4,40.6,53.4,47.0,6.399999999999999,57.0,39.4,59.0,49.2,7.799999999999997,1.3999999999999986
da-18-7--rep-001--user-simulator-online-rubric,da-18-7,1,user-simulator-online-rubric,user_simulator,online_elicitation,59.0,45.0,52.2,48.6,10.399999999999999,55.0,47.0,52.6,49.8,5.200000000000003,-5.199999999999996
da-18-7--rep-001--user-simulator-static,da-18-7,1,user-simulator-static,user_simulator,fixed,47.0,43.0,51.6,47.3,-0.29999999999999716,50.0,40.6,53.4,47.0,3.0,3.299999999999997
da-18-7--rep-002--full-online-rubric,da-18-7,2,full-online-rubric,full,online_elicitation,50.0,39.8,47.2,43.5,6.5,100.0,100.0,100.0,100.0,0.0,-6.5
da-18-7--rep-002--full-static,da-18-7,2,full-static,full,fixed,38.0,46.0,43.0,44.5,-6.5,100.0,100.0,100.0,100.0,0.0,6.5
da-18-7--rep-002--score-only-online-rubric,da-18-7,2,score-only-online-rubric,score_only,online_elicitation,44.0,47.0,50.4,48.7,-4.700000000000003,54.0,47.0,56.0,51.5,2.5,7.200000000000003
da-18-7--rep-002--score-only-static,da-18-7,2,score-only-static,score_only,fixed,38.0,46.0,43.0,44.5,-6.5,43.0,40.4,48.0,44.2,-1.2000000000000028,5.299999999999997
da-18-7--rep-002--semi-offline-rubric,da-18-7,2,semi-offline-rubric,semi,offline_elicitation,56.0,47.0,50.4,48.7,7.299999999999997,65.0,67.0,73.4,70.2,-5.200000000000003,-12.5
da-18-7--rep-002--semi-online-rubric,da-18-7,2,semi-online-rubric,semi,online_elicitation,50.0,47.0,51.0,49.0,1.0,59.0,63.0,65.8,64.4,-5.400000000000006,-6.400000000000006
da-18-7--rep-002--user-simulator-online-rubric,da-18-7,2,user-simulator-online-rubric,user_simulator,online_elicitation,50.0,45.0,48.6,46.8,3.200000000000003,52.2,47.0,55.0,51.0,1.2000000000000028,-2.0
da-18-7--rep-003--full-online-rubric,da-18-7,3,full-online-rubric,full,online_elicitation,55.0,44.2,62.6,53.400000000000006,1.5999999999999943,100.0,92.0,100.0,96.0,4.0,2.4000000000000057
da-18-7--rep-003--full-static,da-18-7,3,full-static,full,fixed,56.0,39.0,54.0,46.5,9.5,100.0,100.0,98.4,99.2,0.7999999999999972,-8.700000000000003
da-18-7--rep-003--score-only-offline-rubric,da-18-7,3,score-only-offline-rubric,score_only,offline_elicitation,51.0,39.0,57.0,48.0,3.0,65.0,55.0,61.0,58.0,7.0,4.0
da-18-7--rep-003--score-only-online-rubric,da-18-7,3,score-only-online-rubric,score_only,online_elicitation,51.8,39.8,48.8,44.3,7.5,61.0,53.0,52.0,52.5,8.5,1.0
da-18-7--rep-003--score-only-static,da-18-7,3,score-only-static,score_only,fixed,56.0,39.0,54.0,46.5,9.5,61.0,47.2,65.0,56.1,4.899999999999999,-4.600000000000001
da-18-7--rep-003--semi-online-rubric,da-18-7,3,semi-online-rubric,semi,online_elicitation,57.0,45.0,54.8,49.9,7.100000000000001,78.0,85.0,83.0,84.0,-6.0,-13.100000000000001
da-18-7--rep-003--semi-static,da-18-7,3,semi-static,semi,fixed,56.0,39.0,54.0,46.5,9.5,77.0,57.0,64.0,60.5,16.5,7.0
da-18-7--rep-003--user-simulator-offline-rubric,da-18-7,3,user-simulator-offline-rubric,user_simulator,offline_elicitation,58.0,39.8,59.0,49.4,8.600000000000001,53.0,42.0,52.2,47.1,5.899999999999999,-2.700000000000003
da-18-7--rep-003--user-simulator-online-rubric,da-18-7,3,user-simulator-online-rubric,user_simulator,online_elicitation,46.0,38.6,51.4,45.0,1.0,54.2,38.8,45.0,41.9,12.300000000000004,11.300000000000004
da-18-7--rep-003--user-simulator-static,da-18-7,3,user-simulator-static,user_simulator,fixed,56.0,39.0,54.0,46.5,9.5,51.0,46.6,44.0,45.3,5.700000000000003,-3.799999999999997
da-19-1--rep-001--full-static,da-19-1,1,full-static,full,fixed,61.0,50.2,51.0,50.6,10.399999999999999,96.0,97.2,100.0,98.6,-2.5999999999999943,-12.999999999999993
da-19-1--rep-001--score-only-offline-rubric,da-19-1,1,score-only-offline-rubric,score_only,offline_elicitation,46.8,35.6,48.4,42.0,4.799999999999997,51.0,45.8,50.8,48.3,2.700000000000003,-2.0999999999999943
da-19-1--rep-001--score-only-static,da-19-1,1,score-only-static,score_only,fixed,61.0,50.2,51.0,50.6,10.399999999999999,61.0,46.4,47.0,46.7,14.299999999999997,3.8999999999999986
da-19-1--rep-001--semi-offline-rubric,da-19-1,1,semi-offline-rubric,semi,offline_elicitation,61.0,50.2,51.0,50.6,10.399999999999999,67.2,61.0,53.6,57.3,9.900000000000006,-0.4999999999999929
da-19-1--rep-001--semi-static,da-19-1,1,semi-static,semi,fixed,61.0,50.2,51.0,50.6,10.399999999999999,76.0,76.0,68.8,72.4,3.5999999999999943,-6.800000000000004
da-19-1--rep-001--user-simulator-static,da-19-1,1,user-simulator-static,user_simulator,fixed,61.0,50.2,51.0,50.6,10.399999999999999,66.4,58.6,52.2,55.400000000000006,11.0,0.6000000000000014
da-19-1--rep-002--full-offline-rubric,da-19-1,2,full-offline-rubric,full,offline_elicitation,52.8,58.0,58.4,58.2,-5.400000000000006,100.0,100.0,100.0,100.0,0.0,5.400000000000006
da-19-1--rep-002--full-online-rubric,da-19-1,2,full-online-rubric,full,online_elicitation,52.8,57.2,58.2,57.7,-4.900000000000006,97.0,100.0,100.0,100.0,-3.0,1.9000000000000057
da-19-1--rep-002--full-static,da-19-1,2,full-static,full,fixed,65.6,55.4,55.4,55.4,10.199999999999996,100.0,95.0,100.0,97.5,2.5,-7.699999999999996
da-19-1--rep-002--score-only-online-rubric,da-19-1,2,score-only-online-rubric,score_only,online_elicitation,52.6,58.0,54.6,56.3,-3.6999999999999957,55.2,45.8,55.2,50.5,4.700000000000003,8.399999999999999
da-19-1--rep-002--semi-offline-rubric,da-19-1,2,semi-offline-rubric,semi,offline_elicitation,57.4,58.0,58.6,58.3,-0.8999999999999986,71.0,65.0,77.2,71.1,-0.09999999999999432,0.8000000000000043
da-19-1--rep-002--semi-online-rubric,da-19-1,2,semi-online-rubric,semi,online_elicitation,47.8,57.2,52.0,54.6,-6.800000000000004,61.8,62.6,67.8,65.2,-3.4000000000000057,3.3999999999999986
da-19-1--rep-002--semi-static,da-19-1,2,semi-static,semi,fixed,65.6,55.4,55.4,55.4,10.199999999999996,74.0,70.2,67.0,68.6,5.400000000000006,-4.79999999999999
da-19-1--rep-002--user-simulator-online-rubric,da-19-1,2,user-simulator-online-rubric,user_simulator,online_elicitation,54.8,60.0,54.4,57.2,-2.4000000000000057,47.8,56.0,50.0,53.0,-5.200000000000003,-2.799999999999997
da-19-1--rep-003--full-offline-rubric,da-19-1,3,full-offline-rubric,full,offline_elicitation,52.0,49.4,40.2,44.8,7.200000000000003,100.0,100.0,100.0,100.0,0.0,-7.200000000000003
da-19-1--rep-003--full-static,da-19-1,3,full-static,full,fixed,52.8,44.6,40.6,42.6,10.199999999999996,95.0,95.0,98.0,96.5,-1.5,-11.699999999999996
da-19-1--rep-003--score-only-static,da-19-1,3,score-only-static,score_only,fixed,52.8,44.6,40.6,42.6,10.199999999999996,60.4,47.0,48.2,47.6,12.799999999999997,2.6000000000000014
da-19-1--rep-003--semi-offline-rubric,da-19-1,3,semi-offline-rubric,semi,offline_elicitation,53.0,46.0,37.6,41.8,11.200000000000003,76.0,72.0,62.4,67.2,8.799999999999997,-2.4000000000000057
da-19-1--rep-003--semi-static,da-19-1,3,semi-static,semi,fixed,52.8,44.6,40.6,42.6,10.199999999999996,71.0,59.0,68.0,63.5,7.5,-2.6999999999999957
da-19-1--rep-003--user-simulator-offline-rubric,da-19-1,3,user-simulator-offline-rubric,user_simulator,offline_elicitation,52.8,44.6,40.6,42.6,10.199999999999996,69.0,46.0,53.6,49.8,19.200000000000003,9.000000000000007
da-19-1--rep-003--user-simulator-online-rubric,da-19-1,3,user-simulator-online-rubric,user_simulator,online_elicitation,48.6,45.8,34.8,40.3,8.300000000000004,52.8,45.0,49.6,47.3,5.5,-2.8000000000000043
da-19-1--rep-003--user-simulator-static,da-19-1,3,user-simulator-static,user_simulator,fixed,52.8,44.6,40.6,42.6,10.199999999999996,54.2,44.6,61.4,53.0,1.2000000000000028,-8.999999999999993
da-19-6--rep-001--full-offline-rubric,da-19-6,1,full-offline-rubric,full,offline_elicitation,29.0,18.2,12.8,15.5,13.5,79.0,79.0,80.6,79.8,-0.7999999999999972,-14.299999999999997
da-19-6--rep-001--full-static,da-19-6,1,full-static,full,fixed,30.6,24.0,17.4,20.7,9.900000000000002,79.0,74.0,73.4,73.7,5.299999999999997,-4.600000000000005
da-19-6--rep-001--score-only-offline-rubric,da-19-6,1,score-only-offline-rubric,score_only,offline_elicitation,25.4,20.0,12.2,16.1,9.299999999999997,29.4,26.0,21.6,23.8,5.599999999999998,-3.6999999999999993
da-19-6--rep-001--score-only-static,da-19-6,1,score-only-static,score_only,fixed,30.6,24.0,17.4,20.7,9.900000000000002,32.0,24.0,22.6,23.3,8.7,-1.2000000000000028
da-19-6--rep-001--semi-offline-rubric,da-19-6,1,semi-offline-rubric,semi,offline_elicitation,30.6,24.0,17.4,20.7,9.900000000000002,47.0,31.0,37.4,34.2,12.799999999999997,2.899999999999995
da-19-6--rep-001--semi-online-rubric,da-19-6,1,semi-online-rubric,semi,online_elicitation,29.8,19.0,13.0,16.0,13.8,66.2,56.0,53.0,54.5,11.700000000000003,-2.099999999999998
da-19-6--rep-001--user-simulator-offline-rubric,da-19-6,1,user-simulator-offline-rubric,user_simulator,offline_elicitation,30.6,24.0,17.4,20.7,9.900000000000002,24.0,24.0,17.0,20.5,3.5,-6.400000000000002
da-19-6--rep-001--user-simulator-online-rubric,da-19-6,1,user-simulator-online-rubric,user_simulator,online_elicitation,27.0,14.6,8.4,11.5,15.5,25.0,12.0,18.6,15.3,9.7,-5.800000000000001
da-19-6--rep-001--user-simulator-static,da-19-6,1,user-simulator-static,user_simulator,fixed,30.6,24.0,17.4,20.7,9.900000000000002,20.0,12.0,17.0,14.5,5.5,-4.400000000000002
da-19-6--rep-002--full-offline-rubric,da-19-6,2,full-offline-rubric,full,offline_elicitation,34.2,12.0,17.0,14.5,19.700000000000003,58.0,38.2,58.0,48.1,9.899999999999999,-9.800000000000004
da-19-6--rep-002--score-only-offline-rubric,da-19-6,2,score-only-offline-rubric,score_only,offline_elicitation,33.4,17.4,21.6,19.5,13.899999999999999,35.2,30.0,49.6,39.8,-4.599999999999994,-18.499999999999993
da-19-6--rep-002--score-only-static,da-19-6,2,score-only-static,score_only,fixed,33.4,17.4,21.6,19.5,13.899999999999999,27.2,19.0,24.0,21.5,5.699999999999999,-8.2
da-19-6--rep-002--semi-offline-rubric,da-19-6,2,semi-offline-rubric,semi,offline_elicitation,27.0,14.0,19.2,16.6,10.399999999999999,81.2,74.0,65.0,69.5,11.700000000000003,1.3000000000000043
da-19-6--rep-002--semi-online-rubric,da-19-6,2,semi-online-rubric,semi,online_elicitation,27.4,12.0,19.0,15.5,11.899999999999999,79.0,54.0,64.4,59.2,19.799999999999997,7.899999999999999
da-19-6--rep-002--user-simulator-static,da-19-6,2,user-simulator-static,user_simulator,fixed,33.4,17.4,21.6,19.5,13.899999999999999,27.8,12.0,17.6,14.8,13.0,-0.8999999999999986
da-19-6--rep-003--full-offline-rubric,da-19-6,3,full-offline-rubric,full,offline_elicitation,27.0,13.6,17.0,15.3,11.7,79.0,78.0,73.4,75.7,3.299999999999997,-8.400000000000002
da-19-6--rep-003--full-static,da-19-6,3,full-static,full,fixed,35.0,14.0,22.0,18.0,17.0,87.0,79.0,81.8,80.4,6.599999999999994,-10.400000000000006
da-19-6--rep-003--score-only-offline-rubric,da-19-6,3,score-only-offline-rubric,score_only,offline_elicitation,30.4,13.0,23.2,18.1,12.299999999999997,33.0,14.0,25.4,19.7,13.3,1.0000000000000036
da-19-6--rep-003--score-only-static,da-19-6,3,score-only-static,score_only,fixed,35.0,14.0,22.0,18.0,17.0,31.0,24.2,30.4,27.299999999999997,3.700000000000003,-13.299999999999997
da-19-6--rep-003--semi-online-rubric,da-19-6,3,semi-online-rubric,semi,online_elicitation,25.0,8.4,18.2,13.3,11.7,83.0,70.0,84.2,77.1,5.900000000000006,-5.799999999999994
da-19-6--rep-003--user-simulator-offline-rubric,da-19-6,3,user-simulator-offline-rubric,user_simulator,offline_elicitation,27.0,14.0,20.2,17.1,9.899999999999999,29.0,10.8,21.6,16.200000000000003,12.799999999999997,2.8999999999999986
