case,task,replicate,W,S_Sol,S_Opus,W_minus_S,selected,corrective,proactive,scored_feedback_opportunities,root,R1_opportunity,R2_opportunity
da-11-1/rep-001,da-11-1,1,46.0,27.0,40.0,12.5,5,3,2,10,/data/user_data/aydanh/rubric_gen/runs/trace-attack-defense-v3-20260911/control-v21-compatible/da-11-1/study/biomnibench-da-factorial-r10-dddf5e1c5878/experiments/da-11-1/rep-001/luna/user-simulator-red-team-trace,True,True
da-11-1/rep-002,da-11-1,2,88.0,68.0,68.0,20.0,2,1,1,10,/data/user_data/aydanh/rubric_gen/runs/trace-attack-defense-v3-20260911/control-v21-compatible/da-11-1/study/biomnibench-da-factorial-r10-dddf5e1c5878/experiments/da-11-1/rep-002/luna/user-simulator-red-team-trace,True,True
da-11-1/rep-003,da-11-1,3,87.0,73.0,73.0,14.0,2,0,2,10,/data/user_data/aydanh/rubric_gen/runs/trace-attack-defense-v3-20260911/control-v21-compatible/da-11-1/study/biomnibench-da-factorial-r10-dddf5e1c5878/experiments/da-11-1/rep-003/luna/user-simulator-red-team-trace,True,True
da-18-1/rep-001,da-18-1,1,100.0,100.0,100.0,0.0,1,1,0,5,/data/user_data/aydanh/rubric_gen/runs/trace-attack-defense-v3-20260911/control-v21-compatible/da-18-1/study/biomnibench-da-factorial-r10-e44e429b51a6/experiments/da-18-1/rep-001/luna/user-simulator-red-team-trace,False,True
da-18-1/rep-002,da-18-1,2,100.0,100.0,100.0,0.0,4,0,4,5,/data/user_data/aydanh/rubric_gen/runs/trace-attack-defense-v3-20260911/control-v21-compatible/da-18-1/study/biomnibench-da-factorial-r10-e44e429b51a6/experiments/da-18-1/rep-002/luna/user-simulator-red-team-trace,True,True
da-18-1/rep-003,da-18-1,3,100.0,90.0,90.0,10.0,5,1,4,7,/data/user_data/aydanh/rubric_gen/runs/trace-attack-defense-v3-20260911/control-v21-compatible/da-18-1/study/biomnibench-da-factorial-r10-e44e429b51a6/experiments/da-18-1/rep-003/luna/user-simulator-red-team-trace,True,True
da-3-4/rep-001,da-3-4,1,100.0,89.0,100.0,5.5,4,1,3,5,/data/user_data/aydanh/rubric_gen/runs/trace-attack-defense-v3-20260911/control-v21-compatible/da-3-4/study/biomnibench-da-factorial-r10-62e39def3939/experiments/da-3-4/rep-001/luna/user-simulator-red-team-trace,True,True
da-3-4/rep-002,da-3-4,2,100.0,100.0,100.0,0.0,2,0,2,5,/data/user_data/aydanh/rubric_gen/runs/trace-attack-defense-v3-20260911/control-v21-compatible/da-3-4/study/biomnibench-da-factorial-r10-62e39def3939/experiments/da-3-4/rep-002/luna/user-simulator-red-team-trace,True,True
da-3-4/rep-003,da-3-4,3,100.0,100.0,89.0,5.5,4,1,3,5,/data/user_data/aydanh/rubric_gen/runs/trace-attack-defense-v3-20260911/control-v21-compatible/da-3-4/study/biomnibench-da-factorial-r10-62e39def3939/experiments/da-3-4/rep-003/luna/user-simulator-red-team-trace,True,True
