task_id,replicate,W,W_train,S,H,A,W_minus_S,W_minus_A,S_minus_H,H_minus_A,primary_mechanism,mechanism_basis,v3_selected_turns,v3_emitted_turns,v3_concern_count,v3_raw_proactive_only_revisions,v3_effective_proactive_only_revisions,v21_concern_count,v3_application_states
da-15-1,1,-23.0,-23.0,-20.5,-20.5,-18.5,-2.5,-4.5,0.0,-2.0,DYNAMIC_OVERSTEER,a proactive selected rule competed with User concerns on a paired S decline,1,0,16,0,0,12,"{""online_updates"": 7, ""online_proposals"": 6, ""online_admissions"": 2, ""diagnosis:NO_SUPPORTED_RELATION"": 7, ""diagnosis:PREFERENCE_CONFLICT"": 1, ""diagnosis:ADD"": 6, ""candidate_reviews"": 6, ""required_applications_appearances"": 74, ""application_appearance:applicable"": 74, ""sidecars"": 7, ""nonidentical_sidecars"": 7}"
da-15-1,2,-13.0,-13.0,5.0,-6.666666666666686,-6,-18.0,-7.0,11.666666666666671,-0.6666666666666714,NO_REGRESSION,paired selected-rubric score did not decline,0,0,24,0,0,20,"{""online_updates"": 10, ""online_proposals"": 4, ""online_admissions"": 0, ""diagnosis:PREFERENCE_CONFLICT"": 11, ""diagnosis:ADD"": 4, ""candidate_reviews"": 4, ""required_applications_appearances"": 60, ""application_appearance:applicable"": 59, ""diagnosis:NO_SUPPORTED_RELATION"": 5, ""application_appearance:not_applicable"": 1, ""sidecars"": 10, ""nonidentical_sidecars"": 10}"
da-15-1,3,-5.0,-5.0,-6.5,-7.833333333333343,-21.5,1.5,16.5,1.3333333333333357,13.666666666666664,DYNAMIC_OVERSTEER,a proactive selected rule competed with User concerns on a paired S decline,3,0,27,0,0,22,"{""online_updates"": 9, ""online_proposals"": 13, ""online_admissions"": 3, ""diagnosis:NO_SUPPORTED_RELATION"": 3, ""diagnosis:ADD"": 13, ""candidate_reviews"": 13, ""required_applications_appearances"": 178, ""application_appearance:applicable"": 170, ""application_appearance:not_applicable"": 8, ""sidecars"": 9, ""nonidentical_sidecars"": 9}"
da-13-6,1,10.0,10.0,2.5,8.333333333333329,2.0,7.5,8.0,-5.833333333333336,6.333333333333336,NO_REGRESSION,paired selected-rubric score did not decline,2,0,11,1,0,19,"{""online_updates"": 5, ""online_proposals"": 6, ""online_admissions"": 2, ""diagnosis:ADD"": 5, ""candidate_reviews"": 6, ""required_applications_appearances"": 52, ""application_appearance:applicable"": 50, ""diagnosis:PREFERENCE_CONFLICT"": 3, ""diagnosis:NO_SUPPORTED_RELATION"": 1, ""diagnosis:REPLACE:elicited_3de60b49f6523a57"": 1, ""application_appearance:not_applicable"": 2, ""sidecars"": 5, ""nonidentical_sidecars"": 5}"
da-13-6,2,0.0,0.0,30.0,25.0,-15.0,-30.0,15.0,5.0000000000000036,40.0,NO_REGRESSION,paired selected-rubric score did not decline,1,0,5,0,0,5,"{""online_updates"": 5, ""online_proposals"": 4, ""online_admissions"": 1, ""diagnosis:ADD"": 2, ""diagnosis:PREFERENCE_CONFLICT"": 6, ""candidate_reviews"": 4, ""required_applications_appearances"": 35, ""application_appearance:applicable"": 19, ""application_appearance:not_applicable"": 16, ""diagnosis:REPLACE:elicited_d7f4416c2f89ee8b"": 2, ""sidecars"": 5, ""nonidentical_sidecars"": 5}"
da-13-6,3,10.0,10.0,22.5,14.166666666666671,-5.0,-12.5,15.0,8.333333333333329,19.16666666666667,NO_REGRESSION,paired selected-rubric score did not decline,2,1,23,0,0,10,"{""online_updates"": 10, ""online_proposals"": 10, ""online_admissions"": 2, ""diagnosis:ADD"": 9, ""diagnosis:PREFERENCE_CONFLICT"": 9, ""candidate_reviews"": 4, ""required_applications_appearances"": 41, ""application_appearance:applicable"": 35, ""application_appearance:not_applicable"": 6, ""diagnosis:REPLACE:elicited_8f6d795a0c402f8e"": 1, ""diagnosis:NO_SUPPORTED_RELATION"": 1, ""sidecars"": 10, ""nonidentical_sidecars"": 10}"
da-18-5,1,0.0,0.0,22.0,14.166666666666657,-3,-22.0,3.0,7.833333333333336,17.166666666666664,NO_REGRESSION,paired selected-rubric score did not decline,1,1,4,0,0,4,"{""online_updates"": 5, ""online_proposals"": 6, ""online_admissions"": 0, ""diagnosis:ADD"": 6, ""diagnosis:NO_SUPPORTED_RELATION"": 4, ""candidate_reviews"": 6, ""required_applications_appearances"": 51, ""application_appearance:applicable"": 51, ""sidecars"": 5, ""nonidentical_sidecars"": 5}"
da-18-5,2,0.0,0.0,-14.5,-8.5,9,14.5,-9.0,-6.0,-17.5,DYNAMIC_OVERSTEER,a proactive selected rule competed with User concerns on a paired S decline,3,0,4,0,0,10,"{""online_updates"": 5, ""online_proposals"": 5, ""online_admissions"": 2, ""diagnosis:PREFERENCE_CONFLICT"": 4, ""diagnosis:ADD"": 2, ""diagnosis:REPLACE:elicited_3ad510d661cd879f"": 3, ""candidate_reviews"": 5, ""required_applications_appearances"": 37, ""application_appearance:applicable"": 33, ""application_appearance:not_applicable"": 4, ""sidecars"": 5, ""nonidentical_sidecars"": 5}"
da-18-5,3,0.0,0.0,-15.5,-21.333333333333343,1,15.5,-1.0,5.833333333333336,-22.333333333333336,DYNAMIC_OVERSTEER,a proactive selected rule competed with User concerns on a paired S decline,2,0,5,0,0,5,"{""online_updates"": 5, ""online_proposals"": 2, ""online_admissions"": 2, ""diagnosis:ADD"": 2, ""diagnosis:PREFERENCE_CONFLICT"": 6, ""candidate_reviews"": 2, ""required_applications_appearances"": 15, ""application_appearance:applicable"": 15, ""diagnosis:NO_SUPPORTED_RELATION"": 2, ""sidecars"": 5, ""nonidentical_sidecars"": 5}"
