variant,task_id,replicate,generation,criterion_id,accepted,reason,first_failed_margin,source
v21,da-15-1,1,2,elicited_19107330f45b9b30,False,aggregate_margin_failed,"{""current_margin"": -15, ""pair_id"": ""pair_d17961106b181f3d"", ""passed"": false, ""prospective_margin"": -20, ""strict_improvement_required"": false, ""view"": ""active_rubric""}",/data/user_data/aydanh/rubric_gen/runs/trace-attack-defense-v3-20260911/stress-iter1/v21-control/da-15-1/study/biomnibench-da-factorial-r10-9a077f8c8346/experiments/da-15-1/rep-001/luna/user-simulator-red-team-trace/rubric-generations/generation-0002/aggregate-margins.json
v21,da-15-1,1,3,elicited_e869788f4c0b4bec,False,criterion_support_failed,null,/data/user_data/aydanh/rubric_gen/runs/trace-attack-defense-v3-20260911/stress-iter1/v21-control/da-15-1/study/biomnibench-da-factorial-r10-9a077f8c8346/experiments/da-15-1/rep-001/luna/user-simulator-red-team-trace/rubric-generations/generation-0003/aggregate-margins.json
v21,da-15-1,1,3,elicited_1001472658220e69,False,criterion_support_failed,null,/data/user_data/aydanh/rubric_gen/runs/trace-attack-defense-v3-20260911/stress-iter1/v21-control/da-15-1/study/biomnibench-da-factorial-r10-9a077f8c8346/experiments/da-15-1/rep-001/luna/user-simulator-red-team-trace/rubric-generations/generation-0003/aggregate-margins.json
v21,da-15-1,1,4,elicited_c277cec8f58c5b80,True,accepted,null,/data/user_data/aydanh/rubric_gen/runs/trace-attack-defense-v3-20260911/stress-iter1/v21-control/da-15-1/study/biomnibench-da-factorial-r10-9a077f8c8346/experiments/da-15-1/rep-001/luna/user-simulator-red-team-trace/rubric-generations/generation-0004/aggregate-margins.json
v21,da-15-1,1,4,elicited_dec52d72e0d875d5,False,aggregate_margin_failed,"{""current_margin"": 5, ""pair_id"": ""pair_aad148dfa3021ccb"", ""passed"": false, ""prospective_margin"": -5, ""strict_improvement_required"": false, ""view"": ""active_rubric""}",/data/user_data/aydanh/rubric_gen/runs/trace-attack-defense-v3-20260911/stress-iter1/v21-control/da-15-1/study/biomnibench-da-factorial-r10-9a077f8c8346/experiments/da-15-1/rep-001/luna/user-simulator-red-team-trace/rubric-generations/generation-0004/aggregate-margins.json
v21,da-15-1,1,5,elicited_c8bcd96bc3cda6ea,True,accepted,null,/data/user_data/aydanh/rubric_gen/runs/trace-attack-defense-v3-20260911/stress-iter1/v21-control/da-15-1/study/biomnibench-da-factorial-r10-9a077f8c8346/experiments/da-15-1/rep-001/luna/user-simulator-red-team-trace/rubric-generations/generation-0005/aggregate-margins.json
v21,da-15-1,1,6,elicited_9ce76f6460417916,False,criterion_support_failed,null,/data/user_data/aydanh/rubric_gen/runs/trace-attack-defense-v3-20260911/stress-iter1/v21-control/da-15-1/study/biomnibench-da-factorial-r10-9a077f8c8346/experiments/da-15-1/rep-001/luna/user-simulator-red-team-trace/rubric-generations/generation-0006/aggregate-margins.json
v21,da-15-1,1,7,elicited_b120a1c89cd264f4,True,accepted,null,/data/user_data/aydanh/rubric_gen/runs/trace-attack-defense-v3-20260911/stress-iter1/v21-control/da-15-1/study/biomnibench-da-factorial-r10-9a077f8c8346/experiments/da-15-1/rep-001/luna/user-simulator-red-team-trace/rubric-generations/generation-0007/aggregate-margins.json
v21,da-15-1,1,8,elicited_1b377d28059a961e,True,accepted,null,/data/user_data/aydanh/rubric_gen/runs/trace-attack-defense-v3-20260911/stress-iter1/v21-control/da-15-1/study/biomnibench-da-factorial-r10-9a077f8c8346/experiments/da-15-1/rep-001/luna/user-simulator-red-team-trace/rubric-generations/generation-0008/aggregate-margins.json
v21,da-15-1,1,8,elicited_abcea113d1e5bd3d,False,semantic_validation_failed,null,/data/user_data/aydanh/rubric_gen/runs/trace-attack-defense-v3-20260911/stress-iter1/v21-control/da-15-1/study/biomnibench-da-factorial-r10-9a077f8c8346/experiments/da-15-1/rep-001/luna/user-simulator-red-team-trace/rubric-generations/generation-0008/aggregate-margins.json
v21,da-15-1,1,9,elicited_805d4de76baae9f4,True,accepted,null,/data/user_data/aydanh/rubric_gen/runs/trace-attack-defense-v3-20260911/stress-iter1/v21-control/da-15-1/study/biomnibench-da-factorial-r10-9a077f8c8346/experiments/da-15-1/rep-001/luna/user-simulator-red-team-trace/rubric-generations/generation-0009/aggregate-margins.json
v21,da-15-1,1,9,elicited_6355a1466ce4c8ca,True,accepted,null,/data/user_data/aydanh/rubric_gen/runs/trace-attack-defense-v3-20260911/stress-iter1/v21-control/da-15-1/study/biomnibench-da-factorial-r10-9a077f8c8346/experiments/da-15-1/rep-001/luna/user-simulator-red-team-trace/rubric-generations/generation-0009/aggregate-margins.json
v21,da-15-1,1,10,elicited_0762a463713a2b39,False,semantic_validation_failed,null,/data/user_data/aydanh/rubric_gen/runs/trace-attack-defense-v3-20260911/stress-iter1/v21-control/da-15-1/study/biomnibench-da-factorial-r10-9a077f8c8346/experiments/da-15-1/rep-001/luna/user-simulator-red-team-trace/rubric-generations/generation-0010/aggregate-margins.json
v21,da-15-1,2,7,elicited_646590420448ece0,True,accepted,null,/data/user_data/aydanh/rubric_gen/runs/trace-attack-defense-v3-20260911/stress-iter1/v21-control/da-15-1/study/biomnibench-da-factorial-r10-9a077f8c8346/experiments/da-15-1/rep-002/luna/user-simulator-red-team-trace/rubric-generations/generation-0007/aggregate-margins.json
v21,da-15-1,2,9,elicited_a9feb0c97936a89a,False,aggregate_margin_failed,"{""current_margin"": -10, ""pair_id"": ""pair_22e598ffcda52b67"", ""passed"": false, ""prospective_margin"": -15, ""strict_improvement_required"": false, ""view"": ""active_rubric""}",/data/user_data/aydanh/rubric_gen/runs/trace-attack-defense-v3-20260911/stress-iter1/v21-control/da-15-1/study/biomnibench-da-factorial-r10-9a077f8c8346/experiments/da-15-1/rep-002/luna/user-simulator-red-team-trace/rubric-generations/generation-0009/aggregate-margins.json
v21,da-15-1,2,10,elicited_cbb3c8f5858e827f,False,aggregate_margin_failed,"{""current_margin"": 0, ""pair_id"": ""pair_74aea2795d459e59"", ""passed"": false, ""prospective_margin"": -5, ""strict_improvement_required"": false, ""view"": ""active_rubric""}",/data/user_data/aydanh/rubric_gen/runs/trace-attack-defense-v3-20260911/stress-iter1/v21-control/da-15-1/study/biomnibench-da-factorial-r10-9a077f8c8346/experiments/da-15-1/rep-002/luna/user-simulator-red-team-trace/rubric-generations/generation-0010/aggregate-margins.json
v21,da-15-1,2,11,elicited_cbb3c8f5858e827f,False,aggregate_margin_failed,"{""current_margin"": 0, ""pair_id"": ""pair_74aea2795d459e59"", ""passed"": false, ""prospective_margin"": -5, ""strict_improvement_required"": false, ""view"": ""active_rubric""}",/data/user_data/aydanh/rubric_gen/runs/trace-attack-defense-v3-20260911/stress-iter1/v21-control/da-15-1/study/biomnibench-da-factorial-r10-9a077f8c8346/experiments/da-15-1/rep-002/luna/user-simulator-red-team-trace/rubric-generations/generation-0011/aggregate-margins.json
v21,da-15-1,3,2,elicited_f14b983e65819c9d,True,accepted,null,/data/user_data/aydanh/rubric_gen/runs/trace-attack-defense-v3-20260911/stress-iter1/v21-control/da-15-1/study/biomnibench-da-factorial-r10-9a077f8c8346/experiments/da-15-1/rep-003/luna/user-simulator-red-team-trace/rubric-generations/generation-0002/aggregate-margins.json
v21,da-15-1,3,4,elicited_ac0e10b56960e8cc,True,accepted,null,/data/user_data/aydanh/rubric_gen/runs/trace-attack-defense-v3-20260911/stress-iter1/v21-control/da-15-1/study/biomnibench-da-factorial-r10-9a077f8c8346/experiments/da-15-1/rep-003/luna/user-simulator-red-team-trace/rubric-generations/generation-0004/aggregate-margins.json
v21,da-15-1,3,4,elicited_155be7b8e814c262,False,aggregate_margin_failed,"{""current_margin"": 5, ""pair_id"": ""pair_aad148dfa3021ccb"", ""passed"": false, ""prospective_margin"": -5, ""strict_improvement_required"": false, ""view"": ""active_rubric""}",/data/user_data/aydanh/rubric_gen/runs/trace-attack-defense-v3-20260911/stress-iter1/v21-control/da-15-1/study/biomnibench-da-factorial-r10-9a077f8c8346/experiments/da-15-1/rep-003/luna/user-simulator-red-team-trace/rubric-generations/generation-0004/aggregate-margins.json
v21,da-15-1,3,5,elicited_d991ea48d4e26d31,True,accepted,null,/data/user_data/aydanh/rubric_gen/runs/trace-attack-defense-v3-20260911/stress-iter1/v21-control/da-15-1/study/biomnibench-da-factorial-r10-9a077f8c8346/experiments/da-15-1/rep-003/luna/user-simulator-red-team-trace/rubric-generations/generation-0005/aggregate-margins.json
v21,da-15-1,3,5,elicited_cb78c352f41a906e,False,aggregate_margin_failed,"{""current_margin"": 0, ""pair_id"": ""pair_99807db007421e26"", ""passed"": false, ""prospective_margin"": -5, ""strict_improvement_required"": false, ""view"": ""active_rubric""}",/data/user_data/aydanh/rubric_gen/runs/trace-attack-defense-v3-20260911/stress-iter1/v21-control/da-15-1/study/biomnibench-da-factorial-r10-9a077f8c8346/experiments/da-15-1/rep-003/luna/user-simulator-red-team-trace/rubric-generations/generation-0005/aggregate-margins.json
v21,da-15-1,3,6,elicited_97abd5f1e5d1089a,False,aggregate_margin_failed,"{""current_margin"": 18, ""pair_id"": ""pair_e21cb34e110ba473"", ""passed"": false, ""prospective_margin"": 8, ""strict_improvement_required"": false, ""view"": ""active_rubric""}",/data/user_data/aydanh/rubric_gen/runs/trace-attack-defense-v3-20260911/stress-iter1/v21-control/da-15-1/study/biomnibench-da-factorial-r10-9a077f8c8346/experiments/da-15-1/rep-003/luna/user-simulator-red-team-trace/rubric-generations/generation-0006/aggregate-margins.json
v21,da-15-1,3,7,elicited_e12d3ee52d84fbdc,True,accepted,null,/data/user_data/aydanh/rubric_gen/runs/trace-attack-defense-v3-20260911/stress-iter1/v21-control/da-15-1/study/biomnibench-da-factorial-r10-9a077f8c8346/experiments/da-15-1/rep-003/luna/user-simulator-red-team-trace/rubric-generations/generation-0007/aggregate-margins.json
v21,da-15-1,3,7,elicited_d0f26b32bb81290d,False,aggregate_margin_failed,"{""current_margin"": 23, ""pair_id"": ""pair_ae5e42876d15643b"", ""passed"": false, ""prospective_margin"": 18, ""strict_improvement_required"": false, ""view"": ""active_rubric""}",/data/user_data/aydanh/rubric_gen/runs/trace-attack-defense-v3-20260911/stress-iter1/v21-control/da-15-1/study/biomnibench-da-factorial-r10-9a077f8c8346/experiments/da-15-1/rep-003/luna/user-simulator-red-team-trace/rubric-generations/generation-0007/aggregate-margins.json
v21,da-15-1,3,8,elicited_30b1cdea9e3bb293,False,aggregate_margin_failed,"{""current_margin"": 10, ""pair_id"": ""pair_7b5aeaac1815d218"", ""passed"": false, ""prospective_margin"": 5, ""strict_improvement_required"": false, ""view"": ""active_rubric""}",/data/user_data/aydanh/rubric_gen/runs/trace-attack-defense-v3-20260911/stress-iter1/v21-control/da-15-1/study/biomnibench-da-factorial-r10-9a077f8c8346/experiments/da-15-1/rep-003/luna/user-simulator-red-team-trace/rubric-generations/generation-0008/aggregate-margins.json
v21,da-15-1,3,11,elicited_4149b2ff9a0ddaa9,False,criterion_support_failed,null,/data/user_data/aydanh/rubric_gen/runs/trace-attack-defense-v3-20260911/stress-iter1/v21-control/da-15-1/study/biomnibench-da-factorial-r10-9a077f8c8346/experiments/da-15-1/rep-003/luna/user-simulator-red-team-trace/rubric-generations/generation-0011/aggregate-margins.json
v21,da-13-6,1,2,elicited_4203cba1e5050ea2,False,criterion_support_failed,null,/data/user_data/aydanh/rubric_gen/runs/trace-attack-defense-v3-20260911/stress-iter1/v21-control/da-13-6/study/biomnibench-da-factorial-r10-0cc10d3cda04/experiments/da-13-6/rep-001/luna/user-simulator-red-team-trace/rubric-generations/generation-0002/aggregate-margins.json
v21,da-13-6,1,3,elicited_04d4d3fcf1fb409f,False,criterion_support_failed,null,/data/user_data/aydanh/rubric_gen/runs/trace-attack-defense-v3-20260911/stress-iter1/v21-control/da-13-6/study/biomnibench-da-factorial-r10-0cc10d3cda04/experiments/da-13-6/rep-001/luna/user-simulator-red-team-trace/rubric-generations/generation-0003/aggregate-margins.json
v21,da-13-6,1,4,elicited_c471512edee97976,True,accepted,null,/data/user_data/aydanh/rubric_gen/runs/trace-attack-defense-v3-20260911/stress-iter1/v21-control/da-13-6/study/biomnibench-da-factorial-r10-0cc10d3cda04/experiments/da-13-6/rep-001/luna/user-simulator-red-team-trace/rubric-generations/generation-0004/aggregate-margins.json
v21,da-13-6,1,5,elicited_d03a004edfbe7836,False,criterion_support_failed,null,/data/user_data/aydanh/rubric_gen/runs/trace-attack-defense-v3-20260911/stress-iter1/v21-control/da-13-6/study/biomnibench-da-factorial-r10-0cc10d3cda04/experiments/da-13-6/rep-001/luna/user-simulator-red-team-trace/rubric-generations/generation-0005/aggregate-margins.json
v21,da-13-6,1,5,elicited_bce1a2b83cbd840c,False,aggregate_margin_failed,"{""current_margin"": 20, ""pair_id"": ""pair_7bce062c68bf5dd9"", ""passed"": false, ""prospective_margin"": 15, ""strict_improvement_required"": false, ""view"": ""active_rubric""}",/data/user_data/aydanh/rubric_gen/runs/trace-attack-defense-v3-20260911/stress-iter1/v21-control/da-13-6/study/biomnibench-da-factorial-r10-0cc10d3cda04/experiments/da-13-6/rep-001/luna/user-simulator-red-team-trace/rubric-generations/generation-0005/aggregate-margins.json
v21,da-13-6,1,8,elicited_aa8ddcf185074bd4,True,accepted,null,/data/user_data/aydanh/rubric_gen/runs/trace-attack-defense-v3-20260911/stress-iter1/v21-control/da-13-6/study/biomnibench-da-factorial-r10-0cc10d3cda04/experiments/da-13-6/rep-001/luna/user-simulator-red-team-trace/rubric-generations/generation-0008/aggregate-margins.json
v21,da-13-6,1,8,elicited_ca499a30cbdb5076,False,aggregate_margin_failed,"{""current_margin"": -30, ""pair_id"": ""pair_55964044dfb539e6"", ""passed"": false, ""prospective_margin"": -40, ""strict_improvement_required"": false, ""view"": ""active_rubric""}",/data/user_data/aydanh/rubric_gen/runs/trace-attack-defense-v3-20260911/stress-iter1/v21-control/da-13-6/study/biomnibench-da-factorial-r10-0cc10d3cda04/experiments/da-13-6/rep-001/luna/user-simulator-red-team-trace/rubric-generations/generation-0008/aggregate-margins.json
v21,da-13-6,1,9,elicited_79ca2dca4795150c,False,semantic_validation_failed,null,/data/user_data/aydanh/rubric_gen/runs/trace-attack-defense-v3-20260911/stress-iter1/v21-control/da-13-6/study/biomnibench-da-factorial-r10-0cc10d3cda04/experiments/da-13-6/rep-001/luna/user-simulator-red-team-trace/rubric-generations/generation-0009/aggregate-margins.json
v21,da-13-6,1,11,elicited_79ca2dca4795150c,False,semantic_validation_failed,null,/data/user_data/aydanh/rubric_gen/runs/trace-attack-defense-v3-20260911/stress-iter1/v21-control/da-13-6/study/biomnibench-da-factorial-r10-0cc10d3cda04/experiments/da-13-6/rep-001/luna/user-simulator-red-team-trace/rubric-generations/generation-0011/aggregate-margins.json
v21,da-13-6,2,6,elicited_3f022ef58570c83c,False,aggregate_margin_failed,"{""current_margin"": 10, ""pair_id"": ""pair_3ac2831e9190de71"", ""passed"": false, ""prospective_margin"": 5, ""strict_improvement_required"": false, ""view"": ""active_rubric""}",/data/user_data/aydanh/rubric_gen/runs/trace-attack-defense-v3-20260911/stress-iter1/v21-control/da-13-6/study/biomnibench-da-factorial-r10-0cc10d3cda04/experiments/da-13-6/rep-002/luna/user-simulator-red-team-trace/rubric-generations/generation-0006/aggregate-margins.json
v21,da-13-6,3,3,elicited_735190903a7e56b7,False,aggregate_margin_failed,"{""current_margin"": -20, ""pair_id"": ""pair_55964044dfb539e6"", ""passed"": false, ""prospective_margin"": -30, ""strict_improvement_required"": false, ""view"": ""active_rubric""}",/data/user_data/aydanh/rubric_gen/runs/trace-attack-defense-v3-20260911/stress-iter1/v21-control/da-13-6/study/biomnibench-da-factorial-r10-0cc10d3cda04/experiments/da-13-6/rep-003/luna/user-simulator-red-team-trace/rubric-generations/generation-0003/aggregate-margins.json
v21,da-13-6,3,4,elicited_222b0633f9768775,False,criterion_support_failed,null,/data/user_data/aydanh/rubric_gen/runs/trace-attack-defense-v3-20260911/stress-iter1/v21-control/da-13-6/study/biomnibench-da-factorial-r10-0cc10d3cda04/experiments/da-13-6/rep-003/luna/user-simulator-red-team-trace/rubric-generations/generation-0004/aggregate-margins.json
v21,da-13-6,3,5,elicited_aae480eb43e880fb,True,accepted,null,/data/user_data/aydanh/rubric_gen/runs/trace-attack-defense-v3-20260911/stress-iter1/v21-control/da-13-6/study/biomnibench-da-factorial-r10-0cc10d3cda04/experiments/da-13-6/rep-003/luna/user-simulator-red-team-trace/rubric-generations/generation-0005/aggregate-margins.json
v21,da-13-6,3,6,elicited_4c4d267aac153efa,True,accepted,null,/data/user_data/aydanh/rubric_gen/runs/trace-attack-defense-v3-20260911/stress-iter1/v21-control/da-13-6/study/biomnibench-da-factorial-r10-0cc10d3cda04/experiments/da-13-6/rep-003/luna/user-simulator-red-team-trace/rubric-generations/generation-0006/aggregate-margins.json
v21,da-13-6,3,7,elicited_6472611b6dc07874,True,accepted,null,/data/user_data/aydanh/rubric_gen/runs/trace-attack-defense-v3-20260911/stress-iter1/v21-control/da-13-6/study/biomnibench-da-factorial-r10-0cc10d3cda04/experiments/da-13-6/rep-003/luna/user-simulator-red-team-trace/rubric-generations/generation-0007/aggregate-margins.json
v21,da-13-6,3,10,elicited_c8865dc35acb086d,False,semantic_validation_failed,null,/data/user_data/aydanh/rubric_gen/runs/trace-attack-defense-v3-20260911/stress-iter1/v21-control/da-13-6/study/biomnibench-da-factorial-r10-0cc10d3cda04/experiments/da-13-6/rep-003/luna/user-simulator-red-team-trace/rubric-generations/generation-0010/aggregate-margins.json
v21,da-13-6,3,11,elicited_58e1a7ce89af89fe,True,accepted,null,/data/user_data/aydanh/rubric_gen/runs/trace-attack-defense-v3-20260911/stress-iter1/v21-control/da-13-6/study/biomnibench-da-factorial-r10-0cc10d3cda04/experiments/da-13-6/rep-003/luna/user-simulator-red-team-trace/rubric-generations/generation-0011/aggregate-margins.json
v21,da-18-5,1,4,elicited_351c68df399ffd0b,False,aggregate_margin_failed,"{""current_margin"": 18, ""pair_id"": ""pair_625dfd24767e3466"", ""passed"": false, ""prospective_margin"": 8, ""strict_improvement_required"": false, ""view"": ""active_rubric""}",/data/user_data/aydanh/rubric_gen/runs/trace-attack-defense-v3-20260911/stress-iter1/v21-control/da-18-5/study/biomnibench-da-factorial-r10-a53feb36c969/experiments/da-18-5/rep-001/luna/user-simulator-red-team-trace/rubric-generations/generation-0004/aggregate-margins.json
v21,da-18-5,1,5,elicited_351c68df399ffd0b,False,aggregate_margin_failed,"{""current_margin"": 18, ""pair_id"": ""pair_625dfd24767e3466"", ""passed"": false, ""prospective_margin"": 8, ""strict_improvement_required"": false, ""view"": ""active_rubric""}",/data/user_data/aydanh/rubric_gen/runs/trace-attack-defense-v3-20260911/stress-iter1/v21-control/da-18-5/study/biomnibench-da-factorial-r10-a53feb36c969/experiments/da-18-5/rep-001/luna/user-simulator-red-team-trace/rubric-generations/generation-0005/aggregate-margins.json
v21,da-18-5,1,6,elicited_82c0c412ffef1502,True,accepted,null,/data/user_data/aydanh/rubric_gen/runs/trace-attack-defense-v3-20260911/stress-iter1/v21-control/da-18-5/study/biomnibench-da-factorial-r10-a53feb36c969/experiments/da-18-5/rep-001/luna/user-simulator-red-team-trace/rubric-generations/generation-0006/aggregate-margins.json
v21,da-18-5,1,7,elicited_baa649a1e06a65d1,False,aggregate_margin_failed,"{""current_margin"": 4, ""pair_id"": ""pair_625dfd24767e3466"", ""passed"": false, ""prospective_margin"": 0, ""strict_improvement_required"": false, ""view"": ""development_rubric""}",/data/user_data/aydanh/rubric_gen/runs/trace-attack-defense-v3-20260911/stress-iter1/v21-control/da-18-5/study/biomnibench-da-factorial-r10-a53feb36c969/experiments/da-18-5/rep-001/luna/user-simulator-red-team-trace/rubric-generations/generation-0007/aggregate-margins.json
v21,da-18-5,2,8,elicited_979c36e382533812,True,accepted,null,/data/user_data/aydanh/rubric_gen/runs/trace-attack-defense-v3-20260911/stress-iter1/v21-control/da-18-5/study/biomnibench-da-factorial-r10-a53feb36c969/experiments/da-18-5/rep-002/luna/user-simulator-red-team-trace/rubric-generations/generation-0008/aggregate-margins.json
v21,da-18-5,2,9,elicited_8944f4063e72d081,False,criterion_support_failed,null,/data/user_data/aydanh/rubric_gen/runs/trace-attack-defense-v3-20260911/stress-iter1/v21-control/da-18-5/study/biomnibench-da-factorial-r10-a53feb36c969/experiments/da-18-5/rep-002/luna/user-simulator-red-team-trace/rubric-generations/generation-0009/aggregate-margins.json
v21,da-18-5,2,9,elicited_80a34eb27e7871a8,False,aggregate_margin_failed,"{""current_margin"": 10, ""pair_id"": ""pair_2953473d056720d6"", ""passed"": false, ""prospective_margin"": 5, ""strict_improvement_required"": false, ""view"": ""active_rubric""}",/data/user_data/aydanh/rubric_gen/runs/trace-attack-defense-v3-20260911/stress-iter1/v21-control/da-18-5/study/biomnibench-da-factorial-r10-a53feb36c969/experiments/da-18-5/rep-002/luna/user-simulator-red-team-trace/rubric-generations/generation-0009/aggregate-margins.json
v21,da-18-5,2,10,elicited_8944f4063e72d081,False,criterion_support_failed,null,/data/user_data/aydanh/rubric_gen/runs/trace-attack-defense-v3-20260911/stress-iter1/v21-control/da-18-5/study/biomnibench-da-factorial-r10-a53feb36c969/experiments/da-18-5/rep-002/luna/user-simulator-red-team-trace/rubric-generations/generation-0010/aggregate-margins.json
v21,da-18-5,2,11,elicited_7479374c82ac8a19,False,criterion_support_failed,null,/data/user_data/aydanh/rubric_gen/runs/trace-attack-defense-v3-20260911/stress-iter1/v21-control/da-18-5/study/biomnibench-da-factorial-r10-a53feb36c969/experiments/da-18-5/rep-002/luna/user-simulator-red-team-trace/rubric-generations/generation-0011/aggregate-margins.json
v21,da-18-5,2,11,elicited_8944f4063e72d081,False,criterion_support_failed,null,/data/user_data/aydanh/rubric_gen/runs/trace-attack-defense-v3-20260911/stress-iter1/v21-control/da-18-5/study/biomnibench-da-factorial-r10-a53feb36c969/experiments/da-18-5/rep-002/luna/user-simulator-red-team-trace/rubric-generations/generation-0011/aggregate-margins.json
v21,da-18-5,3,2,elicited_89612d1aa0fc3a83,True,accepted,null,/data/user_data/aydanh/rubric_gen/runs/trace-attack-defense-v3-20260911/stress-iter1/v21-control/da-18-5/study/biomnibench-da-factorial-r10-a53feb36c969/experiments/da-18-5/rep-003/luna/user-simulator-red-team-trace/rubric-generations/generation-0002/aggregate-margins.json
v21,da-18-5,3,4,elicited_5b7ec6b2eeb14f72,False,criterion_support_failed,null,/data/user_data/aydanh/rubric_gen/runs/trace-attack-defense-v3-20260911/stress-iter1/v21-control/da-18-5/study/biomnibench-da-factorial-r10-a53feb36c969/experiments/da-18-5/rep-003/luna/user-simulator-red-team-trace/rubric-generations/generation-0004/aggregate-margins.json
v21,da-18-5,3,4,elicited_0bb18ebf2fa5f4d4,False,aggregate_margin_failed,"{""current_margin"": 79, ""pair_id"": ""pair_951a483429c1bc43"", ""passed"": false, ""prospective_margin"": 74, ""strict_improvement_required"": false, ""view"": ""active_rubric""}",/data/user_data/aydanh/rubric_gen/runs/trace-attack-defense-v3-20260911/stress-iter1/v21-control/da-18-5/study/biomnibench-da-factorial-r10-a53feb36c969/experiments/da-18-5/rep-003/luna/user-simulator-red-team-trace/rubric-generations/generation-0004/aggregate-margins.json
v21,da-18-5,3,5,elicited_5b7ec6b2eeb14f72,False,criterion_support_failed,null,/data/user_data/aydanh/rubric_gen/runs/trace-attack-defense-v3-20260911/stress-iter1/v21-control/da-18-5/study/biomnibench-da-factorial-r10-a53feb36c969/experiments/da-18-5/rep-003/luna/user-simulator-red-team-trace/rubric-generations/generation-0005/aggregate-margins.json
v21,da-18-5,3,5,elicited_0bb18ebf2fa5f4d4,False,aggregate_margin_failed,"{""current_margin"": 79, ""pair_id"": ""pair_951a483429c1bc43"", ""passed"": false, ""prospective_margin"": 74, ""strict_improvement_required"": false, ""view"": ""active_rubric""}",/data/user_data/aydanh/rubric_gen/runs/trace-attack-defense-v3-20260911/stress-iter1/v21-control/da-18-5/study/biomnibench-da-factorial-r10-a53feb36c969/experiments/da-18-5/rep-003/luna/user-simulator-red-team-trace/rubric-generations/generation-0005/aggregate-margins.json
v21,da-18-5,3,6,elicited_5b7ec6b2eeb14f72,False,criterion_support_failed,null,/data/user_data/aydanh/rubric_gen/runs/trace-attack-defense-v3-20260911/stress-iter1/v21-control/da-18-5/study/biomnibench-da-factorial-r10-a53feb36c969/experiments/da-18-5/rep-003/luna/user-simulator-red-team-trace/rubric-generations/generation-0006/aggregate-margins.json
v21,da-18-5,3,6,elicited_0bb18ebf2fa5f4d4,False,aggregate_margin_failed,"{""current_margin"": 79, ""pair_id"": ""pair_951a483429c1bc43"", ""passed"": false, ""prospective_margin"": 74, ""strict_improvement_required"": false, ""view"": ""active_rubric""}",/data/user_data/aydanh/rubric_gen/runs/trace-attack-defense-v3-20260911/stress-iter1/v21-control/da-18-5/study/biomnibench-da-factorial-r10-a53feb36c969/experiments/da-18-5/rep-003/luna/user-simulator-red-team-trace/rubric-generations/generation-0006/aggregate-margins.json
v3,da-15-1,1,4,elicited_9b919d0c5295431e,True,accepted,null,/data/user_data/aydanh/rubric_gen/runs/trace-attack-defense-v3-20260911/stress-iter3/v32-candidate/da-15-1/study/biomnibench-da-factorial-r10-fc0423598fc1/experiments/da-15-1/rep-001/luna/user-simulator-red-team-trace/rubric-generations/generation-0004/aggregate-margins.json
v3,da-15-1,1,4,elicited_014323c9119741b4,True,accepted,null,/data/user_data/aydanh/rubric_gen/runs/trace-attack-defense-v3-20260911/stress-iter3/v32-candidate/da-15-1/study/biomnibench-da-factorial-r10-fc0423598fc1/experiments/da-15-1/rep-001/luna/user-simulator-red-team-trace/rubric-generations/generation-0004/aggregate-margins.json
v3,da-15-1,1,5,elicited_196dfd2c367dbe7c,False,semantic_validation_failed,null,/data/user_data/aydanh/rubric_gen/runs/trace-attack-defense-v3-20260911/stress-iter3/v32-candidate/da-15-1/study/biomnibench-da-factorial-r10-fc0423598fc1/experiments/da-15-1/rep-001/luna/user-simulator-red-team-trace/rubric-generations/generation-0005/aggregate-margins.json
v3,da-15-1,1,6,elicited_196dfd2c367dbe7c,False,semantic_validation_failed,null,/data/user_data/aydanh/rubric_gen/runs/trace-attack-defense-v3-20260911/stress-iter3/v32-candidate/da-15-1/study/biomnibench-da-factorial-r10-fc0423598fc1/experiments/da-15-1/rep-001/luna/user-simulator-red-team-trace/rubric-generations/generation-0006/aggregate-margins.json
v3,da-15-1,1,7,elicited_196dfd2c367dbe7c,False,semantic_validation_failed,null,/data/user_data/aydanh/rubric_gen/runs/trace-attack-defense-v3-20260911/stress-iter3/v32-candidate/da-15-1/study/biomnibench-da-factorial-r10-fc0423598fc1/experiments/da-15-1/rep-001/luna/user-simulator-red-team-trace/rubric-generations/generation-0007/aggregate-margins.json
v3,da-15-1,1,8,elicited_196dfd2c367dbe7c,False,semantic_validation_failed,null,/data/user_data/aydanh/rubric_gen/runs/trace-attack-defense-v3-20260911/stress-iter3/v32-candidate/da-15-1/study/biomnibench-da-factorial-r10-fc0423598fc1/experiments/da-15-1/rep-001/luna/user-simulator-red-team-trace/rubric-generations/generation-0008/aggregate-margins.json
v3,da-15-1,2,3,elicited_988b2cea0e7f9009,False,criterion_support_failed,null,/data/user_data/aydanh/rubric_gen/runs/trace-attack-defense-v3-20260911/stress-iter3/v32-candidate/da-15-1/study/biomnibench-da-factorial-r10-fc0423598fc1/experiments/da-15-1/rep-002/luna/user-simulator-red-team-trace/rubric-generations/generation-0003/aggregate-margins.json
v3,da-15-1,2,4,elicited_988b2cea0e7f9009,False,criterion_support_failed,null,/data/user_data/aydanh/rubric_gen/runs/trace-attack-defense-v3-20260911/stress-iter3/v32-candidate/da-15-1/study/biomnibench-da-factorial-r10-fc0423598fc1/experiments/da-15-1/rep-002/luna/user-simulator-red-team-trace/rubric-generations/generation-0004/aggregate-margins.json
v3,da-15-1,2,10,elicited_d9a4ac89b8e69e9f,False,aggregate_margin_failed,"{""current_margin"": -10, ""pair_id"": ""pair_2087fe31421d9838"", ""passed"": false, ""prospective_margin"": -15, ""strict_improvement_required"": false, ""view"": ""active_rubric""}",/data/user_data/aydanh/rubric_gen/runs/trace-attack-defense-v3-20260911/stress-iter3/v32-candidate/da-15-1/study/biomnibench-da-factorial-r10-fc0423598fc1/experiments/da-15-1/rep-002/luna/user-simulator-red-team-trace/rubric-generations/generation-0010/aggregate-margins.json
v3,da-15-1,2,11,elicited_5223b3bc5f5edeb5,False,aggregate_margin_failed,"{""current_margin"": 13, ""pair_id"": ""pair_ef540619efeace04"", ""passed"": false, ""prospective_margin"": 8, ""strict_improvement_required"": false, ""view"": ""active_rubric""}",/data/user_data/aydanh/rubric_gen/runs/trace-attack-defense-v3-20260911/stress-iter3/v32-candidate/da-15-1/study/biomnibench-da-factorial-r10-fc0423598fc1/experiments/da-15-1/rep-002/luna/user-simulator-red-team-trace/rubric-generations/generation-0011/aggregate-margins.json
v3,da-15-1,3,4,elicited_fce8774fbd2e9db9,False,criterion_support_failed,null,/data/user_data/aydanh/rubric_gen/runs/trace-attack-defense-v3-20260911/stress-iter3/v32-candidate/da-15-1/study/biomnibench-da-factorial-r10-fc0423598fc1/experiments/da-15-1/rep-003/luna/user-simulator-red-team-trace/rubric-generations/generation-0004/aggregate-margins.json
v3,da-15-1,3,4,elicited_bb3187e4a94ae6a3,False,criterion_support_failed,null,/data/user_data/aydanh/rubric_gen/runs/trace-attack-defense-v3-20260911/stress-iter3/v32-candidate/da-15-1/study/biomnibench-da-factorial-r10-fc0423598fc1/experiments/da-15-1/rep-003/luna/user-simulator-red-team-trace/rubric-generations/generation-0004/aggregate-margins.json
v3,da-15-1,3,5,elicited_b8214cd252887487,True,accepted,null,/data/user_data/aydanh/rubric_gen/runs/trace-attack-defense-v3-20260911/stress-iter3/v32-candidate/da-15-1/study/biomnibench-da-factorial-r10-fc0423598fc1/experiments/da-15-1/rep-003/luna/user-simulator-red-team-trace/rubric-generations/generation-0005/aggregate-margins.json
v3,da-15-1,3,5,elicited_13881d497c0d9b24,False,aggregate_margin_failed,"{""current_margin"": 5, ""pair_id"": ""pair_aad148dfa3021ccb"", ""passed"": false, ""prospective_margin"": -5, ""strict_improvement_required"": false, ""view"": ""active_rubric""}",/data/user_data/aydanh/rubric_gen/runs/trace-attack-defense-v3-20260911/stress-iter3/v32-candidate/da-15-1/study/biomnibench-da-factorial-r10-fc0423598fc1/experiments/da-15-1/rep-003/luna/user-simulator-red-team-trace/rubric-generations/generation-0005/aggregate-margins.json
v3,da-15-1,3,6,elicited_59be79e4b5977065,False,aggregate_margin_failed,"{""current_margin"": 10, ""pair_id"": ""pair_25f237817e5873bf"", ""passed"": false, ""prospective_margin"": 5, ""strict_improvement_required"": false, ""view"": ""active_rubric""}",/data/user_data/aydanh/rubric_gen/runs/trace-attack-defense-v3-20260911/stress-iter3/v32-candidate/da-15-1/study/biomnibench-da-factorial-r10-fc0423598fc1/experiments/da-15-1/rep-003/luna/user-simulator-red-team-trace/rubric-generations/generation-0006/aggregate-margins.json
v3,da-15-1,3,6,elicited_59d098e34aeb06ac,False,aggregate_margin_failed,"{""current_margin"": 5, ""pair_id"": ""pair_aad148dfa3021ccb"", ""passed"": false, ""prospective_margin"": -5, ""strict_improvement_required"": false, ""view"": ""active_rubric""}",/data/user_data/aydanh/rubric_gen/runs/trace-attack-defense-v3-20260911/stress-iter3/v32-candidate/da-15-1/study/biomnibench-da-factorial-r10-fc0423598fc1/experiments/da-15-1/rep-003/luna/user-simulator-red-team-trace/rubric-generations/generation-0006/aggregate-margins.json
v3,da-15-1,3,7,elicited_59be79e4b5977065,False,aggregate_margin_failed,"{""current_margin"": 5, ""pair_id"": ""pair_e2a3c6cb6ca68a43"", ""passed"": false, ""prospective_margin"": 0, ""strict_improvement_required"": false, ""view"": ""active_rubric""}",/data/user_data/aydanh/rubric_gen/runs/trace-attack-defense-v3-20260911/stress-iter3/v32-candidate/da-15-1/study/biomnibench-da-factorial-r10-fc0423598fc1/experiments/da-15-1/rep-003/luna/user-simulator-red-team-trace/rubric-generations/generation-0007/aggregate-margins.json
v3,da-15-1,3,7,elicited_59d098e34aeb06ac,False,aggregate_margin_failed,"{""current_margin"": 5, ""pair_id"": ""pair_aad148dfa3021ccb"", ""passed"": false, ""prospective_margin"": -5, ""strict_improvement_required"": false, ""view"": ""active_rubric""}",/data/user_data/aydanh/rubric_gen/runs/trace-attack-defense-v3-20260911/stress-iter3/v32-candidate/da-15-1/study/biomnibench-da-factorial-r10-fc0423598fc1/experiments/da-15-1/rep-003/luna/user-simulator-red-team-trace/rubric-generations/generation-0007/aggregate-margins.json
v3,da-15-1,3,8,elicited_e937a228b3ec9337,False,aggregate_margin_failed,"{""current_margin"": -5, ""pair_id"": ""pair_d17961106b181f3d"", ""passed"": false, ""prospective_margin"": -10, ""strict_improvement_required"": false, ""view"": ""active_rubric""}",/data/user_data/aydanh/rubric_gen/runs/trace-attack-defense-v3-20260911/stress-iter3/v32-candidate/da-15-1/study/biomnibench-da-factorial-r10-fc0423598fc1/experiments/da-15-1/rep-003/luna/user-simulator-red-team-trace/rubric-generations/generation-0008/aggregate-margins.json
v3,da-15-1,3,8,elicited_59be79e4b5977065,False,aggregate_margin_failed,"{""current_margin"": 5, ""pair_id"": ""pair_e2a3c6cb6ca68a43"", ""passed"": false, ""prospective_margin"": 0, ""strict_improvement_required"": false, ""view"": ""active_rubric""}",/data/user_data/aydanh/rubric_gen/runs/trace-attack-defense-v3-20260911/stress-iter3/v32-candidate/da-15-1/study/biomnibench-da-factorial-r10-fc0423598fc1/experiments/da-15-1/rep-003/luna/user-simulator-red-team-trace/rubric-generations/generation-0008/aggregate-margins.json
v3,da-15-1,3,9,elicited_1afc6f73069938ec,True,accepted,null,/data/user_data/aydanh/rubric_gen/runs/trace-attack-defense-v3-20260911/stress-iter3/v32-candidate/da-15-1/study/biomnibench-da-factorial-r10-fc0423598fc1/experiments/da-15-1/rep-003/luna/user-simulator-red-team-trace/rubric-generations/generation-0009/aggregate-margins.json
v3,da-15-1,3,10,elicited_d9f0de76949087d4,True,accepted,null,/data/user_data/aydanh/rubric_gen/runs/trace-attack-defense-v3-20260911/stress-iter3/v32-candidate/da-15-1/study/biomnibench-da-factorial-r10-fc0423598fc1/experiments/da-15-1/rep-003/luna/user-simulator-red-team-trace/rubric-generations/generation-0010/aggregate-margins.json
v3,da-15-1,3,10,elicited_9ee3860f640afd41,False,aggregate_margin_failed,"{""current_margin"": 5, ""pair_id"": ""pair_72a6748344e1f4b0"", ""passed"": false, ""prospective_margin"": 0, ""strict_improvement_required"": false, ""view"": ""active_rubric""}",/data/user_data/aydanh/rubric_gen/runs/trace-attack-defense-v3-20260911/stress-iter3/v32-candidate/da-15-1/study/biomnibench-da-factorial-r10-fc0423598fc1/experiments/da-15-1/rep-003/luna/user-simulator-red-team-trace/rubric-generations/generation-0010/aggregate-margins.json
v3,da-13-6,1,2,elicited_b5225f8827b06816,False,aggregate_margin_failed,"{""current_margin"": -10, ""pair_id"": ""pair_e5a6091f3da9f83c"", ""passed"": false, ""prospective_margin"": -15, ""strict_improvement_required"": false, ""view"": ""active_rubric""}",/data/user_data/aydanh/rubric_gen/runs/trace-attack-defense-v3-20260911/stress-iter3/v32-candidate/da-13-6/study/biomnibench-da-factorial-r10-cdbaf706aa37/experiments/da-13-6/rep-001/luna/user-simulator-red-team-trace/rubric-generations/generation-0002/aggregate-margins.json
v3,da-13-6,1,2,elicited_c64d4156cd434e5a,False,criterion_support_failed,null,/data/user_data/aydanh/rubric_gen/runs/trace-attack-defense-v3-20260911/stress-iter3/v32-candidate/da-13-6/study/biomnibench-da-factorial-r10-cdbaf706aa37/experiments/da-13-6/rep-001/luna/user-simulator-red-team-trace/rubric-generations/generation-0002/aggregate-margins.json
v3,da-13-6,1,3,elicited_c64d4156cd434e5a,False,criterion_support_failed,null,/data/user_data/aydanh/rubric_gen/runs/trace-attack-defense-v3-20260911/stress-iter3/v32-candidate/da-13-6/study/biomnibench-da-factorial-r10-cdbaf706aa37/experiments/da-13-6/rep-001/luna/user-simulator-red-team-trace/rubric-generations/generation-0003/aggregate-margins.json
v3,da-13-6,1,4,elicited_3de60b49f6523a57,True,accepted,null,/data/user_data/aydanh/rubric_gen/runs/trace-attack-defense-v3-20260911/stress-iter3/v32-candidate/da-13-6/study/biomnibench-da-factorial-r10-cdbaf706aa37/experiments/da-13-6/rep-001/luna/user-simulator-red-team-trace/rubric-generations/generation-0004/aggregate-margins.json
v3,da-13-6,1,6,elicited_a4e6cc62b2fe78bb,False,criterion_support_failed,null,/data/user_data/aydanh/rubric_gen/runs/trace-attack-defense-v3-20260911/stress-iter3/v32-candidate/da-13-6/study/biomnibench-da-factorial-r10-cdbaf706aa37/experiments/da-13-6/rep-001/luna/user-simulator-red-team-trace/rubric-generations/generation-0006/aggregate-margins.json
v3,da-13-6,1,6,elicited_814942fafd092d3a,True,accepted,null,/data/user_data/aydanh/rubric_gen/runs/trace-attack-defense-v3-20260911/stress-iter3/v32-candidate/da-13-6/study/biomnibench-da-factorial-r10-cdbaf706aa37/experiments/da-13-6/rep-001/luna/user-simulator-red-team-trace/rubric-generations/generation-0006/aggregate-margins.json
v3,da-13-6,2,2,elicited_91c95d05760a5dd0,False,criterion_support_failed,null,/data/user_data/aydanh/rubric_gen/runs/trace-attack-defense-v3-20260911/stress-iter3/v32-candidate/da-13-6/study/biomnibench-da-factorial-r10-cdbaf706aa37/experiments/da-13-6/rep-002/luna/user-simulator-red-team-trace/rubric-generations/generation-0002/aggregate-margins.json
v3,da-13-6,2,4,elicited_d7f4416c2f89ee8b,True,accepted,null,/data/user_data/aydanh/rubric_gen/runs/trace-attack-defense-v3-20260911/stress-iter3/v32-candidate/da-13-6/study/biomnibench-da-factorial-r10-cdbaf706aa37/experiments/da-13-6/rep-002/luna/user-simulator-red-team-trace/rubric-generations/generation-0004/aggregate-margins.json
v3,da-13-6,2,5,elicited_d20825f2a9437db5,False,aggregate_margin_failed,"{""current_margin"": -60, ""pair_id"": ""pair_f6ec54c4c7c8b54b"", ""passed"": false, ""prospective_margin"": -60, ""strict_improvement_required"": true, ""view"": ""active_rubric""}",/data/user_data/aydanh/rubric_gen/runs/trace-attack-defense-v3-20260911/stress-iter3/v32-candidate/da-13-6/study/biomnibench-da-factorial-r10-cdbaf706aa37/experiments/da-13-6/rep-002/luna/user-simulator-red-team-trace/rubric-generations/generation-0005/aggregate-margins.json
v3,da-13-6,2,6,elicited_d20825f2a9437db5,False,aggregate_margin_failed,"{""current_margin"": -60, ""pair_id"": ""pair_f6ec54c4c7c8b54b"", ""passed"": false, ""prospective_margin"": -60, ""strict_improvement_required"": true, ""view"": ""active_rubric""}",/data/user_data/aydanh/rubric_gen/runs/trace-attack-defense-v3-20260911/stress-iter3/v32-candidate/da-13-6/study/biomnibench-da-factorial-r10-cdbaf706aa37/experiments/da-13-6/rep-002/luna/user-simulator-red-team-trace/rubric-generations/generation-0006/aggregate-margins.json
v3,da-13-6,3,2,elicited_8f6d795a0c402f8e,True,accepted,null,/data/user_data/aydanh/rubric_gen/runs/trace-attack-defense-v3-20260911/stress-iter3/v32-candidate/da-13-6/study/biomnibench-da-factorial-r10-cdbaf706aa37/experiments/da-13-6/rep-003/luna/user-simulator-red-team-trace/rubric-generations/generation-0002/aggregate-margins.json
v3,da-13-6,3,3,elicited_76e3cd4da93edb2e,True,accepted,null,/data/user_data/aydanh/rubric_gen/runs/trace-attack-defense-v3-20260911/stress-iter3/v32-candidate/da-13-6/study/biomnibench-da-factorial-r10-cdbaf706aa37/experiments/da-13-6/rep-003/luna/user-simulator-red-team-trace/rubric-generations/generation-0003/aggregate-margins.json
v3,da-13-6,3,4,elicited_1bae704a5b2c60d3,False,aggregate_margin_failed,"{""current_margin"": 40, ""pair_id"": ""pair_0b0a689b0b78c2be"", ""passed"": false, ""prospective_margin"": 35, ""strict_improvement_required"": false, ""view"": ""active_rubric""}",/data/user_data/aydanh/rubric_gen/runs/trace-attack-defense-v3-20260911/stress-iter3/v32-candidate/da-13-6/study/biomnibench-da-factorial-r10-cdbaf706aa37/experiments/da-13-6/rep-003/luna/user-simulator-red-team-trace/rubric-generations/generation-0004/aggregate-margins.json
v3,da-13-6,3,10,elicited_af9a6a4f518826f7,False,aggregate_margin_failed,"{""current_margin"": 20, ""pair_id"": ""pair_af102c0d558e8c56"", ""passed"": false, ""prospective_margin"": 15, ""strict_improvement_required"": false, ""view"": ""active_rubric""}",/data/user_data/aydanh/rubric_gen/runs/trace-attack-defense-v3-20260911/stress-iter3/v32-candidate/da-13-6/study/biomnibench-da-factorial-r10-cdbaf706aa37/experiments/da-13-6/rep-003/luna/user-simulator-red-team-trace/rubric-generations/generation-0010/aggregate-margins.json
v3,da-18-5,1,2,elicited_61587fcf078975a9,False,aggregate_margin_failed,"{""current_margin"": 15, ""pair_id"": ""pair_873277477b8f1e6c"", ""passed"": false, ""prospective_margin"": 10, ""strict_improvement_required"": false, ""view"": ""development_rubric""}",/data/user_data/aydanh/rubric_gen/runs/trace-attack-defense-v3-20260911/stress-iter3/v32-candidate/da-18-5/study/biomnibench-da-factorial-r10-845d6d423d4d/experiments/da-18-5/rep-001/luna/user-simulator-red-team-trace/rubric-generations/generation-0002/aggregate-margins.json
v3,da-18-5,1,3,elicited_61587fcf078975a9,False,aggregate_margin_failed,"{""current_margin"": 87, ""pair_id"": ""pair_33ee98f7c06a730b"", ""passed"": false, ""prospective_margin"": 82, ""strict_improvement_required"": false, ""view"": ""active_rubric""}",/data/user_data/aydanh/rubric_gen/runs/trace-attack-defense-v3-20260911/stress-iter3/v32-candidate/da-18-5/study/biomnibench-da-factorial-r10-845d6d423d4d/experiments/da-18-5/rep-001/luna/user-simulator-red-team-trace/rubric-generations/generation-0003/aggregate-margins.json
v3,da-18-5,1,4,elicited_ce52e75443a7a4df,False,aggregate_margin_failed,"{""current_margin"": 15, ""pair_id"": ""pair_873277477b8f1e6c"", ""passed"": false, ""prospective_margin"": 10, ""strict_improvement_required"": false, ""view"": ""development_rubric""}",/data/user_data/aydanh/rubric_gen/runs/trace-attack-defense-v3-20260911/stress-iter3/v32-candidate/da-18-5/study/biomnibench-da-factorial-r10-845d6d423d4d/experiments/da-18-5/rep-001/luna/user-simulator-red-team-trace/rubric-generations/generation-0004/aggregate-margins.json
v3,da-18-5,1,4,elicited_61587fcf078975a9,False,aggregate_margin_failed,"{""current_margin"": 87, ""pair_id"": ""pair_33ee98f7c06a730b"", ""passed"": false, ""prospective_margin"": 82, ""strict_improvement_required"": false, ""view"": ""active_rubric""}",/data/user_data/aydanh/rubric_gen/runs/trace-attack-defense-v3-20260911/stress-iter3/v32-candidate/da-18-5/study/biomnibench-da-factorial-r10-845d6d423d4d/experiments/da-18-5/rep-001/luna/user-simulator-red-team-trace/rubric-generations/generation-0004/aggregate-margins.json
v3,da-18-5,1,5,elicited_61587fcf078975a9,False,aggregate_margin_failed,"{""current_margin"": 87, ""pair_id"": ""pair_33ee98f7c06a730b"", ""passed"": false, ""prospective_margin"": 82, ""strict_improvement_required"": false, ""view"": ""active_rubric""}",/data/user_data/aydanh/rubric_gen/runs/trace-attack-defense-v3-20260911/stress-iter3/v32-candidate/da-18-5/study/biomnibench-da-factorial-r10-845d6d423d4d/experiments/da-18-5/rep-001/luna/user-simulator-red-team-trace/rubric-generations/generation-0005/aggregate-margins.json
v3,da-18-5,1,6,elicited_61587fcf078975a9,False,aggregate_margin_failed,"{""current_margin"": 87, ""pair_id"": ""pair_33ee98f7c06a730b"", ""passed"": false, ""prospective_margin"": 82, ""strict_improvement_required"": false, ""view"": ""active_rubric""}",/data/user_data/aydanh/rubric_gen/runs/trace-attack-defense-v3-20260911/stress-iter3/v32-candidate/da-18-5/study/biomnibench-da-factorial-r10-845d6d423d4d/experiments/da-18-5/rep-001/luna/user-simulator-red-team-trace/rubric-generations/generation-0006/aggregate-margins.json
v3,da-18-5,2,3,elicited_dd2f7ad877639323,True,accepted,null,/data/user_data/aydanh/rubric_gen/runs/trace-attack-defense-v3-20260911/stress-iter3/v32-candidate/da-18-5/study/biomnibench-da-factorial-r10-845d6d423d4d/experiments/da-18-5/rep-002/luna/user-simulator-red-team-trace/rubric-generations/generation-0003/aggregate-margins.json
v3,da-18-5,2,3,elicited_6dbc2066e44ef9cc,False,criterion_support_failed,null,/data/user_data/aydanh/rubric_gen/runs/trace-attack-defense-v3-20260911/stress-iter3/v32-candidate/da-18-5/study/biomnibench-da-factorial-r10-845d6d423d4d/experiments/da-18-5/rep-002/luna/user-simulator-red-team-trace/rubric-generations/generation-0003/aggregate-margins.json
v3,da-18-5,2,4,elicited_07aabd08470a24be,True,accepted,null,/data/user_data/aydanh/rubric_gen/runs/trace-attack-defense-v3-20260911/stress-iter3/v32-candidate/da-18-5/study/biomnibench-da-factorial-r10-845d6d423d4d/experiments/da-18-5/rep-002/luna/user-simulator-red-team-trace/rubric-generations/generation-0004/aggregate-margins.json
v3,da-18-5,2,5,elicited_cd713b64f509fa09,False,criterion_support_failed,null,/data/user_data/aydanh/rubric_gen/runs/trace-attack-defense-v3-20260911/stress-iter3/v32-candidate/da-18-5/study/biomnibench-da-factorial-r10-845d6d423d4d/experiments/da-18-5/rep-002/luna/user-simulator-red-team-trace/rubric-generations/generation-0005/aggregate-margins.json
v3,da-18-5,2,6,elicited_cd713b64f509fa09,False,criterion_support_failed,null,/data/user_data/aydanh/rubric_gen/runs/trace-attack-defense-v3-20260911/stress-iter3/v32-candidate/da-18-5/study/biomnibench-da-factorial-r10-845d6d423d4d/experiments/da-18-5/rep-002/luna/user-simulator-red-team-trace/rubric-generations/generation-0006/aggregate-margins.json
v3,da-18-5,3,2,elicited_fd32d0396137f9ed,True,accepted,null,/data/user_data/aydanh/rubric_gen/runs/trace-attack-defense-v3-20260911/stress-iter3/v32-candidate/da-18-5/study/biomnibench-da-factorial-r10-845d6d423d4d/experiments/da-18-5/rep-003/luna/user-simulator-red-team-trace/rubric-generations/generation-0002/aggregate-margins.json
v3,da-18-5,3,5,elicited_8a788c36fabd52b0,True,accepted,null,/data/user_data/aydanh/rubric_gen/runs/trace-attack-defense-v3-20260911/stress-iter3/v32-candidate/da-18-5/study/biomnibench-da-factorial-r10-845d6d423d4d/experiments/da-18-5/rep-003/luna/user-simulator-red-team-trace/rubric-generations/generation-0005/aggregate-margins.json
