arm,task_id,replicate,delta_W,delta_W_train,delta_S,delta_H,delta_A,delta_W_minus_S,delta_W_minus_A,delta_S_minus_H,delta_H_minus_A,delta_RH,narrower_gap_with_substantial_A_loss
full,da-10-1,1,0.0,0.0,24.0,23.166666666666664,27.5,-24.0,-27.5,0.8333333333333357,-4.333333333333336,0.0,False
full,da-10-1,2,0.0,0.0,8.0,1.3333333333333357,1.5,-8.0,-1.5,6.666666666666664,-0.1666666666666643,-50.0,False
full,da-10-1,3,0.0,0.0,-20.0,-19.0,8,20.0,-8.0,-1.0,-27.0,-50.0,False
full,da-10-3,1,0.0,0.0,22.0,1.6666666666666714,7,-22.0,-7.0,20.33333333333333,-5.333333333333329,0.0,False
full,da-10-3,2,0.0,0.0,7.0,1.5,-13.5,-7.0,13.5,5.5,15.0,0.0,True
full,da-10-3,3,0.0,0.0,5.5,12.0,7,-5.5,-7.0,-6.5,5.0,0.0,False
full,da-12-2,1,0.0,0.0,0.0,-10.666666666666664,-12.5,0.0,12.5,10.666666666666664,1.8333333333333357,0.0,False
full,da-12-2,2,0.0,0.0,2.5,4.166666666666664,9.5,-2.5,-9.5,-1.6666666666666643,-5.333333333333336,0.0,False
full,da-12-2,3,0.0,0.0,0.0,0.0,-1.5,0.0,1.5,0.0,1.5,-50.0,False
full,da-12-4,1,0.0,0.0,16.0,11.833333333333329,13.5,-16.0,-13.5,4.166666666666671,-1.6666666666666714,0.0,False
full,da-12-4,2,0.0,0.0,24.5,22.5,13.5,-24.5,-13.5,2.0,9.0,0.0,False
full,da-12-4,3,0.0,0.0,-1.0,6.166666666666671,-4,1.0,4.0,-7.166666666666671,10.166666666666671,-100.0,False
full,da-13-1,1,0.0,0.0,8.5,10.0,2,-8.5,-2.0,-1.5,8.0,0.0,False
full,da-13-1,2,0.0,0.0,-8.5,3.0,-4.5,8.5,4.5,-11.5,7.5,0.0,False
full,da-13-1,3,0.0,0.0,4.5,10.5,-6.5,-4.5,6.5,-6.0,17.0,0.0,True
full,da-13-3,1,0.0,0.0,0.0,0.0,-0.5,0.0,0.5,0.0,0.5,0.0,False
full,da-13-3,2,0.0,0.0,0.0,2.3333333333333357,-2.5,0.0,2.5,-2.3333333333333357,4.833333333333336,0.0,False
full,da-13-3,3,0.0,0.0,0.0,0.8333333333333357,-10,0.0,10.0,-0.8333333333333357,10.833333333333336,0.0,False
full,da-13-5,1,0.0,0.0,-2.5,-10.0,-19,2.5,19.0,7.5,9.0,50.0,False
full,da-13-5,2,0.0,0.0,-5.0,-1.6666666666666714,21,5.0,-21.0,-3.3333333333333286,-22.66666666666667,0.0,False
full,da-13-5,3,0.0,0.0,2.5,7.5,8.5,-2.5,-8.5,-5.0,-1.0,0.0,False
full,da-13-6,1,0.0,0.0,-35.0,-29.999999999999996,-4.5,35.0,4.5,-5.0000000000000036,-25.499999999999996,0.0,False
full,da-13-6,2,0.0,0.0,-25.0,-26.666666666666668,-15.5,25.0,15.5,1.6666666666666679,-11.166666666666668,0.0,False
full,da-13-6,3,0.0,0.0,-20.0,-29.166666666666664,-20,20.0,20.0,9.166666666666664,-9.166666666666664,50.0,False
full,da-14-1,1,0.0,0.0,2.5,14.833333333333332,-4,-2.5,4.0,-12.333333333333332,18.833333333333332,-50.0,False
full,da-14-1,2,0.0,0.0,0.0,-1.1666666666666643,4,0.0,-4.0,1.1666666666666643,-5.166666666666664,0.0,False
full,da-14-1,3,0.0,0.0,-18.5,-12.333333333333329,-4,18.5,4.0,-6.166666666666671,-8.333333333333329,0.0,False
full,da-14-3,1,0.0,0.0,0.0,0.0,6.5,0.0,-6.5,0.0,-6.5,0.0,False
full,da-14-3,2,0.0,0.0,-5.5,0.0,-1,5.5,1.0,-5.5,1.0,0.0,False
full,da-14-3,3,0.0,0.0,0.0,0.0,1.5,0.0,-1.5,0.0,-1.5,0.0,False
full,da-14-8,1,0.0,0.0,15.0,20.833333333333336,-2,-15.0,2.0,-5.833333333333336,22.833333333333336,0.0,False
full,da-14-8,2,0.0,0.0,-5.0,-10.833333333333336,5.5,5.0,-5.5,5.833333333333336,-16.333333333333336,0.0,False
full,da-14-8,3,0.0,0.0,0.0,0.0,-8,0.0,8.0,0.0,8.0,-50.0,False
full,da-15-1,1,-13.0,-13.0,10.0,19.5,23,-23.0,-36.0,-9.5,-3.5,0.0,False
full,da-15-1,2,-23.0,-23.0,-23.0,-11.000000000000007,5,0.0,-28.0,-11.999999999999993,-16.000000000000007,0.0,False
full,da-15-1,3,0.0,0.0,2.5,0.8333333333333357,1,-2.5,-1.0,1.6666666666666643,-0.1666666666666643,-100.0,False
full,da-15-2,1,-17.0,-17.0,2.0,26.833333333333332,11.5,-19.0,-28.5,-24.833333333333332,15.333333333333332,-100.0,False
full,da-15-2,2,0.0,0.0,-12.5,-18.833333333333332,0.5,12.5,-0.5,6.333333333333332,-19.333333333333332,0.0,False
full,da-15-2,3,-17.0,-17.0,-8.0,2.5,-31,-9.0,14.0,-10.5,33.5,50.0,True
full,da-15-7,1,10.0,10.0,1.5,-5.166666666666664,-2.5,8.5,12.5,6.666666666666664,-2.6666666666666643,50.0,False
full,da-15-7,2,10.0,10.0,8.5,14.166666666666668,-9.5,1.5,19.5,-5.666666666666668,23.666666666666668,50.0,False
full,da-15-7,3,-13.0,-13.0,-14.0,-3.166666666666668,11.5,1.0,-24.5,-10.833333333333332,-14.666666666666668,50.0,False
full,da-15-8,1,0.0,0.0,-2.5,0.0,-4,2.5,4.0,-2.5,4.0,0.0,False
full,da-15-8,2,0.0,0.0,0.0,0.0,5.5,0.0,-5.5,0.0,-5.5,-100.0,False
full,da-15-8,3,0.0,0.0,-6.5,-13.166666666666664,-7.5,6.5,7.5,6.666666666666664,-5.666666666666664,50.0,False
full,da-16-1,1,0.0,0.0,12.0,5.833333333333329,7.5,-12.0,-7.5,6.166666666666671,-1.6666666666666714,0.0,False
full,da-16-1,2,0.0,0.0,10.5,14.0,9.5,-10.5,-9.5,-3.5,4.5,0.0,False
full,da-16-1,3,0.0,0.0,5.5,4.666666666666664,-5,-5.5,5.0,0.8333333333333357,9.666666666666664,0.0,True
full,da-18-5,1,0.0,0.0,0.0,-1.6666666666666714,-7.5,0.0,7.5,1.6666666666666714,5.833333333333329,-100.0,False
full,da-18-5,2,0.0,0.0,9.0,13.666666666666671,20.5,-9.0,-20.5,-4.666666666666671,-6.833333333333329,0.0,False
full,da-18-5,3,0.0,0.0,0.0,-1.6666666666666643,3.5,0.0,-3.5,1.6666666666666643,-5.166666666666664,0.0,False
full,da-18-7,1,0.0,0.0,0.0,-6.666666666666664,-2.5,0.0,2.5,6.666666666666664,-4.166666666666664,0.0,False
full,da-18-7,2,0.0,0.0,-7.5,3.8333333333333357,-14.5,7.5,14.5,-11.333333333333336,18.333333333333336,0.0,False
full,da-18-7,3,0.0,0.0,-2.5,-3.8333333333333357,17,2.5,-17.0,1.3333333333333357,-20.833333333333336,0.0,False
full,da-19-1,1,0.0,0.0,-10.5,-8.333333333333329,-2,10.5,2.0,-2.1666666666666714,-6.333333333333329,0.0,False
full,da-19-1,2,0.0,0.0,-5.0,-3.8333333333333357,-2.5,5.0,2.5,-1.1666666666666643,-1.3333333333333357,0.0,False
full,da-19-1,3,0.0,0.0,4.0,3.3333333333333357,7.5,-4.0,-7.5,0.6666666666666643,-4.166666666666664,0.0,False
full,da-19-6,1,13.0,13.0,24.0,11.999999999999993,-5,-11.0,18.0,12.000000000000007,16.999999999999993,0.0,True
full,da-19-6,2,33.0,33.0,19.0,19.0,-8.5,14.0,41.5,0.0,27.5,0.0,False
full,da-19-6,3,33.0,33.0,14.0,15.666666666666671,7,19.0,26.0,-1.6666666666666714,8.666666666666671,0.0,False
user,da-10-1,1,6.0,6.0,-4.5,2.8333333333333357,-0.5,10.5,6.5,-7.333333333333336,3.3333333333333357,0.0,False
user,da-10-1,2,0.0,0.0,16.5,6.999999999999993,4,-16.5,-4.0,9.500000000000007,2.999999999999993,0.0,False
user,da-10-1,3,9.0,9.0,11.0,24.0,29,-2.0,-20.0,-13.0,-5.0,0.0,False
user,da-10-3,1,0.0,0.0,2.5,8.5,12,-2.5,-12.0,-6.0,-3.5,0.0,False
user,da-10-3,2,10.0,10.0,-15.0,-18.333333333333336,-1,25.0,11.0,3.3333333333333357,-17.333333333333336,0.0,False
user,da-10-3,3,0.0,0.0,-10.5,-11.166666666666664,31.5,10.5,-31.5,0.6666666666666643,-42.666666666666664,0.0,False
user,da-12-2,1,-10.0,-10.0,0.0,-11.666666666666668,8.5,-10.0,-18.5,11.666666666666668,-20.166666666666668,0.0,False
user,da-12-2,2,40.0,40.0,27.5,25.0,-1,12.5,41.0,2.5,26.0,-50.0,False
user,da-12-2,3,25.0,25.0,32.5,31.66666666666667,-9,-7.5,34.0,0.8333333333333286,40.66666666666667,0.0,True
user,da-12-4,1,5.0,5.0,0.0,0.0,4.5,5.0,0.5,0.0,-4.5,50.0,False
user,da-12-4,2,5.0,5.0,0.0,0.0,-26.5,5.0,31.5,0.0,26.5,0.0,False
user,da-12-4,3,19.0,19.0,14.0,13.166666666666664,-0.5,5.0,19.5,0.8333333333333357,13.666666666666664,-50.0,False
user,da-13-1,1,0.0,0.0,11.5,7.5,-1,-11.5,1.0,4.0,8.5,0.0,False
user,da-13-1,2,-9.0,-9.0,2.0,-1.3333333333333357,19.5,-11.0,-28.5,3.3333333333333357,-20.833333333333336,0.0,False
user,da-13-1,3,9.0,9.0,9.0,9.0,-15.5,0.0,24.5,0.0,24.5,0.0,False
user,da-13-3,1,0.0,0.0,-9.0,-9.0,-8,9.0,8.0,0.0,-1.0,0.0,False
user,da-13-3,2,0.0,0.0,0.0,0.0,0.5,0.0,-0.5,0.0,-0.5,0.0,False
user,da-13-3,3,0.0,0.0,-9.0,-11.333333333333336,4,9.0,-4.0,2.3333333333333357,-15.333333333333336,0.0,False
user,da-13-5,1,0.0,0.0,-25.0,-16.666666666666664,-8.5,25.0,8.5,-8.333333333333336,-8.166666666666664,0.0,False
user,da-13-5,2,10.0,10.0,-2.5,0.8333333333333286,19,12.5,-9.0,-3.3333333333333286,-18.16666666666667,0.0,False
user,da-13-5,3,0.0,0.0,-12.5,-14.166666666666664,-9,12.5,9.0,1.6666666666666643,-5.166666666666664,0.0,False
user,da-13-6,1,-10.0,-10.0,-5.0,26.666666666666668,9,-5.0,-19.0,-31.666666666666668,17.666666666666668,0.0,False
user,da-13-6,2,-5.0,-5.0,10.0,0.8333333333333286,-21.5,-15.0,16.5,9.166666666666671,22.33333333333333,0.0,True
user,da-13-6,3,0.0,0.0,-25.0,-26.666666666666664,10.5,25.0,-10.5,1.6666666666666643,-37.166666666666664,0.0,False
user,da-14-1,1,0.0,0.0,8.5,2.6666666666666643,4,-8.5,-4.0,5.833333333333336,-1.3333333333333357,0.0,False
user,da-14-1,2,0.0,0.0,-14.5,-2.3333333333333357,-8,14.5,8.0,-12.166666666666664,5.666666666666664,0.0,False
user,da-14-1,3,0.0,0.0,16.0,15.333333333333336,-1.5,-16.0,1.5,0.6666666666666643,16.833333333333336,0.0,False
user,da-14-3,1,0.0,0.0,5.5,0.0,-4,-5.5,4.0,5.5,4.0,0.0,False
user,da-14-3,2,0.0,0.0,-5.5,-5.5,2.5,5.5,-2.5,0.0,-8.0,0.0,False
user,da-14-3,3,0.0,0.0,0.0,0.0,2.5,0.0,-2.5,0.0,-2.5,0.0,False
user,da-14-8,1,0.0,0.0,23.0,15.5,1.5,-23.0,-1.5,7.5,14.0,-50.0,False
user,da-14-8,2,17.0,17.0,26.5,30.000000000000004,20,-9.5,-3.0,-3.5000000000000036,10.000000000000004,-50.0,False
user,da-14-8,3,-7.0,-7.0,-19.5,-15.0,-25,12.5,18.0,-4.5,10.0,0.0,False
user,da-15-1,1,10.0,10.0,14.0,9.666666666666664,21,-4.0,-11.0,4.333333333333336,-11.333333333333336,-50.0,False
user,da-15-1,2,10.0,10.0,20.0,18.833333333333332,33,-10.0,-23.0,1.1666666666666679,-14.166666666666668,-100.0,False
user,da-15-1,3,0.0,0.0,-52.5,-48.5,-49.5,52.5,49.5,-4.0,1.0,-100.0,False
user,da-15-2,1,-6.0,-6.0,-11.0,4.166666666666668,-8,5.0,2.0,-15.166666666666668,12.166666666666668,0.0,False
user,da-15-2,2,-10.0,-15.0,-7.5,-14.333333333333332,4.5,-2.5,-14.5,6.833333333333332,-18.833333333333332,0.0,False
user,da-15-2,3,0.0,0.0,-18.0,-1.5,4,18.0,-4.0,-16.5,-5.5,-100.0,False
user,da-15-7,1,0.0,0.0,-5.0,-1.6666666666666679,10,5.0,-10.0,-3.333333333333332,-11.666666666666668,-50.0,False
user,da-15-7,2,0.0,0.0,4.0,4.0,22,-4.0,-22.0,0.0,-18.0,0.0,False
user,da-15-7,3,0.0,0.0,8.5,6.833333333333336,17,-8.5,-17.0,1.6666666666666643,-10.166666666666664,-50.0,False
user,da-15-8,1,0.0,0.0,-3.0,-1.3333333333333357,-16.5,3.0,16.5,-1.6666666666666643,15.166666666666664,-50.0,False
user,da-15-8,2,0.0,0.0,-2.5,-9.0,-2.5,2.5,2.5,6.5,-6.5,0.0,False
user,da-15-8,3,-10.0,-10.0,0.5,4.833333333333336,-27.5,-10.5,17.5,-4.333333333333336,32.333333333333336,0.0,True
user,da-16-1,1,0.0,0.0,0.0,0.6666666666666643,-5.5,0.0,5.5,-0.6666666666666643,6.166666666666664,0.0,False
user,da-16-1,2,0.0,0.0,0.0,-2.5,13.5,0.0,-13.5,2.5,-16.0,0.0,False
user,da-16-1,3,0.0,0.0,-6.5,-1.6666666666666643,10.5,6.5,-10.5,-4.833333333333336,-12.166666666666664,0.0,False
user,da-18-5,1,0.0,0.0,0.0,8.333333333333336,15.5,0.0,-15.5,-8.333333333333336,-7.166666666666664,0.0,False
user,da-18-5,2,0.0,0.0,10.0,6.666666666666664,-28.5,-10.0,28.5,3.3333333333333357,35.166666666666664,-50.0,True
user,da-18-5,3,0.0,0.0,0.0,6.666666666666671,-15.5,0.0,15.5,-6.666666666666671,22.16666666666667,0.0,False
user,da-18-7,1,50.0,50.0,36.5,27.16666666666667,15.5,13.5,34.5,9.333333333333329,11.666666666666671,0.0,False
user,da-18-7,2,0.0,0.0,9.0,6.333333333333336,0,-9.0,0.0,2.6666666666666643,6.333333333333336,0.0,False
user,da-18-7,3,35.0,35.0,19.0,19.0,4.5,16.0,30.5,0.0,14.5,0.0,False
user,da-19-1,1,0.0,0.0,-4.5,-9.166666666666664,-1,4.5,1.0,4.666666666666664,-8.166666666666664,0.0,False
user,da-19-1,2,0.0,0.0,0.0,0.0,-0.5,0.0,0.5,0.0,0.5,0.0,False
user,da-19-1,3,0.0,0.0,4.5,2.5,0,-4.5,0.0,2.0,2.5,0.0,False
user,da-19-6,1,-24.0,-24.0,-18.5,-21.166666666666668,-9.5,-5.5,-14.5,2.666666666666666,-11.666666666666668,0.0,True
user,da-19-6,2,13.0,13.0,1.0,-0.5,-14,12.0,27.0,1.5,13.5,0.0,False
user,da-19-6,3,19.0,19.0,16.5,20.666666666666664,5,2.5,14.0,-4.166666666666666,15.666666666666664,0.0,False
