study,rubric_policy,detector,score_band,score_lower,score_upper_exclusive,n,rh_positive,rh_rate,mean_final_score
full,all,three-model-majority,0-49,0.0,50.0,2,0,0.0,44.5
full,all,three-model-majority,50-69,50.0,70.0,2,0,0.0,60.0
full,all,three-model-majority,70-79,70.0,80.0,12,0,0.0,76.0
full,all,three-model-majority,80-89,80.0,90.0,36,0,0.0,84.19444444444444
full,all,three-model-majority,90-99,90.0,100.0,32,0,0.0,93.34375
full,all,three-model-majority,100,100.0,101.0,272,5,0.01838235294117647,100.0
full,all,complete-panel-any-detector,0-49,0.0,50.0,2,2,1.0,44.5
full,all,complete-panel-any-detector,50-69,50.0,70.0,2,1,0.5,60.0
full,all,complete-panel-any-detector,70-79,70.0,80.0,12,4,0.3333333333333333,76.0
full,all,complete-panel-any-detector,80-89,80.0,90.0,36,8,0.2222222222222222,84.19444444444444
full,all,complete-panel-any-detector,90-99,90.0,100.0,32,5,0.15625,93.34375
full,all,complete-panel-any-detector,100,100.0,101.0,272,30,0.11029411764705882,100.0
full,static,three-model-majority,0-49,0.0,50.0,0,0,nan,nan
full,static,three-model-majority,50-69,50.0,70.0,1,0,0.0,65.0
full,static,three-model-majority,70-79,70.0,80.0,5,0,0.0,78.0
full,static,three-model-majority,80-89,80.0,90.0,16,0,0.0,84.5625
full,static,three-model-majority,90-99,90.0,100.0,2,0,0.0,92.5
full,static,three-model-majority,100,100.0,101.0,154,2,0.012987012987012988,100.0
full,static,complete-panel-any-detector,0-49,0.0,50.0,0,0,nan,nan
full,static,complete-panel-any-detector,50-69,50.0,70.0,1,1,1.0,65.0
full,static,complete-panel-any-detector,70-79,70.0,80.0,5,3,0.6,78.0
full,static,complete-panel-any-detector,80-89,80.0,90.0,16,2,0.125,84.5625
full,static,complete-panel-any-detector,90-99,90.0,100.0,2,1,0.5,92.5
full,static,complete-panel-any-detector,100,100.0,101.0,154,16,0.1038961038961039,100.0
full,prospective,three-model-majority,0-49,0.0,50.0,2,0,0.0,44.5
full,prospective,three-model-majority,50-69,50.0,70.0,1,0,0.0,55.0
full,prospective,three-model-majority,70-79,70.0,80.0,7,0,0.0,74.57142857142857
full,prospective,three-model-majority,80-89,80.0,90.0,20,0,0.0,83.9
full,prospective,three-model-majority,90-99,90.0,100.0,30,0,0.0,93.4
full,prospective,three-model-majority,100,100.0,101.0,118,3,0.025423728813559324,100.0
full,prospective,complete-panel-any-detector,0-49,0.0,50.0,2,2,1.0,44.5
full,prospective,complete-panel-any-detector,50-69,50.0,70.0,1,0,0.0,55.0
full,prospective,complete-panel-any-detector,70-79,70.0,80.0,7,1,0.14285714285714285,74.57142857142857
full,prospective,complete-panel-any-detector,80-89,80.0,90.0,20,6,0.3,83.9
full,prospective,complete-panel-any-detector,90-99,90.0,100.0,30,4,0.13333333333333333,93.4
full,prospective,complete-panel-any-detector,100,100.0,101.0,118,14,0.11864406779661017,100.0
semi,all,three-model-majority,0-49,0.0,50.0,37,1,0.02702702702702703,24.972972972972972
semi,all,three-model-majority,50-69,50.0,70.0,36,1,0.027777777777777776,60.27777777777778
semi,all,three-model-majority,70-79,70.0,80.0,40,0,0.0,73.825
semi,all,three-model-majority,80-89,80.0,90.0,46,6,0.13043478260869565,84.56521739130434
semi,all,three-model-majority,90-99,90.0,100.0,39,1,0.02564102564102564,91.56410256410257
semi,all,three-model-majority,100,100.0,101.0,157,6,0.03821656050955414,100.0
semi,all,complete-panel-any-detector,0-49,0.0,50.0,37,5,0.13513513513513514,24.972972972972972
semi,all,complete-panel-any-detector,50-69,50.0,70.0,36,4,0.1111111111111111,60.27777777777778
semi,all,complete-panel-any-detector,70-79,70.0,80.0,40,3,0.075,73.825
semi,all,complete-panel-any-detector,80-89,80.0,90.0,46,10,0.21739130434782608,84.56521739130434
semi,all,complete-panel-any-detector,90-99,90.0,100.0,39,3,0.07692307692307693,91.56410256410257
semi,all,complete-panel-any-detector,100,100.0,101.0,157,21,0.1337579617834395,100.0
semi,static,three-model-majority,0-49,0.0,50.0,26,1,0.038461538461538464,23.653846153846153
semi,static,three-model-majority,50-69,50.0,70.0,16,1,0.0625,59.9375
semi,static,three-model-majority,70-79,70.0,80.0,15,0,0.0,74.2
semi,static,three-model-majority,80-89,80.0,90.0,25,4,0.16,84.52
semi,static,three-model-majority,90-99,90.0,100.0,11,0,0.0,91.0
semi,static,three-model-majority,100,100.0,101.0,82,6,0.07317073170731707,100.0
semi,static,complete-panel-any-detector,0-49,0.0,50.0,26,2,0.07692307692307693,23.653846153846153
semi,static,complete-panel-any-detector,50-69,50.0,70.0,16,2,0.125,59.9375
semi,static,complete-panel-any-detector,70-79,70.0,80.0,15,0,0.0,74.2
semi,static,complete-panel-any-detector,80-89,80.0,90.0,25,7,0.28,84.52
semi,static,complete-panel-any-detector,90-99,90.0,100.0,11,1,0.09090909090909091,91.0
semi,static,complete-panel-any-detector,100,100.0,101.0,82,20,0.24390243902439024,100.0
semi,prospective,three-model-majority,0-49,0.0,50.0,11,0,0.0,28.09090909090909
semi,prospective,three-model-majority,50-69,50.0,70.0,20,0,0.0,60.55
semi,prospective,three-model-majority,70-79,70.0,80.0,25,0,0.0,73.6
semi,prospective,three-model-majority,80-89,80.0,90.0,21,2,0.09523809523809523,84.61904761904762
semi,prospective,three-model-majority,90-99,90.0,100.0,28,1,0.03571428571428571,91.78571428571429
semi,prospective,three-model-majority,100,100.0,101.0,75,0,0.0,100.0
semi,prospective,complete-panel-any-detector,0-49,0.0,50.0,11,3,0.2727272727272727,28.09090909090909
semi,prospective,complete-panel-any-detector,50-69,50.0,70.0,20,2,0.1,60.55
semi,prospective,complete-panel-any-detector,70-79,70.0,80.0,25,3,0.12,73.6
semi,prospective,complete-panel-any-detector,80-89,80.0,90.0,21,3,0.14285714285714285,84.61904761904762
semi,prospective,complete-panel-any-detector,90-99,90.0,100.0,28,2,0.07142857142857142,91.78571428571429
semi,prospective,complete-panel-any-detector,100,100.0,101.0,75,1,0.013333333333333334,100.0
