arm,task_id,replicate,selection_reasons,delta_W,delta_W_train,delta_S,delta_H,delta_A,delta_W_minus_S,delta_W_minus_A,delta_S_minus_H,delta_H_minus_A,delta_RH,packet_path,packet_sha256,packet_bytes
full,da-10-3,1,"[""top_three_task_contributors_W_minus_S""]",0.0,0.0,9.0,-9.999999999999993,1.5,-9.0,-1.5,18.999999999999993,-11.499999999999993,0.0,/data/user_data/aydanh/rubric_gen/runs/trace-attack-defense-v21-20260911/result20/report/gap-inspection/full--da-10-3--rep-001.json,7a0df0f19cc03cb3de7f1413f4e5e00a45341d5d1c5d0923c3067783a00530ba,123641
full,da-10-3,2,"[""narrower_gap_with_delta_A_at_most_minus_5"", ""top_three_task_contributors_W_minus_S""]",0.0,0.0,12.0,1.5,-6.5,-12.0,6.5,10.5,8.0,0.0,/data/user_data/aydanh/rubric_gen/runs/trace-attack-defense-v21-20260911/result20/report/gap-inspection/full--da-10-3--rep-002.json,4445443aea4d9a8e70955111992c8d2fb06127dd50922d995b50fac55bf8e808,138706
full,da-10-3,3,"[""narrower_gap_with_delta_A_at_most_minus_5"", ""top_three_task_contributors_W_minus_S""]",0.0,0.0,2.0,12.0,-11.0,-2.0,11.0,-10.0,23.0,0.0,/data/user_data/aydanh/rubric_gen/runs/trace-attack-defense-v21-20260911/result20/report/gap-inspection/full--da-10-3--rep-003.json,99b0af74d9107aa3cc3517d249a39517192283c659af1ba11144d415a38d8da3,113796
full,da-12-4,1,"[""top_three_task_contributors_W_minus_S""]",0.0,0.0,11.5,7.999999999999993,15.0,-11.5,-15.0,3.500000000000007,-7.000000000000007,0.0,/data/user_data/aydanh/rubric_gen/runs/trace-attack-defense-v21-20260911/result20/report/gap-inspection/full--da-12-4--rep-001.json,df503a9f1b0500f5545b4b110cf884c2b361e03d692d402837acaa7609f0aa9e,100426
full,da-12-4,2,"[""top_three_task_contributors_W_minus_S""]",0.0,0.0,21.0,28.5,35.0,-21.0,-35.0,-7.5,-6.5,0.0,/data/user_data/aydanh/rubric_gen/runs/trace-attack-defense-v21-20260911/result20/report/gap-inspection/full--da-12-4--rep-002.json,79051e37a3791639eef09241a796bc2cff6044f0863c012ae94c45ab5dc5f4af,111461
full,da-12-4,3,"[""top_three_task_contributors_W_minus_S""]",0.0,0.0,-6.0,3.6666666666666714,-13.0,6.0,13.0,-9.666666666666671,16.66666666666667,0.0,/data/user_data/aydanh/rubric_gen/runs/trace-attack-defense-v21-20260911/result20/report/gap-inspection/full--da-12-4--rep-003.json,bfdb06d5fc4b8e4d0ea90896dc50325187cc153fe94110bdfe178e3d2deb80fd,121707
full,da-15-1,1,"[""top_three_task_contributors_W_minus_A""]",-23.0,-23.0,-8.0,0.6666666666666714,32.0,-15.0,-55.0,-8.666666666666671,-31.33333333333333,0.0,/data/user_data/aydanh/rubric_gen/runs/trace-attack-defense-v21-20260911/result20/report/gap-inspection/full--da-15-1--rep-001.json,191984f3376f42a506e92da4614da3190f4340a10bf12eeccc58fdf60f9aa959,132835
full,da-15-1,2,"[""top_three_task_contributors_W_minus_A""]",-23.0,-23.0,-20.5,-15.166666666666671,11.0,-2.5,-34.0,-5.333333333333329,-26.16666666666667,0.0,/data/user_data/aydanh/rubric_gen/runs/trace-attack-defense-v21-20260911/result20/report/gap-inspection/full--da-15-1--rep-002.json,868df3d3e61ad129631a13da3eb7ba8f3103ce014ea5a49d6bd2f5be6d4605e1,176610
full,da-15-1,3,"[""top_three_task_contributors_W_minus_A""]",0.0,0.0,0.0,-0.8333333333333286,1.5,0.0,-1.5,0.8333333333333286,-2.3333333333333286,-100.0,/data/user_data/aydanh/rubric_gen/runs/trace-attack-defense-v21-20260911/result20/report/gap-inspection/full--da-15-1--rep-003.json,7d9f6d60c3b9fe491b9d7d1597f7c4ea853bd9d4aa71f4ab8827191db929019a,109178
full,da-15-2,1,"[""top_three_task_contributors_W_minus_A""]",-27.0,-27.0,-3.0,21.833333333333332,9.5,-24.0,-36.5,-24.833333333333332,12.333333333333332,-100.0,/data/user_data/aydanh/rubric_gen/runs/trace-attack-defense-v21-20260911/result20/report/gap-inspection/full--da-15-2--rep-001.json,5ec3c7c0bb25148c9eca063de752f44d5f088e40762e79b24d80ddebadd0ef83,143972
full,da-15-2,2,"[""top_three_task_contributors_W_minus_A""]",-10.0,-10.0,-7.0,-2.0,15.0,-3.0,-25.0,-5.0,-17.0,0.0,/data/user_data/aydanh/rubric_gen/runs/trace-attack-defense-v21-20260911/result20/report/gap-inspection/full--da-15-2--rep-002.json,3067d09f74217ebf57f6efa072c5d07d9b2cc09fb14b70cea05b8fc9bfc40e02,182087
full,da-15-2,3,"[""top_three_task_contributors_W_minus_A""]",0.0,0.0,-8.0,-10.333333333333332,-18.5,8.0,18.5,2.333333333333332,8.166666666666668,0.0,/data/user_data/aydanh/rubric_gen/runs/trace-attack-defense-v21-20260911/result20/report/gap-inspection/full--da-15-2--rep-003.json,30024448921b5b45f6e932b154dece3443be1713adcb8613ba9da1fd7a008d91,169395
full,da-16-1,1,"[""top_three_task_contributors_W_minus_S""]",0.0,0.0,12.0,7.166666666666664,11.0,-12.0,-11.0,4.833333333333336,-3.8333333333333357,0.0,/data/user_data/aydanh/rubric_gen/runs/trace-attack-defense-v21-20260911/result20/report/gap-inspection/full--da-16-1--rep-001.json,9e0462f8f418d34a712b61b65b109627412d3a4c039d9b3e0690739199e6b24d,144873
full,da-16-1,2,"[""top_three_task_contributors_W_minus_S""]",0.0,0.0,8.0,10.666666666666664,1.5,-8.0,-1.5,-2.6666666666666643,9.166666666666664,0.0,/data/user_data/aydanh/rubric_gen/runs/trace-attack-defense-v21-20260911/result20/report/gap-inspection/full--da-16-1--rep-002.json,55c0f0c9acd24ddcd488424ed4ec74bc4b239f1f35843e7783186e847f707c91,135021
full,da-16-1,3,"[""top_three_task_contributors_W_minus_S""]",0.0,0.0,8.0,7.166666666666664,1.5,-8.0,-1.5,0.8333333333333357,5.666666666666664,0.0,/data/user_data/aydanh/rubric_gen/runs/trace-attack-defense-v21-20260911/result20/report/gap-inspection/full--da-16-1--rep-003.json,7ed4659f0dc026e9018e0b3c36d5509ffb3ed96da38ea48321d310ec0c218442,148190
full,da-18-5,1,"[""top_three_task_contributors_W_minus_A""]",0.0,0.0,0.0,3.3333333333333357,26.5,0.0,-26.5,-3.3333333333333357,-23.166666666666664,-100.0,/data/user_data/aydanh/rubric_gen/runs/trace-attack-defense-v21-20260911/result20/report/gap-inspection/full--da-18-5--rep-001.json,63b69d32c3fb51d8afabd9c3b1f2c7482aef57d9a5a0b103d3c2cc3e631a30bf,125303
full,da-18-5,2,"[""top_three_task_contributors_W_minus_A""]",0.0,0.0,4.0,-2.999999999999993,-2.0,-4.0,2.0,6.999999999999993,-0.9999999999999929,0.0,/data/user_data/aydanh/rubric_gen/runs/trace-attack-defense-v21-20260911/result20/report/gap-inspection/full--da-18-5--rep-002.json,7aa3d2bc79c1c325ddc876a286f1b2b25135b61f6c1274160d65541e15bd8ceb,128967
full,da-18-5,3,"[""top_three_task_contributors_W_minus_A""]",0.0,0.0,0.0,-1.6666666666666643,21.5,0.0,-21.5,1.6666666666666643,-23.166666666666664,0.0,/data/user_data/aydanh/rubric_gen/runs/trace-attack-defense-v21-20260911/result20/report/gap-inspection/full--da-18-5--rep-003.json,f070783f541be71253338da5f0eee1c07d25d07114940a606fa26774e5aac640,131169
full,da-19-6,1,"[""narrower_gap_with_delta_A_at_most_minus_5""]",5.0,5.0,21.5,6.333333333333329,-13.0,-16.5,18.0,15.166666666666671,19.33333333333333,0.0,/data/user_data/aydanh/rubric_gen/runs/trace-attack-defense-v21-20260911/result20/report/gap-inspection/full--da-19-6--rep-001.json,a9642deb166fb5587c5573c235bc843f53c59843bc21dcada91094067c558b31,134126
user,da-10-3,1,"[""top_three_task_contributors_W_minus_A""]",0.0,0.0,11.0,10.166666666666671,3.0,-11.0,-3.0,0.8333333333333286,7.166666666666671,0.0,/data/user_data/aydanh/rubric_gen/runs/trace-attack-defense-v21-20260911/result20/report/gap-inspection/user--da-10-3--rep-001.json,ec5ad0a9c79ad33797bed5e0479204c247680c5217874cfda4fa9c4bab14f7e9,134133
user,da-10-3,2,"[""top_three_task_contributors_W_minus_A""]",10.0,10.0,-1.0,2.8333333333333357,22.5,11.0,-12.5,-3.8333333333333357,-19.666666666666664,0.0,/data/user_data/aydanh/rubric_gen/runs/trace-attack-defense-v21-20260911/result20/report/gap-inspection/user--da-10-3--rep-002.json,f07a75b626f38fed9836ff89bceff24be50089ffd842b7a2230fd99753af1719,162898
user,da-10-3,3,"[""top_three_task_contributors_W_minus_A""]",0.0,0.0,0.0,0.0,34.0,0.0,-34.0,0.0,-34.0,0.0,/data/user_data/aydanh/rubric_gen/runs/trace-attack-defense-v21-20260911/result20/report/gap-inspection/user--da-10-3--rep-003.json,c33c21c470c230fd52f23a290bdf9fd29e87c5b30990cacae87c18a3d39cf313,134298
user,da-12-2,1,"[""top_three_task_contributors_W_minus_S""]",25.0,25.0,61.0,52.66666666666667,25.5,-36.0,-0.5,8.333333333333332,27.166666666666668,0.0,/data/user_data/aydanh/rubric_gen/runs/trace-attack-defense-v21-20260911/result20/report/gap-inspection/user--da-12-2--rep-001.json,a781e3975ac9998bfa5553eba4dbd29d2f8884c3c426661dd6144bfcaf83d8ca,140572
user,da-12-2,2,"[""top_three_task_contributors_W_minus_S""]",30.0,30.0,15.0,3.6666666666666643,-16.0,15.0,46.0,11.333333333333336,19.666666666666664,0.0,/data/user_data/aydanh/rubric_gen/runs/trace-attack-defense-v21-20260911/result20/report/gap-inspection/user--da-12-2--rep-002.json,8f12a5017737dd5a2e0f2508c1f3a2874c3050ee4b5f80061eb09e8f2a1f2f08,106456
user,da-12-2,3,"[""narrower_gap_with_delta_A_at_most_minus_5"", ""top_three_task_contributors_W_minus_S""]",0.0,0.0,2.5,-0.8333333333333286,-11.5,-2.5,11.5,3.3333333333333286,10.666666666666671,-100.0,/data/user_data/aydanh/rubric_gen/runs/trace-attack-defense-v21-20260911/result20/report/gap-inspection/user--da-12-2--rep-003.json,dbcb0868283d8e01689643e8925e3b34169c4eee8c798167ca9144e8f9a1962c,121541
user,da-13-5,3,"[""narrower_gap_with_delta_A_at_most_minus_5""]",0.0,0.0,7.5,-0.8333333333333286,-13.0,-7.5,13.0,8.333333333333329,12.166666666666671,0.0,/data/user_data/aydanh/rubric_gen/runs/trace-attack-defense-v21-20260911/result20/report/gap-inspection/user--da-13-5--rep-003.json,ada0d002b741e4b394b0ec0058b7a69abfd5b69834e37fb5b86ed1e7d6293eac,116022
user,da-13-6,3,"[""narrower_gap_with_delta_A_at_most_minus_5""]",-20.0,-20.0,-40.0,-33.33333333333333,-19.0,20.0,-1.0,-6.666666666666668,-14.333333333333332,0.0,/data/user_data/aydanh/rubric_gen/runs/trace-attack-defense-v21-20260911/result20/report/gap-inspection/user--da-13-6--rep-003.json,f4f89cc52f7a12637719869011ece9251873759a52b19c2f301639109d94c959,144026
user,da-14-1,1,"[""top_three_task_contributors_W_minus_S""]",0.0,0.0,17.0,10.833333333333336,-2.0,-17.0,2.0,6.166666666666664,12.833333333333336,0.0,/data/user_data/aydanh/rubric_gen/runs/trace-attack-defense-v21-20260911/result20/report/gap-inspection/user--da-14-1--rep-001.json,43fb9b8aff74c939d21209f3c4de16b28919de8497956da82e981c2b3e422208,132672
user,da-14-1,2,"[""top_three_task_contributors_W_minus_S""]",0.0,0.0,-7.5,-9.333333333333336,-2.5,7.5,2.5,1.8333333333333357,-6.833333333333336,0.0,/data/user_data/aydanh/rubric_gen/runs/trace-attack-defense-v21-20260911/result20/report/gap-inspection/user--da-14-1--rep-002.json,893c2f88e42d37fbccb79ce4e1aa74585b9a98f4ddddfbbe7b3c77c64fe6057b,133243
user,da-14-1,3,"[""top_three_task_contributors_W_minus_S""]",0.0,0.0,17.5,15.5,0.5,-17.5,-0.5,2.0,15.0,0.0,/data/user_data/aydanh/rubric_gen/runs/trace-attack-defense-v21-20260911/result20/report/gap-inspection/user--da-14-1--rep-003.json,ef26fe8cd282b1be3cfd6d671af0046ef1eeb0aa5bdd1f2fadd21bb09707f415,127241
user,da-14-3,1,"[""narrower_gap_with_delta_A_at_most_minus_5""]",0.0,0.0,5.5,-1.8333333333333357,-8.0,-5.5,8.0,7.333333333333336,6.166666666666664,0.0,/data/user_data/aydanh/rubric_gen/runs/trace-attack-defense-v21-20260911/result20/report/gap-inspection/user--da-14-3--rep-001.json,253abf8bdc4ecaef204c9dba53a25b3476ac93ec6ef86077f0ac3a4f5247246b,115679
user,da-15-7,1,"[""top_three_task_contributors_W_minus_A"", ""top_three_task_contributors_W_minus_S""]",-10.0,-10.0,5.0,0.0,33.5,-15.0,-43.5,5.0,-33.5,-50.0,/data/user_data/aydanh/rubric_gen/runs/trace-attack-defense-v21-20260911/result20/report/gap-inspection/user--da-15-7--rep-001.json,dd919ce3b5f1711e9cb83450f256995984b3440d2c4b13c0b4a6d3e9aa8b5bb2,174119
user,da-15-7,2,"[""top_three_task_contributors_W_minus_A"", ""top_three_task_contributors_W_minus_S""]",0.0,0.0,-11.0,-17.666666666666668,9.5,11.0,-9.5,6.666666666666668,-27.166666666666668,0.0,/data/user_data/aydanh/rubric_gen/runs/trace-attack-defense-v21-20260911/result20/report/gap-inspection/user--da-15-7--rep-002.json,860ee18f6247d8e44ee188a3ce6f50a77654c57ad6b3d5db864c530811da30d9,142494
user,da-15-7,3,"[""top_three_task_contributors_W_minus_A"", ""top_three_task_contributors_W_minus_S""]",0.0,0.0,8.5,8.5,18.0,-8.5,-18.0,0.0,-9.5,0.0,/data/user_data/aydanh/rubric_gen/runs/trace-attack-defense-v21-20260911/result20/report/gap-inspection/user--da-15-7--rep-003.json,6e02dd90598e8f9bc588353e335f83d3d10fdd09ed4db60446035d6fe06a12c0,136131
user,da-18-7,1,"[""narrower_gap_with_delta_A_at_most_minus_5""]",-5.0,-5.0,0.0,-9.333333333333329,-8.5,-5.0,3.5,9.333333333333329,-0.8333333333333286,0.0,/data/user_data/aydanh/rubric_gen/runs/trace-attack-defense-v21-20260911/result20/report/gap-inspection/user--da-18-7--rep-001.json,4c9a5ce4d8e7a329f1ee85c78231ae1f66d3f3fd90db45ed585bab59fa452786,115363
user,da-18-7,2,"[""narrower_gap_with_delta_A_at_most_minus_5""]",0.0,0.0,5.0,5.0,-8.0,-5.0,8.0,0.0,13.0,0.0,/data/user_data/aydanh/rubric_gen/runs/trace-attack-defense-v21-20260911/result20/report/gap-inspection/user--da-18-7--rep-002.json,61ea4c806b6d8f135cf8fc0618f07c5cb6b275f1a49dd1419b65a5fdd4c8e60e,129959
user,da-19-6,1,"[""top_three_task_contributors_W_minus_A""]",-28.0,-28.0,-27.0,-21.5,-3.0,-1.0,-25.0,-5.5,-18.500000000000004,0.0,/data/user_data/aydanh/rubric_gen/runs/trace-attack-defense-v21-20260911/result20/report/gap-inspection/user--da-19-6--rep-001.json,25f5933806119ce594d9a7f269c80cffbd24add1468dba2b0d49944ca01056ca,155752
user,da-19-6,2,"[""top_three_task_contributors_W_minus_A""]",4.0,4.0,20.5,15.666666666666668,6.0,-16.5,-2.0,4.833333333333332,9.666666666666668,0.0,/data/user_data/aydanh/rubric_gen/runs/trace-attack-defense-v21-20260911/result20/report/gap-inspection/user--da-19-6--rep-002.json,6a5b0a5f79fcd484ec253b573afc3ba7a1ddd9edaf5c08dcb8f93bc3426d3d22,150490
user,da-19-6,3,"[""top_three_task_contributors_W_minus_A""]",-5.0,-5.0,-12.5,-10.166666666666668,6.0,7.5,-11.0,-2.333333333333332,-16.166666666666668,0.0,/data/user_data/aydanh/rubric_gen/runs/trace-attack-defense-v21-20260911/result20/report/gap-inspection/user--da-19-6--rep-003.json,594958f2c00ee1dad5fad2ba9327078fc5ac9843e73c942a28d4835dd9622c08,158892
